<?xml version='1.0' encoding='utf-8'?><article><en><title>Congratulations! FusionExcel Team wins Chess Championship. </title><content>&lt;p&gt;
	Congratulations to the FusionExcel Team, comprising 4 of&amp;nbsp;Malaysia&amp;#39;s top chess players (FM Nicholas Chan, FM Mok Tze Meng, FM Lim Yee Weng and FM Ooi Chern Ee)&amp;nbsp;for winning&amp;nbsp;the Tun Syed Zahiruddin Cup (Open Chess Team Tournament) 2007/2008 ! This prestigious&amp;nbsp;tournament was held on 16 March 2008 at the Dewan Sri Tanjung , Kolej Kediaman Tun Syed Zahiruddin (KK9), Universiti Malaya.&amp;nbsp;&lt;br /&gt;
	&lt;br /&gt;
	Once again, FusionExcel&amp;#39;s Quantum Pendant provides the winning edge!.&lt;/p&gt;
&lt;br /&gt;
&lt;br /&gt;
&lt;table border=&quot;0&quot; cellpadding=&quot;0&quot; cellspacing=&quot;0&quot; width=&quot;100%&quot;&gt;
	&lt;tbody&gt;
		&lt;tr valign=&quot;top&quot;&gt;
			&lt;td width=&quot;50%&quot;&gt;
				&lt;img height=&quot;265&quot; src=&quot;http://fusionexcel.com/imgnews/chess1.jpg&quot; width=&quot;354&quot; /&gt;&lt;/td&gt;
			&lt;td align=&quot;right&quot;&gt;
				&lt;img height=&quot;265&quot; src=&quot;http://fusionexcel.com/imgnews/chess2.jpg&quot; width=&quot;354&quot; /&gt;&lt;/td&gt;
		&lt;/tr&gt;
	&lt;/tbody&gt;
&lt;/table&gt;
&lt;p&gt;
	&amp;nbsp;&lt;/p&gt;
</content><meta><description>Congratulations! FusionExcel Team wins Chess Championship. </description><keyword>Congratulations! FusionExcel Team wins Chess Championship. </keyword><robots>all</robots><author>KLHunter</author></meta></en><bm><title>Congratulations! FusionExcel Team wins Chess Championship. </title><content></content><meta><description>Congratulations! FusionExcel Team wins Chess Championship. </description><keyword>Congratulations! FusionExcel Team wins Chess Championship. </keyword><robots>all</robots><author>KLHunter</author></meta></bm><chi><title>Congratulations! FusionExcel Team wins Chess Championship. </title><content></content><meta><description>Congratulations! FusionExcel Team wins Chess Championship. </description><keyword>Congratulations! FusionExcel Team wins Chess Championship. </keyword><robots>all</robots><author>KLHunter</author></meta></chi></article>