<?xml version="1.0" encoding="utf-8"?>
<article><en><title>Official Appointment</title><content>
&lt;table border="0" cellpadding="0" cellspacing="0" style="color: rgb(0, 0, 0); font-family: 'Times New Roman'; background-color: rgb(238, 240, 252); font-size: medium; " width="100%"&gt;
	&lt;tbody&gt;
		&lt;tr&gt;
			&lt;td class="content" style="font-family: Verdana, Arial, Helvetica, sans-serif; font-size: 13px; text-align: justify; " valign="top"&gt;
				FusionExcel is pleased to announce the official appointment of International Golf Long Drive Specialist, Jean Daniels, as our company&amp;#39;s spokesman for our amazing Quantum Pendant. Jean Daniels&amp;#39; personal experiences and endorsement of FE&amp;#39;s Quantum Pendant will take FusionExcel to the next level of growth. Welcome, Jean!&lt;/td&gt;
		&lt;/tr&gt;
		&lt;tr&gt;
			&lt;td valign="top"&gt;
				&lt;strong&gt;&lt;a class="content style1" href="http://fusionexcel.com/products_testimonials.html#6" style="font-family: Verdana, Arial, Helvetica, sans-serif; font-size: 13px; color: rgb(255, 0, 0); text-align: justify; "&gt;Click Here to Read Jean Daniel&amp;#39;s Testimonial&lt;/a&gt;&lt;/strong&gt;&lt;/td&gt;
		&lt;/tr&gt;
		&lt;tr&gt;
			&lt;td valign="top"&gt;
				&amp;nbsp;&lt;/td&gt;
		&lt;/tr&gt;
		&lt;tr&gt;
			&lt;td valign="top"&gt;
				&lt;table border="0" cellpadding="0" cellspacing="0" width="100%"&gt;
					&lt;tbody&gt;
						&lt;tr&gt;
							&lt;td valign="top" width="32%"&gt;
								&lt;img height="211" src="http://fusionexcel.com/imgnews/news_spokesman_jeandaniels01.jpg" width="218" /&gt;&lt;/td&gt;
							&lt;td align="center" valign="top" width="35%"&gt;
								&lt;img height="211" src="http://fusionexcel.com/imgnews/news_spokesman_jeandaniels02.jpg" width="216" /&gt;&lt;/td&gt;
							&lt;td align="right" valign="top" width="33%"&gt;
								&lt;img height="209" src="http://fusionexcel.com/imgnews/news_spokesman_jeandaniels03.jpg" width="262" /&gt;&lt;/td&gt;
						&lt;/tr&gt;
					&lt;/tbody&gt;
				&lt;/table&gt;
			&lt;/td&gt;
		&lt;/tr&gt;
	&lt;/tbody&gt;
&lt;/table&gt;</content><meta><description>Jean Daniels talking about his experiences with FE Quantum Pendant at HQ on Wednesday,

28th March 2007.</description><keyword></keyword><robots>all</robots><author>KLHunter</author></meta></en><bm><title>Testimonial Of Alisa Simms, Singer, Queen Of Chicago Soul.</title><content></content><meta><description>Testimonial Of Alisa Simms, Singer, Queen Of Chicago Soul.</description><keyword>Testimonial Of Alisa Simms, Singer, Queen Of Chicago Soul.</keyword><robots>all</robots><author>KLHunter</author></meta></bm><chi><title>Testimonial Of Alisa Simms, Singer, Queen Of Chicago Soul.</title><content></content><meta><description>Testimonial Of Alisa Simms, Singer, Queen Of Chicago Soul.</description><keyword>Testimonial Of Alisa Simms, Singer, Queen Of Chicago Soul.</keyword><robots>all</robots><author>KLHunter</author></meta></chi></article>
