<?xml version="1.0" encoding="utf-8"?>
<article><en><title>QP Wearers, Filipino Basketball Stars, Allan Caidic &amp; Samboy Lim!</title><content>&lt;table border="0" cellpadding="0" cellspacing="0" width="100%"&gt;
	&lt;tbody&gt;
		&lt;tr valign="top"&gt;
			&lt;td colspan="2"&gt;
				&lt;table border="0" cellpadding="0" cellspacing="0" width="100%"&gt;
					&lt;tbody&gt;
						&lt;tr&gt;
							&lt;td valign="top" width="23%"&gt;
								&lt;a href="http://en.wikipedia.org/wiki/Allan_Caidic"&gt;&lt;img border="0" height="221" src="http://fusionexcel.com/imgnews/basketballstars2.jpg" width="147" /&gt;&lt;/a&gt;&lt;/td&gt;
							&lt;td valign="top" width="77%"&gt;
								Former PBA Stars -Allan Caidic and Samboy Lim&amp;nbsp;are both household names in the Philippines. Allan is considered the greatest outside shooter the country has ever produced, earning the moniker &amp;quot; The Triggerman&amp;quot;. Allan was also voted as one of the 25 greatest PBA players to ever play the game ( Samboy Lim is among the 25 ).&amp;nbsp;&lt;br /&gt;
								&lt;br /&gt;
								Samboy is such an aerial artist in basketball that he is known as the&amp;nbsp;&lt;br /&gt;
								&amp;quot; Skywalker &amp;quot; of the Philippines.&amp;nbsp;&lt;br /&gt;
								( Michael Jordan is the original Skywalker ).&amp;nbsp;&lt;br /&gt;
								&lt;br /&gt;
								Samboy has great testimonials of FE&amp;#39;s QP , especially of his 74 years old nanay ( grandmother).&lt;/td&gt;
						&lt;/tr&gt;
					&lt;/tbody&gt;
				&lt;/table&gt;
			&lt;/td&gt;
		&lt;/tr&gt;
		&lt;tr valign="top"&gt;
			&lt;td width="50%"&gt;
				&lt;img height="240" src="http://fusionexcel.com/imgnews/basketballstars1.jpg" width="353" /&gt;&lt;/td&gt;
			&lt;td align="right"&gt;
				&lt;img height="240" src="http://fusionexcel.com/imgnews/basketballstars3.jpg" width="353" /&gt;&lt;/td&gt;
		&lt;/tr&gt;
	&lt;/tbody&gt;
&lt;/table&gt;
</content><meta><description>Quantum Pendant Wearers, Filipino Basketball Stars, Allan Caidic &amp; Samboy Lim.</description><keyword>Quantum Pendant Wearers, Filipino Basketball Stars, Allan Caidic, Samboy Lim, The Triggerman, PBA players, aerial artist, Skywalker, testimonials</keyword><robots>all</robots><author>KLHunter</author></meta></en><bm><title>QP Wearers, Filipino Basketball Stars, Allan Caidic &amp; Samboy Lim!</title><content></content><meta><description>QP Wearers, Filipino Basketball Stars, Allan Caidic &amp; Samboy Lim!</description><keyword>QP Wearers, Filipino Basketball Stars, Allan Caidic &amp; Samboy Lim!</keyword><robots>all</robots><author>KLHunter</author></meta></bm><chi><title>QP Wearers, Filipino Basketball Stars, Allan Caidic &amp; Samboy Lim!</title><content></content><meta><description>QP Wearers, Filipino Basketball Stars, Allan Caidic &amp; Samboy Lim!</description><keyword>QP Wearers, Filipino Basketball Stars, Allan Caidic &amp; Samboy Lim!</keyword><robots>all</robots><author>KLHunter</author></meta></chi></article>
