<?xml version="1.0" encoding="utf-8"?>
<article><en><title>PBA Kings (Philippines Basketball Association  - Professional League) Team.  - The Barangay Ginebra Gin, Doing Demonstrations With Quantum Pendant.</title><content>&lt;div&gt;
	&lt;table border="0" cellpadding="0" cellspacing="0" width="100%"&gt;
		&lt;tbody&gt;
			&lt;tr valign="top"&gt;
				&lt;td&gt;
					&lt;table border="0" cellpadding="0" cellspacing="0" width="100%"&gt;
						&lt;tbody&gt;
							&lt;tr&gt;
								&lt;td valign="top" width="50%"&gt;
									&lt;img height="232" src="http://fusionexcel.com/imgnews/pbaKings1.jpg" width="350" /&gt;&lt;/td&gt;
								&lt;td align="right" rowspan="2" valign="top" width="50%"&gt;
									&lt;img height="481" src="http://fusionexcel.com/imgnews/pbaKings2.jpg" width="350" /&gt;&lt;/td&gt;
							&lt;/tr&gt;
							&lt;tr&gt;
								&lt;td valign="top" width="50%"&gt;
									&lt;img height="232" src="http://fusionexcel.com/imgnews/pbaKings3.jpg" width="350" /&gt;&lt;/td&gt;
							&lt;/tr&gt;
						&lt;/tbody&gt;
					&lt;/table&gt;
				&lt;/td&gt;
			&lt;/tr&gt;
		&lt;/tbody&gt;
	&lt;/table&gt;
&lt;/div&gt;
</content><meta><description>PBA Kings (Philippines Basketball Association - Professional League) Team - The Barangay Ginebra Gin, Doing Demonstrations with Quantum Pendant.</description><keyword>PBA Kings, Philippines Basketball Association, Professional League, Team, The Barangay Ginebra Gin, Doing Demonstrations with Quantum Pendant</keyword><robots>all</robots><author>KLHunter</author></meta></en><bm><title>PBA Kings (Philippines Basketball Association  - Professional League) Team.  - The Barangay Ginebra Gin, Doing Demonstrations with Quantum Pendant.</title><content></content><meta><description>PBA Kings (Philippines Basketball Association  - Professional League) Team. 
- The Barangay Ginebra Gin, Doing Demonstrations with Quantum Pendant.</description><keyword>PBA Kings (Philippines Basketball Association  - Professional League) Team. 
- The Barangay Ginebra Gin, Doing Demonstrations with Quantum Pendant.</keyword><robots>all</robots><author>KLHunter</author></meta></bm><chi><title>PBA Kings (Philippines Basketball Association  - Professional League) Team.  - The Barangay Ginebra Gin, Doing Demonstrations with Quantum Pendant.</title><content></content><meta><description>PBA Kings (Philippines Basketball Association  - Professional League) Team. 
- The Barangay Ginebra Gin, Doing Demonstrations with Quantum Pendant.</description><keyword>PBA Kings (Philippines Basketball Association  - Professional League) Team. 
- The Barangay Ginebra Gin, Doing Demonstrations with Quantum Pendant.</keyword><robots>all</robots><author>KLHunter</author></meta></chi></article>
