<?xml version="1.0" encoding="utf-8"?>
<article><en><title>Surech Kuppusamy, World Class Mountaineer.</title><content>&lt;table background="img/testimonial_bg.jpg" border="0" cellpadding="0" cellspacing="0" style="color: rgb(0, 0, 0); font-family: Verdana, Arial, Helvetica, sans-serif; font-size: 13px; text-align: justify; background-color: rgb(238, 240, 252); " width="100%"&gt;
	&lt;tbody&gt;
		&lt;tr&gt;
		&lt;/tr&gt;
		&lt;tr bgcolor="#EEF0FC"&gt;
			&lt;td&gt;
				&lt;table border="0" cellpadding="0" cellspacing="0" width="100%"&gt;
					&lt;tbody&gt;
						&lt;tr&gt;
							&lt;td&gt;
								&lt;table border="0" cellpadding="0" cellspacing="0" width="100%"&gt;
									&lt;tbody&gt;
										&lt;tr&gt;
											&lt;td height="10"&gt;
												&lt;a href="http://fusionexcel.com/news_worldclass.html" style="color: rgb(0, 0, 0); text-decoration: none; "&gt;&amp;gt;&amp;gt; FusionExcel Sponsors Surech Kuppusamy, World Class Mountaineer &amp;amp; Quantum Pendant Wearer&lt;/a&gt;.&lt;/td&gt;
											&lt;td height="10"&gt;
												&amp;nbsp;&lt;/td&gt;
										&lt;/tr&gt;
										&lt;tr&gt;
											&lt;td height="10"&gt;
												&lt;table border="0" cellpadding="0" cellspacing="0" width="100%"&gt;
													&lt;tbody&gt;
														&lt;tr&gt;
															&lt;td align="center"&gt;
																&lt;img height="203" src="http://fusionexcel.com/imgnews/surech1.jpg" width="275" /&gt;&lt;/td&gt;
															&lt;td align="center"&gt;
																&lt;img height="216" src="http://fusionexcel.com/imgnews/surech7.jpg" width="275" /&gt;&lt;/td&gt;
														&lt;/tr&gt;
														&lt;tr&gt;
															&lt;td align="center" width="50%"&gt;
																&amp;nbsp;&lt;/td&gt;
															&lt;td align="center" class="header_title" style="font-size: 11px; font-weight: bold; " width="50%"&gt;
																Surech At Cho Oyu 8,201 Metres - Peak.&lt;/td&gt;
														&lt;/tr&gt;
													&lt;/tbody&gt;
												&lt;/table&gt;
											&lt;/td&gt;
											&lt;td height="10"&gt;
												&amp;nbsp;&lt;/td&gt;
										&lt;/tr&gt;
										&lt;tr&gt;
											&lt;td align="center" height="10"&gt;
												&lt;img height="219" src="http://fusionexcel.com/imgnews/surech5.jpg" width="275" /&gt;&lt;/td&gt;
											&lt;td align="center" height="10"&gt;
												&amp;nbsp;&lt;/td&gt;
										&lt;/tr&gt;
										&lt;tr&gt;
											&lt;td align="center" class="header_title" height="10" style="font-size: 11px; font-weight: bold; "&gt;
												Coverage By The Star Cover News (Metro) K.Surech , 28 Has Achieved His Dream Of&amp;nbsp;&lt;br /&gt;
												Climbing Ama Dablam In Eastern Nepal. He Wanted To Tackle The Peak After Learning That&amp;nbsp;&lt;br /&gt;
												The First Person To Climb Mount Everest, Sir Edmund Hilary, Had Dubbed It Unclimbable.&amp;nbsp;&lt;br /&gt;
												&amp;ndash; VLADIMIR GOENKHA&lt;/td&gt;
											&lt;td align="center" class="header_title" height="10" style="font-size: 11px; font-weight: bold; "&gt;
												&amp;nbsp;&lt;/td&gt;
										&lt;/tr&gt;
										&lt;tr&gt;
											&lt;td align="center" class="header_title" height="10" style="font-size: 11px; font-weight: bold; "&gt;
												&amp;nbsp;&lt;/td&gt;
											&lt;td align="center" class="header_title" height="10" style="font-size: 11px; font-weight: bold; "&gt;
												&amp;nbsp;&lt;/td&gt;
										&lt;/tr&gt;
										&lt;tr&gt;
											&lt;td class="content" height="10"&gt;
												Training daily for a total of 26 hours every week for up to 6 months at a time used to be very hectic for me as I have to focus on my profession as an aeronautical engineer at the same time.&lt;br /&gt;
												&lt;br /&gt;
												High altitude mountaineering is a sport which requires strong dedication and training commitment as one needs to be&amp;nbsp; truly prepared to face and endure&amp;nbsp; the worst situations&amp;nbsp;&amp;nbsp; on the world&amp;rsquo;s toughest slopes and harshest landscapes.&lt;br /&gt;
												&lt;br /&gt;
												Both the training and my career often leave me little time to&amp;nbsp;&amp;nbsp; rest and this use to affect my energy levels. About two months ago, a friend introduced me to FusionExcel&amp;rsquo;s Quantum Pendant. I was skeptical at first on being told that it could balance and enhance the body&amp;rsquo;s natural energy system, but later decided to give it a try. After two days of wearing the Quantum Pendant while on a training regime, the first thing I noticed was, I was able to &amp;lsquo;jump&amp;rsquo; between work and training with little or almost no rest. These amaze me as I could complete the weekly cycle of training without the usual feeling of lethargy I used to get. As a result, I could concentrate better on both my career and training. I have also started using the Quantum Flask for added benefit. I highly recommend both the Quantum Pendant and Quantum Flask for anyone who wants to experience optimum health and energy level.&lt;/td&gt;
											&lt;td class="content" height="10"&gt;
												&amp;nbsp;&lt;/td&gt;
										&lt;/tr&gt;
										&lt;tr&gt;
										&lt;/tr&gt;
									&lt;/tbody&gt;
								&lt;/table&gt;
							&lt;/td&gt;
						&lt;/tr&gt;
					&lt;/tbody&gt;
				&lt;/table&gt;
			&lt;/td&gt;
		&lt;/tr&gt;
	&lt;/tbody&gt;
&lt;/table&gt;
</content><meta><description>Surech Kuppusamy, World Class Mountaineer.</description><keyword>Surech Kuppusamy, World Class Mountaineer.</keyword><robots>all</robots><author>KLHunter</author></meta></en><bm><title>Surech Kuppusamy, World Class Mountaineer.</title><content></content><meta><description>Surech Kuppusamy, World Class Mountaineer.</description><keyword>Surech Kuppusamy, World Class Mountaineer.</keyword><robots>all</robots><author>KLHunter</author></meta></bm><chi><title>Surech Kuppusamy, World Class Mountaineer.</title><content></content><meta><description>Surech Kuppusamy, World Class Mountaineer.</description><keyword>Surech Kuppusamy, World Class Mountaineer.</keyword><robots>all</robots><author>KLHunter</author></meta></chi></article>
