<?xml version='1.0' encoding='utf-8'?><article><en><title>FE Donates to Children's Wish Society of Malaysia</title><content>&lt;p&gt;
	&amp;nbsp;&lt;/p&gt;
&lt;br /&gt;
&lt;br /&gt;
&lt;table border=&quot;0&quot; cellpadding=&quot;0&quot; cellspacing=&quot;0&quot; width=&quot;100%&quot;&gt;
	&lt;tbody&gt;
		&lt;tr&gt;
			&lt;td align=&quot;left&quot; valign=&quot;top&quot; width=&quot;50%&quot;&gt;
				&lt;img height=&quot;232&quot; src=&quot;http://fusionexcel.com/imgnews/childrenwish2.jpg&quot; width=&quot;355&quot; /&gt;&lt;/td&gt;
			&lt;td align=&quot;right&quot; valign=&quot;top&quot; width=&quot;50%&quot;&gt;
				&lt;img height=&quot;232&quot; src=&quot;http://fusionexcel.com/imgnews/childrenwish1.jpg&quot; width=&quot;355&quot; /&gt;&lt;/td&gt;
		&lt;/tr&gt;
	&lt;/tbody&gt;
&lt;/table&gt;
&lt;table cellpadding=&quot;0&quot; cellspacing=&quot;0&quot;&gt;
	&lt;tbody&gt;
		&lt;tr&gt;
			&lt;td align=&quot;left&quot; height=&quot;252&quot; valign=&quot;top&quot;&gt;
				&lt;div align=&quot;justify&quot;&gt;
					&lt;br /&gt;
					&lt;br /&gt;
					FE is pleased to announce a donation of RM 16,500 (RM10,000 from FE and RM 6,500 from FE members) to The Children&amp;#39;s Wish Society of Malaysia during FE&amp;rsquo;s PGRM Dinner Event on 19th April 2008.&lt;br /&gt;
					&lt;br /&gt;
					&lt;br /&gt;
					The Children&amp;rsquo;s Wish Society of Malaysia is being established in memory of Erica Karen Hubbert, a 9 &amp;frac12; year old Malaysian girl who was diagnosed with leukemia in June 2006 and left us 6 weeks later. She was one of the thousands of Malaysian children who are diagnosed with a terminal illness every year. The purpose of The Children&amp;rsquo;s Wish Society of Malaysia is to be able to grant a wish that any of these children may make. It might be an item like a Gameboy, video player, a holiday, a birthday party in hospital, become an honourary Fireman or meet their favourite tv or sports celebrity.&lt;br /&gt;
					&lt;br /&gt;
					The Founder of The Children&amp;#39;s Wish Society of Malaysia is&amp;nbsp;&lt;strong&gt;Allan Hubbert&lt;/strong&gt;&amp;nbsp;and it&amp;#39;s Board of Directors are:&lt;br /&gt;
					&lt;br /&gt;
					&lt;strong&gt;Tan Sri Ramon Navaratnam&lt;/strong&gt;, President&amp;nbsp; - Transparency International Malaysia.&lt;br /&gt;
					&lt;br /&gt;
					&lt;strong&gt;Dr. Su-Lin Chong&lt;/strong&gt;, CEO - Sunway Medical Center.&lt;br /&gt;
					&lt;br /&gt;
					&lt;strong&gt;YB Dato&amp;rsquo; Lee Hwa Beng&lt;/strong&gt;, Politician Subang Jaya.&lt;br /&gt;
					&lt;br /&gt;
					&lt;strong&gt;Professor Dr. Wan Ariffin Abdullah&lt;/strong&gt;, Professor of Pediatrics UMMC.&amp;nbsp;&lt;br /&gt;
					&lt;br /&gt;
					&lt;strong&gt;Professor Dr. Ishwar Parhar&lt;/strong&gt;, School of Medicine, Monash University Malaysia Campus.&lt;br /&gt;
					&lt;br /&gt;
					&lt;strong&gt;Teoh Teik Hoong&lt;/strong&gt;, Consultant and Editor SJ Echo Community Paper.&amp;nbsp;&lt;br /&gt;
					&lt;br /&gt;
					&lt;strong&gt;Lim Ai Mee&lt;/strong&gt;, Sales Operations IBM Malaysia Sdn. Bhd.&lt;/div&gt;
			&lt;/td&gt;
		&lt;/tr&gt;
	&lt;/tbody&gt;
&lt;/table&gt;
&lt;p&gt;
	&lt;br /&gt;
	&amp;nbsp;&lt;/p&gt;
&lt;p&gt;
	&amp;nbsp;&lt;/p&gt;
</content><meta><description>FE Donates to Children's Wish Society of Malaysia</description><keyword>FE Donates to Children's Wish Society of Malaysia</keyword><robots>all</robots><author>KLHunter</author></meta></en><bm><title>FE Donates to Children's Wish Society of Malaysia</title><content></content><meta><description>FE Donates to Children's Wish Society of Malaysia</description><keyword>FE Donates to Children's Wish Society of Malaysia</keyword><robots>all</robots><author>KLHunter</author></meta></bm><chi><title>FE Donates to Children's Wish Society of Malaysia</title><content></content><meta><description>FE Donates to Children's Wish Society of Malaysia</description><keyword>FE Donates to Children's Wish Society of Malaysia</keyword><robots>all</robots><author>KLHunter</author></meta></chi></article>