<?xml version='1.0' encoding='utf-8'?><article><en><title>Crown Presidential Directors Hall Of Fame!</title><content>&lt;p&gt;
	FusionExcel International would like to congratulate the following Presidential Directors for achieving Crown Presidential Director status for outstanding performance with FE!&lt;/p&gt;
&lt;p&gt;
	To Qualify as a Crown Presidential Director you must:&lt;/p&gt;
&lt;p&gt;
	- Achieve minimum 11 Cycles per month for 6 (six) CONSECUTIVE months within each calendar year.&lt;/p&gt;
&lt;p&gt;
	As a Crown Presidential Director you will enjoy the following Benefits:&lt;/p&gt;
&lt;p&gt;
	&amp;nbsp;&lt;/p&gt;
&lt;ol&gt;
	&lt;li&gt;
		Special Recognition as a Top Performer on stage with a Special Pin, Certificate &amp;amp; Award&lt;/li&gt;
	&lt;li&gt;
		Special Recognition on Crown Presidential Director&amp;#39;s Hall of Fame on FE website&lt;/li&gt;
	&lt;li&gt;
		Priority Lane at HQ Sales Counter&lt;/li&gt;
	&lt;li&gt;
		Priority Lane at HQ Stock Pick Up Counter&lt;/li&gt;
	&lt;li&gt;
		Priority Table Booking for FE Functions&lt;/li&gt;
	&lt;li&gt;
		Priority Booking of Meeting Rooms at HQ&lt;/li&gt;
	&lt;li&gt;
		Exclusive Use of Big Conference Room 2nd Floor HQ for 2 hours (subject to booking &amp;amp; availability)&lt;/li&gt;
	&lt;li&gt;
		Exclusive Use of Crown Presidential Director Reserved Parking Bay at HQ (subject to availability)&lt;/li&gt;
&lt;/ol&gt;
&lt;p&gt;
	Once again Congratulations!&amp;nbsp;&lt;/p&gt;
&lt;p&gt;
	You have made it to the TOP at FE!&amp;nbsp;&lt;/p&gt;
</content><meta><description></description><keyword></keyword><robots></robots><author></author></meta></en><bm><title>Crown Presidential Directors Hall Of Fame!</title><content>&lt;p&gt;
	&amp;nbsp;&lt;/p&gt;
&lt;div&gt;
	&lt;p&gt;
		FusionExcel International would like to congratulate the following Presidential Directors for achieving Crown Presidential Director status for outstanding performance with FE!&lt;/p&gt;
	&lt;p&gt;
		To Qualify as a Crown Presidential Director you must:&lt;/p&gt;
	&lt;p&gt;
		- Achieve minimum 11 Cycles per month for 6 (six) CONSECUTIVE months within each calendar year.&lt;/p&gt;
	&lt;p&gt;
		As a Crown Presidential Director you will enjoy the following Benefits:&lt;/p&gt;
	&lt;p&gt;
		&amp;nbsp;&lt;/p&gt;
	&lt;ol&gt;
		&lt;li&gt;
			Special Recognition as a Top Performer on stage with a Special Pin, Certificate &amp;amp; Award&lt;/li&gt;
		&lt;li&gt;
			Special Recognition on Crown Presidential Director&amp;#39;s Hall of Fame on FE website&lt;/li&gt;
		&lt;li&gt;
			Priority Lane at HQ Sales Counter&lt;/li&gt;
		&lt;li&gt;
			Priority Lane at HQ Stock Pick Up Counter&lt;/li&gt;
		&lt;li&gt;
			Priority Table Booking for FE Functions&lt;/li&gt;
		&lt;li&gt;
			Priority Booking of Meeting Rooms at HQ&lt;/li&gt;
		&lt;li&gt;
			Exclusive Use of Big Conference Room 2nd Floor HQ for 2 hours (subject to booking &amp;amp; availability)&lt;/li&gt;
		&lt;li&gt;
			Exclusive Use of Crown Presidential Director Reserved Parking Bay at HQ (subject to availability)&lt;/li&gt;
	&lt;/ol&gt;
	&lt;p&gt;
		Once again Congratulations!&amp;nbsp;&lt;/p&gt;
	&lt;p&gt;
		You have made it to the TOP at FE!&amp;nbsp;&lt;/p&gt;
	&lt;p&gt;
		&amp;nbsp;&lt;/p&gt;
&lt;/div&gt;
&lt;p&gt;
	&amp;nbsp;&lt;/p&gt;
</content><meta><description></description><keyword></keyword><robots></robots><author></author></meta></bm><chi><title>Crown Presidential Directors Hall Of Fame!</title><content>&lt;p&gt;
	&amp;nbsp;&lt;/p&gt;
&lt;div&gt;
	&lt;p&gt;
		FusionExcel International would like to congratulate the following Presidential Directors for achieving Crown Presidential Director status for outstanding performance with FE!&lt;/p&gt;
	&lt;p&gt;
		To Qualify as a Crown Presidential Director you must:&lt;/p&gt;
	&lt;p&gt;
		- Achieve minimum 11 Cycles per month for 6 (six) CONSECUTIVE months within each calendar year.&lt;/p&gt;
	&lt;p&gt;
		As a Crown Presidential Director you will enjoy the following Benefits:&lt;/p&gt;
	&lt;p&gt;
		&amp;nbsp;&lt;/p&gt;
	&lt;ol&gt;
		&lt;li&gt;
			Special Recognition as a Top Performer on stage with a Special Pin, Certificate &amp;amp; Award&lt;/li&gt;
		&lt;li&gt;
			Special Recognition on Crown Presidential Director&amp;#39;s Hall of Fame on FE website&lt;/li&gt;
		&lt;li&gt;
			Priority Lane at HQ Sales Counter&lt;/li&gt;
		&lt;li&gt;
			Priority Lane at HQ Stock Pick Up Counter&lt;/li&gt;
		&lt;li&gt;
			Priority Table Booking for FE Functions&lt;/li&gt;
		&lt;li&gt;
			Priority Booking of Meeting Rooms at HQ&lt;/li&gt;
		&lt;li&gt;
			Exclusive Use of Big Conference Room 2nd Floor HQ for 2 hours (subject to booking &amp;amp; availability)&lt;/li&gt;
		&lt;li&gt;
			Exclusive Use of Crown Presidential Director Reserved Parking Bay at HQ (subject to availability)&lt;/li&gt;
	&lt;/ol&gt;
	&lt;p&gt;
		Once again Congratulations!&amp;nbsp;&lt;/p&gt;
	&lt;p&gt;
		You have made it to the TOP at FE!&amp;nbsp;&lt;/p&gt;
	&lt;p&gt;
		&amp;nbsp;&lt;/p&gt;
&lt;/div&gt;
&lt;p&gt;
	&amp;nbsp;&lt;/p&gt;
</content><meta><description></description><keyword></keyword><robots></robots><author></author></meta></chi></article>