<?xml version='1.0' encoding='utf-8'?><article><en><title>  A.V.S.Bathi Allimuthu, World Kick Boxing Champion.</title><content>&lt;p&gt;
	&amp;nbsp;&lt;/p&gt;
&lt;table border=&quot;0&quot; cellpadding=&quot;0&quot; cellspacing=&quot;0&quot; style=&quot;color: rgb(0, 0, 0); font-family: Verdana, Arial, Helvetica, sans-serif; font-size: 13px; text-align: justify; background-color: rgb(238, 240, 252); &quot; width=&quot;100%&quot;&gt;
	&lt;tbody&gt;
		&lt;tr&gt;
			&lt;td height=&quot;10&quot;&gt;
				&lt;table border=&quot;0&quot; cellpadding=&quot;0&quot; cellspacing=&quot;0&quot; width=&quot;100%&quot;&gt;
					&lt;tbody&gt;
						&lt;tr&gt;
							&lt;td align=&quot;center&quot; valign=&quot;top&quot; width=&quot;300&quot;&gt;
								&lt;a href=&quot;http://fusionexcel.com/news_worldclass.html&quot; style=&quot;color: rgb(0, 0, 0); text-decoration: none; &quot;&gt;&lt;img border=&quot;0&quot; height=&quot;367&quot; src=&quot;http://fusionexcel.com/imgnews/bathi.jpg&quot; width=&quot;275&quot; /&gt;&lt;/a&gt;&lt;/td&gt;
						&lt;/tr&gt;
					&lt;/tbody&gt;
				&lt;/table&gt;
			&lt;/td&gt;
		&lt;/tr&gt;
		&lt;tr&gt;
			&lt;td class=&quot;content&quot; height=&quot;10&quot;&gt;
				&lt;strong&gt;&lt;strong&gt;A.V.S. BATHI ALLIMUTHU CREDENTIALS:&lt;/strong&gt;&lt;/strong&gt;&lt;br /&gt;
				&lt;br /&gt;
				- Founder And President of Malaysia Kickboxing Federation.&lt;br /&gt;
				&amp;nbsp; (WKA).&lt;br /&gt;
				&lt;br /&gt;
				- 6th Degree Black Belt/Gold Bar Taekwon-Do (I.T.F) / WKA&lt;br /&gt;
				&amp;nbsp; KICKBOXING.&amp;nbsp;&lt;br /&gt;
				&lt;br /&gt;
				- National TaeKwon-Do Champion 1986 to 1996, Represented&lt;br /&gt;
				&amp;nbsp; Malaysia for both Kickboxing and TaeKwon-Do since 1993.&lt;br /&gt;
				&lt;br /&gt;
				- World Bronze Medalist-WKA Kickboxing Championship 2005,&amp;nbsp;&lt;br /&gt;
				&amp;nbsp; Nigara Falls, Canada World Bronze Medalist-WKA Kickboxing&lt;br /&gt;
				&amp;nbsp; 2006, Costa Blanca, Spain.&lt;br /&gt;
				&lt;br /&gt;
				- World Gold Medalist-WKA Kickboxing 2007, Karlsruhe, Germany.&lt;br /&gt;
				&lt;br /&gt;
				- The Highest Qualified and the Only Certified Examiner for&lt;br /&gt;
				&amp;nbsp; Kickboxing (WKA) in Malaysia.&lt;/td&gt;
		&lt;/tr&gt;
		&lt;tr&gt;
			&lt;td class=&quot;content&quot; height=&quot;10&quot;&gt;
				&amp;nbsp;&lt;/td&gt;
		&lt;/tr&gt;
		&lt;tr&gt;
			&lt;td class=&quot;content&quot; height=&quot;10&quot;&gt;
				I have been an active martial-arts practitioner (Kickboxing, TaeKwon-Do,Boxing &amp;amp; Silat Gayung) for 26 years both as a trainer as well as a competitor, teaching and training almost 10 to 14 hours daily. In 2005 I fractured my leg which slowed me down a bit and l have also been fighting with severe back ache for a long time.&lt;br /&gt;
				&lt;br /&gt;
				Since wearing FusionExcel&amp;rsquo;s miraculous Quantum Pendant my back ache is almost gone. Not only that, my strength and speed has increased tremendously. I am shocked by my kicks and punches, seeing how much stronger and faster they are now. In fact 14 hours a day training and teaching does not tire me as much anymore. I feel very energetic and happy, having peaceful sleep and waking up full of energy. I will never leave my home without this miraculous Quantum Pendant!p&lt;br /&gt;
				&lt;br /&gt;
				Recently I presented my parents with Quantum Pendant&amp;rsquo;s and they have managed to overcome their headaches, lack of energy and it has also helped to bring down their diabetic readings.&lt;br /&gt;
				&lt;br /&gt;
				I do Energy Healing as well and with FusionExcel&amp;rsquo;s Quantum Pendant I could feel a rush and tremendous increase in my output and I can now heal much faster and see results sooner.&lt;/td&gt;
		&lt;/tr&gt;
	&lt;/tbody&gt;
&lt;/table&gt;
&lt;p&gt;
	&amp;nbsp;&lt;/p&gt;
</content><meta><description>  A.V.S.Bathi Allimuthu, World Kick Boxing Champion.</description><keyword>  A.V.S.Bathi Allimuthu, World Kick Boxing Champion.</keyword><robots>all</robots><author>KLHunter</author></meta></en><bm><title>  A.V.S.Bathi Allimuthu, World Kick Boxing Champion.</title><content></content><meta><description>  A.V.S.Bathi Allimuthu, World Kick Boxing Champion.</description><keyword>  A.V.S.Bathi Allimuthu, World Kick Boxing Champion.</keyword><robots>all</robots><author>KLHunter</author></meta></bm><chi><title>  A.V.S.Bathi Allimuthu, World Kick Boxing Champion.</title><content></content><meta><description>  A.V.S.Bathi Allimuthu, World Kick Boxing Champion.</description><keyword>  A.V.S.Bathi Allimuthu, World Kick Boxing Champion.</keyword><robots>all</robots><author>KLHunter</author></meta></chi></article>