<?xml version='1.0' encoding='utf-8'?><article><en><title> Elvera Ruby G. Mariona, Becker Muscular Dystrophy.</title><content>&lt;p&gt;
	&amp;nbsp;&lt;/p&gt;
&lt;table border=&quot;0&quot; cellpadding=&quot;0&quot; cellspacing=&quot;0&quot; style=&quot;color: rgb(0, 0, 0); font-family: Verdana, Arial, Helvetica, sans-serif; font-size: 13px; text-align: justify; background-color: rgb(238, 240, 252); &quot; width=&quot;100%&quot;&gt;
	&lt;tbody&gt;
		&lt;tr&gt;
			&lt;td align=&quot;center&quot; width=&quot;50%&quot;&gt;
				&lt;img height=&quot;337&quot; src=&quot;http://fusionexcel.com/imgnews/testimonial_elvera1.jpg&quot; width=&quot;264&quot; /&gt;&lt;/td&gt;
			&lt;td align=&quot;center&quot; width=&quot;50%&quot;&gt;
				&lt;img height=&quot;337&quot; src=&quot;http://fusionexcel.com/imgnews/testimonial_elvera2.jpg&quot; width=&quot;264&quot; /&gt;&lt;/td&gt;
		&lt;/tr&gt;
		&lt;tr&gt;
			&lt;td class=&quot;content&quot; colspan=&quot;2&quot; height=&quot;10&quot;&gt;
				Elvera Ruby G. Mariano, Fourth child of Rev. Claudio &amp;amp; Elsie G. Mariano. She was born on 31th January 1998, through Caesarian Section, weighing 10.4 lbs. Physically, she looked normal until Prep School. Age 3, She became prone to sickness. At age 7, we noticed that she gets tired easily just by walking short distances and also, her intellectual ability was left behind. We consulted a Pediatrician and the results said that she&amp;rsquo;s malnourished. From a born big baby, she grew weak and thin. In spite of being sickly, she was promoted to grade 2 but unable to read properly. 26th December 2006, Another Pediatrician gave an impression of her being malnourished. The diagnosis was the same with the others that we have consulted. As a mother, I have contested to the impression because many malnourished kids can walk properly, climb stairways fast, etc. unlike Elvera. She was given proper foods and attention but still, her situation got worse and led us to another consultation. We shared her condition to a teacher friend named Dr.Cleofe Palac. She conducted Behavioral and IQ Tests and found out that Elvera&amp;rsquo;s verbal areas of examination are equivalent to age 4 while her non-verbal areas are still in her age. With the results taken, they have deferred the result in muscular dystrophy that might be the cause of her intellectual deficiency. Further evaluation on muscular dystrophy has been recommended. In May 2007, we consulted a Neurologist. Along with the laboratory tests such as CPK muscles test, 2D Echo test, she was diagnosed of a very rare disease, the Becker Muscular Dystrophy. June 2007, she was given a medication of oral steroids and physical therapy three times a week. This helped Elvera to gain weight and improve her health but early this year, January 2008, we noticed that she can no longer go upstairs by herself. At that same month, Dr. Macalinao introduced to us the so-called &amp;ldquo;Quantum Pendant&amp;rdquo;, a pendant with scalar energy. He lent us the pendant for a night to test the effect. Surprisingly, the results were good. Elvera can go upstairs all by herself and walk longer distances without getting easily exhausted. We really praise God for the opportunity given to us by being beneficiaries of the Quantum Pendant. We pray that God will use this for the regeneration of her muscles.&lt;br /&gt;
				&lt;br /&gt;
				&lt;strong&gt;- Elvera Ruby G. Mariona&lt;/strong&gt;&lt;/td&gt;
		&lt;/tr&gt;
		&lt;tr&gt;
		&lt;/tr&gt;
	&lt;/tbody&gt;
&lt;/table&gt;
&lt;br /&gt;
</content><meta><description> Elvera Ruby G. Mariona, Becker Muscular Dystrophy.</description><keyword> Elvera Ruby G. Mariona, Becker Muscular Dystrophy.</keyword><robots>all</robots><author>KLHunter</author></meta></en><bm><title> Elvera Ruby G. Mariona, Becker Muscular Dystrophy.</title><content></content><meta><description> Elvera Ruby G. Mariona, Becker Muscular Dystrophy.</description><keyword> Elvera Ruby G. Mariona, Becker Muscular Dystrophy.</keyword><robots>all</robots><author>KLHunter</author></meta></bm><chi><title> Elvera Ruby G. Mariona, Becker Muscular Dystrophy.</title><content></content><meta><description> Elvera Ruby G. Mariona, Becker Muscular Dystrophy.</description><keyword> Elvera Ruby G. Mariona, Becker Muscular Dystrophy.</keyword><robots>all</robots><author>KLHunter</author></meta></chi></article>