<?xml version='1.0' encoding='utf-8'?><article><en><title>FE demos with Ex-Governor of Bulacan province, Philippines, Josefina Mendoza-Dela Cruz.</title><content>&lt;p&gt;
	&amp;nbsp;&lt;/p&gt;
&lt;table border=&quot;0&quot; cellpadding=&quot;0&quot; cellspacing=&quot;0&quot; style=&quot;color: rgb(0, 0, 0); font-family: 'Times New Roman'; background-color: rgb(238, 240, 252); font-size: medium; &quot; width=&quot;100%&quot;&gt;
	&lt;tbody&gt;
		&lt;tr&gt;
			&lt;td class=&quot;content&quot; style=&quot;font-family: Verdana, Arial, Helvetica, sans-serif; font-size: 13px; text-align: justify; &quot; valign=&quot;top&quot;&gt;
				&lt;table border=&quot;0&quot; cellpadding=&quot;0&quot; cellspacing=&quot;0&quot; width=&quot;100%&quot;&gt;
					&lt;tbody&gt;
						&lt;tr&gt;
							&lt;td class=&quot;content&quot; valign=&quot;top&quot;&gt;
								FE met and presented the Quantum Pendant to Ex-Governor of Bulacan province, Philippines, Josefina Mendoza-Dela Cruz, who is now the Special Advisor to the current governor of Bulacan province (her brother).&lt;br /&gt;
								&lt;br /&gt;
								Ex-Governor Josefina was very impressed with the demonstrations and benefits of FE&amp;#39;s Quantum Pendant, and is keen to explore the marketing of FE&amp;#39;s Quantum Pendant in the Philippines and overseas through the vast overseas Filipino workers (OFW) network. There are 9 million OFWs around the world, with almost a million in California alone. The potential for FE&amp;#39;s Quantum Pendant globally is huge!&lt;br /&gt;
								&lt;br /&gt;
								Left to Right : Paolo Bugayong, Jun Tupaz (political strategist), Joel Valdes (chairman of Philippine-Swiss Business Council), Jeremiah Looi, Ex-Governor Josefina Mendoza-Dela Cruz, Paul Ting and KC Phoon.&lt;br /&gt;
								&amp;nbsp;&lt;/td&gt;
						&lt;/tr&gt;
						&lt;tr&gt;
							&lt;td class=&quot;content&quot; valign=&quot;top&quot;&gt;
								&lt;table border=&quot;0&quot; cellpadding=&quot;0&quot; cellspacing=&quot;0&quot; width=&quot;100%&quot;&gt;
									&lt;tbody&gt;
										&lt;tr valign=&quot;top&quot;&gt;
											&lt;td&gt;
												&lt;img height=&quot;263&quot; src=&quot;http://fusionexcel.com/imgnews/exgoverno1.jpg&quot; width=&quot;354&quot; /&gt;&lt;/td&gt;
											&lt;td align=&quot;right&quot;&gt;
												&lt;img height=&quot;263&quot; src=&quot;http://fusionexcel.com/imgnews/exgoverno2.jpg&quot; width=&quot;354&quot; /&gt;&lt;/td&gt;
										&lt;/tr&gt;
										&lt;tr valign=&quot;top&quot;&gt;
											&lt;td width=&quot;50%&quot;&gt;
												&lt;img height=&quot;263&quot; src=&quot;http://fusionexcel.com/imgnews/exgoverno3.jpg&quot; width=&quot;354&quot; /&gt;&lt;/td&gt;
											&lt;td align=&quot;left&quot;&gt;
												&lt;img height=&quot;263&quot; src=&quot;http://fusionexcel.com/imgnews/exgoverno4.jpg&quot; width=&quot;168&quot; /&gt;&lt;/td&gt;
										&lt;/tr&gt;
										&lt;tr valign=&quot;top&quot;&gt;
										&lt;/tr&gt;
									&lt;/tbody&gt;
								&lt;/table&gt;
							&lt;/td&gt;
						&lt;/tr&gt;
					&lt;/tbody&gt;
				&lt;/table&gt;
			&lt;/td&gt;
		&lt;/tr&gt;
	&lt;/tbody&gt;
&lt;/table&gt;
&lt;p&gt;
	&amp;nbsp;&lt;/p&gt;
</content><meta><description>FE demos with Ex-Governor of Bulacan province, Philippines, Josefina Mendoza-Dela Cruz.</description><keyword>FE demos with Ex-Governor of Bulacan province, Philippines, Josefina Mendoza-Dela Cruz.</keyword><robots>all</robots><author>KLHunter</author></meta></en><bm><title>FE demos with Ex-Governor of Bulacan province, Philippines, Josefina Mendoza-Dela Cruz.</title><content></content><meta><description>FE demos with Ex-Governor of Bulacan province, Philippines, Josefina Mendoza-Dela Cruz.</description><keyword>FE demos with Ex-Governor of Bulacan province, Philippines, Josefina Mendoza-Dela Cruz.</keyword><robots>all</robots><author>KLHunter</author></meta></bm><chi><title>FE demos with Ex-Governor of Bulacan province, Philippines, Josefina Mendoza-Dela Cruz.</title><content></content><meta><description>FE demos with Ex-Governor of Bulacan province, Philippines, Josefina Mendoza-Dela Cruz.</description><keyword>FE demos with Ex-Governor of Bulacan province, Philippines, Josefina Mendoza-Dela Cruz.</keyword><robots>all</robots><author>KLHunter</author></meta></chi></article>