<?xml version='1.0' encoding='utf-8'?><article><en><title>FE Donates QPs to Perwira K9 Wheelchair Basketball Dream Team </title><content>&lt;p&gt;
	&amp;nbsp;&lt;/p&gt;
&lt;table border=&quot;0&quot; cellpadding=&quot;0&quot; cellspacing=&quot;0&quot; style=&quot;color: rgb(0, 0, 0); font-family: 'Times New Roman'; background-color: rgb(238, 240, 252); font-size: medium; &quot; width=&quot;100%&quot;&gt;
	&lt;tbody&gt;
		&lt;tr&gt;
			&lt;td class=&quot;content&quot; style=&quot;font-family: Verdana, Arial, Helvetica, sans-serif; font-size: 13px; text-align: justify; &quot;&gt;
				FE is proud to donate QPs to Perwira K9 Malaysia&amp;rsquo;s Wheelchair Basketball Dream Team to help them perform better in competitions. Perwira K9 is a multi racial and a non governmental organization that depends solely on the public for support. The committee is managed by the disabled who are all wheelchair bound.&amp;nbsp;&lt;br /&gt;
				&lt;br /&gt;
				The Chairman of Perwira K9 Malaysia is Ras Adiba Radzi. The Founder &amp;amp; Advisor is Chong Tuck Meng PJK. YB Dato Seri Mohd Radzi bin Sheikh Ahmad (former Minister of Home Affairs) is also an Advisor to Perwira K9 Malaysia.&amp;nbsp;&lt;/td&gt;
		&lt;/tr&gt;
		&lt;tr&gt;
			&lt;td&gt;
				&lt;table border=&quot;0&quot; cellpadding=&quot;0&quot; cellspacing=&quot;0&quot; width=&quot;100%&quot;&gt;
					&lt;tbody&gt;
						&lt;tr valign=&quot;top&quot;&gt;
							&lt;td width=&quot;50%&quot;&gt;
								&lt;img height=&quot;265&quot; src=&quot;http://fusionexcel.com/imgnews/perwira1.jpg&quot; width=&quot;354&quot; /&gt;&lt;/td&gt;
							&lt;td align=&quot;right&quot;&gt;
								&lt;img height=&quot;265&quot; src=&quot;http://fusionexcel.com/imgnews/perwira2.jpg&quot; width=&quot;354&quot; /&gt;&lt;/td&gt;
						&lt;/tr&gt;
						&lt;tr valign=&quot;top&quot;&gt;
							&lt;td&gt;
								&lt;img height=&quot;265&quot; src=&quot;http://fusionexcel.com/imgnews/perwira3.jpg&quot; width=&quot;354&quot; /&gt;&lt;/td&gt;
							&lt;td align=&quot;right&quot;&gt;
								&lt;img height=&quot;265&quot; src=&quot;http://fusionexcel.com/imgnews/perwira4.jpg&quot; width=&quot;354&quot; /&gt;&lt;/td&gt;
						&lt;/tr&gt;
						&lt;tr valign=&quot;top&quot;&gt;
							&lt;td&gt;
								&lt;img height=&quot;265&quot; src=&quot;http://fusionexcel.com/imgnews/perwira5.jpg&quot; width=&quot;354&quot; /&gt;&lt;/td&gt;
							&lt;td align=&quot;right&quot;&gt;
								&lt;img height=&quot;265&quot; src=&quot;http://fusionexcel.com/imgnews/perwira6.jpg&quot; width=&quot;354&quot; /&gt;&lt;/td&gt;
						&lt;/tr&gt;
					&lt;/tbody&gt;
				&lt;/table&gt;
			&lt;/td&gt;
		&lt;/tr&gt;
	&lt;/tbody&gt;
&lt;/table&gt;
&lt;p&gt;
	&amp;nbsp;&lt;/p&gt;
</content><meta><description>FE Donates QPs to Perwira K9 Wheelchair Basketball Dream Team </description><keyword>FE Donates QPs to Perwira K9 Wheelchair Basketball Dream Team </keyword><robots>all</robots><author>KLHunter</author></meta></en><bm><title>FE Donates QPs to Perwira K9 Wheelchair Basketball Dream Team </title><content></content><meta><description>FE Donates QPs to Perwira K9 Wheelchair Basketball Dream Team </description><keyword>FE Donates QPs to Perwira K9 Wheelchair Basketball Dream Team </keyword><robots>all</robots><author>KLHunter</author></meta></bm><chi><title>FE Donates QPs to Perwira K9 Wheelchair Basketball Dream Team </title><content></content><meta><description>FE Donates QPs to Perwira K9 Wheelchair Basketball Dream Team </description><keyword>FE Donates QPs to Perwira K9 Wheelchair Basketball Dream Team </keyword><robots>all</robots><author>KLHunter</author></meta></chi></article>