<?xml version='1.0' encoding='utf-8'?><article><en><title>Samboy Lim (Skywalker) Doing Demonsrations At The NBI (National Bureau of Investigation). </title><content>&lt;p&gt;
	&amp;nbsp;&lt;/p&gt;
&lt;table border=&quot;0&quot; cellpadding=&quot;0&quot; cellspacing=&quot;0&quot; style=&quot;color: rgb(0, 0, 0); font-family: 'Times New Roman'; background-color: rgb(238, 240, 252); font-size: medium; &quot; width=&quot;100%&quot;&gt;
	&lt;tbody&gt;
		&lt;tr&gt;
			&lt;td class=&quot;content&quot; style=&quot;font-family: Verdana, Arial, Helvetica, sans-serif; font-size: 13px; text-align: justify; &quot; valign=&quot;top&quot;&gt;
				FE is growing leaps and bounds in the Philippines! Photo show FE&amp;rsquo;s Philippines Spokesman, Basketball Legend, Samboy Lim (Skywalker) doing demonstrations at the NBI (National Bureau of Investigation).&amp;nbsp;&lt;/td&gt;
		&lt;/tr&gt;
		&lt;tr&gt;
			&lt;td align=&quot;center&quot; valign=&quot;top&quot;&gt;
				&lt;img height=&quot;362&quot; src=&quot;http://fusionexcel.com/imgnews/pspokeman1.jpg&quot; width=&quot;285&quot; /&gt;&lt;/td&gt;
		&lt;/tr&gt;
		&lt;tr&gt;
			&lt;td align=&quot;center&quot; valign=&quot;top&quot;&gt;
				&lt;img height=&quot;277&quot; src=&quot;http://fusionexcel.com/imgnews/pspokeman2.jpg&quot; width=&quot;398&quot; /&gt;&lt;/td&gt;
		&lt;/tr&gt;
		&lt;tr&gt;
			&lt;td align=&quot;center&quot; class=&quot;smallhead&quot; style=&quot;font-family: Verdana, Arial, Helvetica, sans-serif; font-size: 11px; font-weight: bold; &quot; valign=&quot;top&quot;&gt;
				Cellular Phone Test: Explaining the negative effect of&amp;nbsp;&lt;br /&gt;
				e-smog (emf) on us and how it destabilize our&amp;nbsp;&lt;br /&gt;
				natural bio field.&lt;/td&gt;
		&lt;/tr&gt;
		&lt;tr&gt;
			&lt;td align=&quot;center&quot; valign=&quot;top&quot;&gt;
				&lt;img height=&quot;277&quot; src=&quot;http://fusionexcel.com/imgnews/pspokeman3.jpg&quot; width=&quot;398&quot; /&gt;&lt;/td&gt;
		&lt;/tr&gt;
		&lt;tr&gt;
			&lt;td align=&quot;center&quot; class=&quot;smallhead&quot; style=&quot;font-family: Verdana, Arial, Helvetica, sans-serif; font-size: 11px; font-weight: bold; &quot; valign=&quot;top&quot;&gt;
				Flexibility Test: A vast difference of 12-14 inches.&lt;/td&gt;
		&lt;/tr&gt;
		&lt;tr&gt;
			&lt;td align=&quot;center&quot; valign=&quot;top&quot;&gt;
				&lt;img height=&quot;277&quot; src=&quot;http://fusionexcel.com/imgnews/pspokeman4.jpg&quot; width=&quot;398&quot; /&gt;&lt;/td&gt;
		&lt;/tr&gt;
		&lt;tr&gt;
			&lt;td align=&quot;center&quot; class=&quot;smallhead&quot; style=&quot;font-family: Verdana, Arial, Helvetica, sans-serif; font-size: 11px; font-weight: bold; &quot; valign=&quot;top&quot;&gt;
				Strength Test: Dramatic increase of strength and&amp;nbsp;&lt;br /&gt;
				balance for&lt;strong&gt;&amp;nbsp;Atty. Angelito Magno&amp;nbsp;&lt;/strong&gt;&lt;br /&gt;
				(Chief of Special Action Unit).&lt;/td&gt;
		&lt;/tr&gt;
		&lt;tr&gt;
			&lt;td align=&quot;center&quot; valign=&quot;top&quot;&gt;
				&lt;img height=&quot;277&quot; src=&quot;http://fusionexcel.com/imgnews/pspokeman5.jpg&quot; width=&quot;398&quot; /&gt;&lt;/td&gt;
		&lt;/tr&gt;
		&lt;tr&gt;
			&lt;td align=&quot;center&quot; class=&quot;smallhead&quot; style=&quot;font-family: Verdana, Arial, Helvetica, sans-serif; font-size: 11px; font-weight: bold; &quot; valign=&quot;top&quot;&gt;
				&lt;strong&gt;L to R :&lt;/strong&gt;&amp;nbsp;(DFA Special Agent)&amp;nbsp;&lt;strong&gt;Napoleon&lt;/strong&gt;, Samboy Lim,&amp;nbsp;&lt;br /&gt;
				&lt;strong&gt;Atty. Victor Bessat&lt;/strong&gt;&amp;nbsp;&lt;br /&gt;
				(Deputy Director of Special Investigation Services)&lt;br /&gt;
				and Jeremy.&lt;/td&gt;
		&lt;/tr&gt;
		&lt;tr&gt;
		&lt;/tr&gt;
	&lt;/tbody&gt;
&lt;/table&gt;
&lt;br /&gt;
</content><meta><description>Samboy Lim (Skywalker) Doing Demonsrations At The NBI (National Bureau of Investigation). </description><keyword>Samboy Lim (Skywalker) Doing Demonsrations At The NBI (National Bureau of Investigation). </keyword><robots>all</robots><author>KLHunter</author></meta></en><bm><title>Samboy Lim (Skywalker) Doing Demonsrations At The NBI (National Bureau of Investigation). </title><content></content><meta><description>Samboy Lim (Skywalker) Doing Demonsrations At The NBI (National Bureau of Investigation). </description><keyword>Samboy Lim (Skywalker) Doing Demonsrations At The NBI (National Bureau of Investigation). </keyword><robots>all</robots><author>KLHunter</author></meta></bm><chi><title>Samboy Lim (Skywalker) Doing Demonsrations At The NBI (National Bureau of Investigation). </title><content></content><meta><description>Samboy Lim (Skywalker) Doing Demonsrations At The NBI (National Bureau of Investigation). </description><keyword>Samboy Lim (Skywalker) Doing Demonsrations At The NBI (National Bureau of Investigation). </keyword><robots>all</robots><author>KLHunter</author></meta></chi></article>