<?xml version='1.0' encoding='utf-8'?><article><en><title>Letter of Appreciation from Judge Lorenzo B Venaracion. </title><content>&lt;p&gt;
	&amp;nbsp;&lt;/p&gt;
&lt;table border=&quot;0&quot; cellpadding=&quot;0&quot; cellspacing=&quot;0&quot; style=&quot;color: rgb(0, 0, 0); font-family: 'Times New Roman'; background-color: rgb(238, 240, 252); font-size: medium; &quot; width=&quot;100%&quot;&gt;
	&lt;tbody&gt;
		&lt;tr&gt;
			&lt;td&gt;
				&lt;table border=&quot;0&quot; cellpadding=&quot;0&quot; cellspacing=&quot;0&quot; width=&quot;100%&quot;&gt;
					&lt;tbody&gt;
						&lt;tr valign=&quot;top&quot;&gt;
							&lt;td width=&quot;50%&quot;&gt;
								&lt;img height=&quot;264&quot; src=&quot;http://fusionexcel.com/imgnews/letter1.jpg&quot; width=&quot;354&quot; /&gt;&lt;/td&gt;
							&lt;td align=&quot;right&quot;&gt;
								&lt;img height=&quot;264&quot; src=&quot;http://fusionexcel.com/imgnews/manila23.jpg&quot; width=&quot;354&quot; /&gt;&lt;/td&gt;
						&lt;/tr&gt;
						&lt;tr valign=&quot;top&quot;&gt;
							&lt;td class=&quot;content&quot; colspan=&quot;2&quot; style=&quot;font-family: Verdana, Arial, Helvetica, sans-serif; font-size: 13px; text-align: justify; &quot;&gt;
								&lt;p&gt;
									&lt;a href=&quot;http://fusionexcel.com/news_payatas.html&quot;&gt;Video FE Sponsors the Children of Payatas, Philippines&lt;/a&gt;&lt;/p&gt;
								&lt;p&gt;
									Dear Mr. Paul Ting:&lt;br /&gt;
									&lt;br /&gt;
									I wish to reiterate my deep appreciation for your donation of Peso 250,000 for the Health/Nutrition/Literacy Program for disadvantaged Payatas children in Quezon City, Metro Manila in the Philippines. &amp;nbsp;This is indeed an &amp;quot;answered prayer&amp;quot; for Soup Kitchen / Light House Center for Children, and you and FusionExcel International are the &amp;quot;Angels of God&amp;quot; being used by our Great God to bless our disadvantaged children. I am also sending the copy of our Official Receipt Number 096 for your record.&lt;br /&gt;
									&lt;br /&gt;
									I wish to inform you also that aside from the Health/Nutrition (feeding) program, our Light House Center for Children is also undertaking the Smarter Program for our student clientele that will enable the parents to create learning environment at home, cultivate passion for learning, motivate kids to love learning and develop excellent study habits intended to train S.T.A.R. Leaders, Smarter, Transformational, Active &amp;amp; Righteous Leaders for our country.&lt;br /&gt;
									&lt;br /&gt;
									Part of your donation will be used to implement this Smarter Program which is integrated in the Elementary and High School Curriculum for SY 2008-09 through the holding of Workshop on May 19th, and for Training the Mentors (Smarter Specialists) set on 20th-22th May 2008 for the members of the faculty of our Praise Emerald International School, the educational component of Soup Kitchen/Lighthouse Center for Children Foundations, Inc.&lt;br /&gt;
									&lt;br /&gt;
									I will submit to you the reports on these forthcoming activities after their conclusion.&amp;nbsp; The report on the Health/Nutrition (Feeding) Program shall also be forwarded to you to show the progress of the program.&lt;br /&gt;
									&lt;br /&gt;
									I wish to reiterate also my deep appreciation for your desire to make this partnership as part of the CSR program of FE International, which is indeed laudable and shall set the pace for other multinational companies in the Philippine business scene to copy and emulate.&lt;br /&gt;
									&lt;br /&gt;
									You have the assurance that our Great God will definitely return to you and to FE International this generosity a thousand fold in some other ways.&amp;nbsp; We are all praying for you and FE International for your investments in the Philippines shall be crowned with success, and that through your leadership, FE International shall attain its global goal of making people all over the world enjoy the health benefits of our products.&lt;br /&gt;
									&lt;br /&gt;
									Thank you very much again, and I pray that God&amp;#39;s Favor and Grace shall be with you always.&lt;br /&gt;
									&lt;br /&gt;
									Sincerely yours,&lt;br /&gt;
									&lt;br /&gt;
									JUDGE LORENZO B. VENERACION.&lt;br /&gt;
									&lt;br /&gt;
									President &amp;amp; Executive Trustee.&lt;br /&gt;
									Soup Kitchen/Lighthouse Center for Children Foundation, Inc.&lt;br /&gt;
									Praise Emerald International. School Foundation, Inc.&lt;br /&gt;
									Charter President, Rotary Club of Quezon City North.&lt;/p&gt;
								&lt;table border=&quot;0&quot; width=&quot;100%&quot;&gt;
									&lt;tbody&gt;
										&lt;tr&gt;
											&lt;td&gt;
												&lt;img height=&quot;252&quot; src=&quot;http://fusionexcel.com/imgnews/letter2.jpg&quot; width=&quot;336&quot; /&gt;&lt;/td&gt;
											&lt;td align=&quot;center&quot;&gt;
												&lt;img height=&quot;252&quot; src=&quot;http://fusionexcel.com/imgnews/letter3.jpg&quot; width=&quot;180&quot; /&gt;&lt;/td&gt;
											&lt;td align=&quot;right&quot;&gt;
												&lt;img height=&quot;252&quot; src=&quot;http://fusionexcel.com/imgnews/letter4.jpg&quot; width=&quot;180&quot; /&gt;&lt;/td&gt;
										&lt;/tr&gt;
									&lt;/tbody&gt;
								&lt;/table&gt;
							&lt;/td&gt;
						&lt;/tr&gt;
					&lt;/tbody&gt;
				&lt;/table&gt;
			&lt;/td&gt;
		&lt;/tr&gt;
	&lt;/tbody&gt;
&lt;/table&gt;
&lt;p&gt;
	&amp;nbsp;&lt;/p&gt;
</content><meta><description>Letter of Appreciation from Judge Lorenzo B Venaracion. </description><keyword>Letter of Appreciation from Judge Lorenzo B Venaracion. </keyword><robots>all</robots><author>KLHunter</author></meta></en><bm><title>Letter of Appreciation from Judge Lorenzo B Venaracion. </title><content></content><meta><description>Letter of Appreciation from Judge Lorenzo B Venaracion. </description><keyword>Letter of Appreciation from Judge Lorenzo B Venaracion. </keyword><robots>all</robots><author>KLHunter</author></meta></bm><chi><title>Letter of Appreciation from Judge Lorenzo B Venaracion. </title><content></content><meta><description>Letter of Appreciation from Judge Lorenzo B Venaracion. </description><keyword>Letter of Appreciation from Judge Lorenzo B Venaracion. </keyword><robots>all</robots><author>KLHunter</author></meta></chi></article>