<?xml version='1.0' encoding='utf-8'?><article><en><title>School of Networking (Philippines) 30th May 2008.</title><content>&lt;p&gt;
	&amp;nbsp;&lt;/p&gt;
&lt;br /&gt;
&lt;div&gt;
	&lt;img height=&quot;450&quot; src=&quot;http://fusionexcel.com/imgnews/networking.jpg&quot; width=&quot;600&quot; /&gt;&lt;/div&gt;
</content><meta><description>School of Networking (Philippines) 30th May 2008.</description><keyword>School of Networking (Philippines) 30th May 2008.</keyword><robots>all</robots><author>KLHunter</author></meta></en><bm><title>School of Networking (Philippines) 30th May 2008.</title><content></content><meta><description>School of Networking (Philippines) 30th May 2008.</description><keyword>School of Networking (Philippines) 30th May 2008.</keyword><robots>all</robots><author>KLHunter</author></meta></bm><chi><title>School of Networking (Philippines) 30th May 2008.</title><content></content><meta><description>School of Networking (Philippines) 30th May 2008.</description><keyword>School of Networking (Philippines) 30th May 2008.</keyword><robots>all</robots><author>KLHunter</author></meta></chi></article>