<?xml version='1.0' encoding='utf-8'?><article><en><title>FE Welcomes Canadian QP Wearer, Former Professional Football Player, Paul Swaby.</title><content>&lt;p&gt;
	FE&amp;#39;s QP is&amp;nbsp;spreading throughout the world like wildfire! Photos show&amp;nbsp;Canadian QP Wearer, former Professional Football Player, Paul Swaby, who is a motivational speaker and an author. Paul Swaby is currently&amp;nbsp;working on his second book. His first book is titled &amp;quot;ONE PERCENT&amp;quot;.&lt;img height=&quot;640&quot; src=&quot;http://fusionexcel.com/imgnews/canadian.jpg&quot; width=&quot;480&quot; /&gt;&lt;img height=&quot;454&quot; src=&quot;http://fusionexcel.com/imgnews/canadian2.jpg&quot; width=&quot;600&quot; /&gt;&lt;img height=&quot;621&quot; src=&quot;http://fusionexcel.com/imgnews/canadian3.jpg&quot; width=&quot;480&quot; /&gt;&lt;/p&gt;
</content><meta><description>FE Welcomes Canadian QP Wearer, Former Professional Football Player, Paul Swaby.</description><keyword>FE Welcomes Canadian QP Wearer, Former Professional Football Player, Paul Swaby.</keyword><robots>all</robots><author>KLHunter</author></meta></en><bm><title>FE Welcomes Canadian QP Wearer, Former Professional Football Player, Paul Swaby.</title><content></content><meta><description>FE Welcomes Canadian QP Wearer, Former Professional Football Player, Paul Swaby.</description><keyword>FE Welcomes Canadian QP Wearer, Former Professional Football Player, Paul Swaby.</keyword><robots>all</robots><author>KLHunter</author></meta></bm><chi><title>FE Welcomes Canadian QP Wearer, Former Professional Football Player, Paul Swaby.</title><content></content><meta><description>FE Welcomes Canadian QP Wearer, Former Professional Football Player, Paul Swaby.</description><keyword>FE Welcomes Canadian QP Wearer, Former Professional Football Player, Paul Swaby.</keyword><robots>all</robots><author>KLHunter</author></meta></chi></article>