<?xml version='1.0' encoding='utf-8'?><article><en><title>FE Philippines Official Launching 31st May 2008. </title><content>&lt;p&gt;
	&lt;br /&gt;
	&lt;br /&gt;
	&lt;img height=&quot;453&quot; src=&quot;http://fusionexcel.com/imgnews/son2.jpg&quot; width=&quot;600&quot; /&gt;&lt;/p&gt;
</content><meta><description>FE Philippines Official Launching 31st May 2008. </description><keyword>FE Philippines Official Launching 31st May 2008. </keyword><robots>all</robots><author>KLHunter</author></meta></en><bm><title>FE Philippines Official Launching 31st May 2008. </title><content></content><meta><description>FE Philippines Official Launching 31st May 2008. </description><keyword>FE Philippines Official Launching 31st May 2008. </keyword><robots>all</robots><author>KLHunter</author></meta></bm><chi><title>FE Philippines Official Launching 31st May 2008. </title><content></content><meta><description>FE Philippines Official Launching 31st May 2008. </description><keyword>FE Philippines Official Launching 31st May 2008. </keyword><robots>all</robots><author>KLHunter</author></meta></chi></article>