<?xml version='1.0' encoding='utf-8'?><article><en><title>FusionExcel Achievers Recognition Dinner 07th June 2008.</title><content>&lt;p&gt;
	&lt;img height=&quot;449&quot; src=&quot;http://fusionexcel.com/imgnews/dinner.jpg&quot; style=&quot;color: rgb(0, 0, 0); font-family: 'Times New Roman'; text-align: -webkit-center; background-color: rgb(238, 240, 252); font-size: medium; &quot; width=&quot;600&quot; /&gt;&lt;/p&gt;
</content><meta><description>FusionExcel Achievers Recognition Dinner 07th June 2008.</description><keyword>FusionExcel Achievers Recognition Dinner 07th June 2008.</keyword><robots>all</robots><author>KLHunter</author></meta></en><bm><title>FusionExcel Achievers Recognition Dinner 07th June 2008.</title><content></content><meta><description>FusionExcel Achievers Recognition Dinner 07th June 2008.</description><keyword>FusionExcel Achievers Recognition Dinner 07th June 2008.</keyword><robots>all</robots><author>KLHunter</author></meta></bm><chi><title>FusionExcel Achievers Recognition Dinner 07th June 2008.</title><content></content><meta><description>FusionExcel Achievers Recognition Dinner 07th June 2008.</description><keyword>FusionExcel Achievers Recognition Dinner 07th June 2008.</keyword><robots>all</robots><author>KLHunter</author></meta></chi></article>