<?xml version='1.0' encoding='utf-8'?><article><en><title>FE Presents Quantum Watch to President Gloria Macapagal-Arroyo of the Philippines! </title><content>&lt;p&gt;
	&lt;img height=&quot;420&quot; src=&quot;http://fusionexcel.com/imgnews/macapagal.jpg&quot; style=&quot;color: rgb(0, 0, 0); font-family: 'Times New Roman'; text-align: -webkit-center; background-color: rgb(238, 240, 252); font-size: medium; &quot; width=&quot;491&quot; /&gt;&lt;/p&gt;
</content><meta><description>FE Presents Quantum Watch to President Gloria Macapagal-Arroyo of the Philippines! </description><keyword>FE Presents Quantum Watch to President Gloria Macapagal-Arroyo of the Philippines! </keyword><robots>all</robots><author>KLHunter</author></meta></en><bm><title>FE Presents Quantum Watch to President Gloria Macapagal-Arroyo of the Philippines! </title><content></content><meta><description>FE Presents Quantum Watch to President Gloria Macapagal-Arroyo of the Philippines! </description><keyword>FE Presents Quantum Watch to President Gloria Macapagal-Arroyo of the Philippines! </keyword><robots>all</robots><author>KLHunter</author></meta></bm><chi><title>FE Presents Quantum Watch to President Gloria Macapagal-Arroyo of the Philippines! </title><content></content><meta><description>FE Presents Quantum Watch to President Gloria Macapagal-Arroyo of the Philippines! </description><keyword>FE Presents Quantum Watch to President Gloria Macapagal-Arroyo of the Philippines! </keyword><robots>all</robots><author>KLHunter</author></meta></chi></article>