<?xml version='1.0' encoding='utf-8'?><article><en><title>FusionExcel Exclusive Sponsor of World Champion Ramazan Ramazanov (The Punisher), WBC Muay Thai World Championship Title Fight, World Trade Centre, Dubai, 13th June 2008!</title><content>&lt;p&gt;
	&amp;nbsp;&lt;/p&gt;
&lt;br /&gt;
&lt;div&gt;
	&lt;table border=&quot;0&quot; cellpadding=&quot;0&quot; cellspacing=&quot;0&quot; style=&quot;color: rgb(0, 0, 0); font-family: 'Times New Roman'; background-color: rgb(238, 240, 252); font-size: medium; &quot; width=&quot;100%&quot;&gt;
		&lt;tbody&gt;
			&lt;tr&gt;
				&lt;td&gt;
					&lt;table border=&quot;0&quot; cellpadding=&quot;0&quot; cellspacing=&quot;0&quot; width=&quot;100%&quot;&gt;
						&lt;tbody&gt;
						&lt;/tbody&gt;
					&lt;/table&gt;
					&lt;table border=&quot;0&quot; cellpadding=&quot;0&quot; cellspacing=&quot;0&quot; width=&quot;100%&quot;&gt;
						&lt;tbody&gt;
							&lt;tr valign=&quot;top&quot;&gt;
								&lt;td width=&quot;50%&quot;&gt;
									&lt;img height=&quot;263&quot; src=&quot;http://fusionexcel.com/imgnews/ramazan1.jpg&quot; width=&quot;350&quot; /&gt;&lt;/td&gt;
								&lt;td align=&quot;right&quot;&gt;
									&lt;img height=&quot;263&quot; src=&quot;http://fusionexcel.com/imgnews/ramazan2.jpg&quot; width=&quot;350&quot; /&gt;&lt;/td&gt;
							&lt;/tr&gt;
							&lt;tr valign=&quot;top&quot;&gt;
								&lt;td class=&quot;content&quot; colspan=&quot;2&quot; height=&quot;10&quot; style=&quot;font-family: Verdana, Arial, Helvetica, sans-serif; font-size: 13px; text-align: justify; &quot;&gt;
									FusionExcel is proud to announce the EXCLUSIVE SPONSORSHIP of WMC Muay Thai Heavyweight Champion , Russian Ramazan Ramazanov&amp;nbsp;(The Punisher ), at WBC (World Boxing Council) Muay Thai World Championship Title Fight against Rodney Faverus of Holland, to be held at the Dubai World Trade Centre 8pm on 13th June 2008.&lt;br /&gt;
									&lt;br /&gt;
									The title fight will be in front of 30,000 International spectators and telecast live to millions around the world through Euro sports, Al Jazeera, ART, Russian TV Network, MuayThai.com, Martial Arts TV&amp;nbsp;and other sports channels.&lt;br /&gt;
									&lt;br /&gt;
									During the fight, Ramazan will be wearing shorts with FusionExcel&amp;#39;s logo and website featured prominently on it. His corner handlers will all be wearing T-shirts with FE&amp;#39;s logo and website featured prominently. In all press interviews. during the lead up to the title fight, Ramazan will be wearing FusionExcel&amp;#39;s Tshirt and QP prominently.&lt;br /&gt;
									&lt;br /&gt;
									It is a&amp;nbsp;great opportunity for FusionExcel to&amp;nbsp;BRAND itself to MILLIONS in the world and bulld global recognition!&lt;/td&gt;
							&lt;/tr&gt;
							&lt;tr valign=&quot;top&quot;&gt;
								&lt;td class=&quot;conthead&quot; colspan=&quot;2&quot; height=&quot;20&quot; style=&quot;font-family: Arial, Helvetica, sans-serif; font-size: 14px; font-weight: bold; color: rgb(0, 0, 255); &quot;&gt;
									&lt;a href=&quot;http://fusionexcel.com/testi_Ramazan.html&quot;&gt;&lt;strong&gt;&amp;gt;&amp;gt;&lt;/strong&gt;Read Ramazan Ramazanov&amp;#39;s Testimonial&lt;/a&gt;&lt;/td&gt;
							&lt;/tr&gt;
							&lt;tr valign=&quot;top&quot;&gt;
							&lt;/tr&gt;
						&lt;/tbody&gt;
					&lt;/table&gt;
				&lt;/td&gt;
			&lt;/tr&gt;
		&lt;/tbody&gt;
	&lt;/table&gt;
&lt;/div&gt;
&lt;p&gt;
	&amp;nbsp;&lt;/p&gt;
</content><meta><description>FusionExcel Exclusive Sponsor of World Champion Ramazan Ramazanov (The Punisher), WBC Muay Thai World Championship Title Fight, World Trade Centre, Dubai, 13th June 2008!</description><keyword>FusionExcel Exclusive Sponsor of World Champion Ramazan Ramazanov (The Punisher), WBC Muay Thai World Championship Title Fight, World Trade Centre, Dubai, 13th June 2008!</keyword><robots>all</robots><author>KLHunter</author></meta></en><bm><title>FusionExcel Exclusive Sponsor of World Champion Ramazan Ramazanov (The Punisher), WBC Muay Thai World Championship Title Fight, World Trade Centre, Dubai, 13th June 2008!</title><content></content><meta><description>FusionExcel Exclusive Sponsor of World Champion Ramazan Ramazanov (The Punisher), WBC Muay Thai World Championship Title Fight, World Trade Centre, Dubai, 13th June 2008!</description><keyword>FusionExcel Exclusive Sponsor of World Champion Ramazan Ramazanov (The Punisher), WBC Muay Thai World Championship Title Fight, World Trade Centre, Dubai, 13th June 2008!</keyword><robots>all</robots><author>KLHunter</author></meta></bm><chi><title>FusionExcel Exclusive Sponsor of World Champion Ramazan Ramazanov (The Punisher), WBC Muay Thai World Championship Title Fight, World Trade Centre, Dubai, 13th June 2008!</title><content></content><meta><description>FusionExcel Exclusive Sponsor of World Champion Ramazan Ramazanov (The Punisher), WBC Muay Thai World Championship Title Fight, World Trade Centre, Dubai, 13th June 2008!</description><keyword>FusionExcel Exclusive Sponsor of World Champion Ramazan Ramazanov (The Punisher), WBC Muay Thai World Championship Title Fight, World Trade Centre, Dubai, 13th June 2008!</keyword><robots>all</robots><author>KLHunter</author></meta></chi></article>