<?xml version='1.0' encoding='utf-8'?><article><en><title>FusionExcel co-sponsors World Corporate Golf Challenge Malaysia, 18th May 2008 at Kelab Sultan Abdul Aziz Shah, Shah Alam, Selangor, Malaysia!</title><content>&lt;p&gt;
	&amp;nbsp;&lt;/p&gt;
&lt;br /&gt;
&lt;div&gt;
	&lt;table border=&quot;0&quot; cellpadding=&quot;0&quot; cellspacing=&quot;0&quot; style=&quot;color: rgb(0, 0, 0); font-family: 'Times New Roman'; background-color: rgb(238, 240, 252); font-size: medium; &quot; width=&quot;100%&quot;&gt;
		&lt;tbody&gt;
			&lt;tr&gt;
				&lt;td&gt;
					&lt;table border=&quot;0&quot; cellpadding=&quot;0&quot; cellspacing=&quot;0&quot; width=&quot;100%&quot;&gt;
						&lt;tbody&gt;
							&lt;tr valign=&quot;top&quot;&gt;
								&lt;td&gt;
									&lt;img height=&quot;265&quot; src=&quot;http://fusionexcel.com/imgnews/golfc1.jpg&quot; width=&quot;353&quot; /&gt;&lt;/td&gt;
								&lt;td align=&quot;right&quot;&gt;
									&lt;img height=&quot;265&quot; src=&quot;http://fusionexcel.com/imgnews/golfc2.jpg&quot; width=&quot;353&quot; /&gt;&lt;/td&gt;
							&lt;/tr&gt;
							&lt;tr valign=&quot;top&quot;&gt;
								&lt;td width=&quot;50%&quot;&gt;
									&lt;img height=&quot;265&quot; src=&quot;http://fusionexcel.com/imgnews/golfc3.jpg&quot; width=&quot;353&quot; /&gt;&lt;/td&gt;
								&lt;td align=&quot;right&quot;&gt;
									&lt;img height=&quot;265&quot; src=&quot;http://fusionexcel.com/imgnews/golfc4.jpg&quot; width=&quot;353&quot; /&gt;&lt;/td&gt;
							&lt;/tr&gt;
							&lt;tr valign=&quot;top&quot;&gt;
								&lt;td&gt;
									&lt;img height=&quot;265&quot; src=&quot;http://fusionexcel.com/imgnews/golfc5.jpg&quot; width=&quot;353&quot; /&gt;&lt;/td&gt;
								&lt;td align=&quot;right&quot;&gt;
									&lt;img height=&quot;265&quot; src=&quot;http://fusionexcel.com/imgnews/golfc6.jpg&quot; width=&quot;353&quot; /&gt;&lt;/td&gt;
							&lt;/tr&gt;
							&lt;tr valign=&quot;top&quot;&gt;
								&lt;td&gt;
									&lt;img height=&quot;265&quot; src=&quot;http://fusionexcel.com/imgnews/golfc7.jpg&quot; width=&quot;353&quot; /&gt;&lt;/td&gt;
								&lt;td align=&quot;right&quot;&gt;
									&lt;img height=&quot;265&quot; src=&quot;http://fusionexcel.com/imgnews/golfc8.jpg&quot; width=&quot;353&quot; /&gt;&lt;/td&gt;
							&lt;/tr&gt;
							&lt;tr valign=&quot;top&quot;&gt;
								&lt;td&gt;
									&lt;img height=&quot;265&quot; src=&quot;http://fusionexcel.com/imgnews/golfc9.jpg&quot; width=&quot;353&quot; /&gt;&lt;/td&gt;
								&lt;td align=&quot;right&quot;&gt;
									&lt;img height=&quot;265&quot; src=&quot;http://fusionexcel.com/imgnews/golfc10.jpg&quot; width=&quot;353&quot; /&gt;&lt;/td&gt;
							&lt;/tr&gt;
							&lt;tr valign=&quot;top&quot;&gt;
								&lt;td&gt;
									&lt;img height=&quot;265&quot; src=&quot;http://fusionexcel.com/imgnews/golfc11.jpg&quot; width=&quot;353&quot; /&gt;&lt;/td&gt;
								&lt;td align=&quot;right&quot;&gt;
									&lt;img height=&quot;265&quot; src=&quot;http://fusionexcel.com/imgnews/golfc12.jpg&quot; width=&quot;353&quot; /&gt;&lt;/td&gt;
							&lt;/tr&gt;
							&lt;tr valign=&quot;top&quot;&gt;
								&lt;td&gt;
									&lt;img height=&quot;265&quot; src=&quot;http://fusionexcel.com/imgnews/golfc13.jpg&quot; width=&quot;353&quot; /&gt;&lt;/td&gt;
								&lt;td align=&quot;right&quot;&gt;
									&lt;img height=&quot;265&quot; src=&quot;http://fusionexcel.com/imgnews/golfc14.jpg&quot; width=&quot;353&quot; /&gt;&lt;/td&gt;
							&lt;/tr&gt;
							&lt;tr valign=&quot;top&quot;&gt;
								&lt;td&gt;
									&lt;img height=&quot;265&quot; src=&quot;http://fusionexcel.com/imgnews/golfc15.jpg&quot; width=&quot;353&quot; /&gt;&lt;/td&gt;
								&lt;td align=&quot;right&quot;&gt;
									&lt;img height=&quot;265&quot; src=&quot;http://fusionexcel.com/imgnews/golfc16.jpg&quot; width=&quot;353&quot; /&gt;&lt;/td&gt;
							&lt;/tr&gt;
						&lt;/tbody&gt;
					&lt;/table&gt;
				&lt;/td&gt;
			&lt;/tr&gt;
		&lt;/tbody&gt;
	&lt;/table&gt;
&lt;/div&gt;
&lt;p&gt;
	&amp;nbsp;&lt;/p&gt;
</content><meta><description>FusionExcel co-sponsors World Corporate Golf Challenge Malaysia, 18th May 2008 at Kelab Sultan Abdul Aziz Shah, Shah Alam, Selangor, Malaysia!</description><keyword>FusionExcel co-sponsors World Corporate Golf Challenge Malaysia, 18th May 2008 at Kelab Sultan Abdul Aziz Shah, Shah Alam, Selangor, Malaysia!</keyword><robots>all</robots><author>KLHunter</author></meta></en><bm><title>FusionExcel co-sponsors World Corporate Golf Challenge Malaysia, 18th May 2008 at Kelab Sultan Abdul Aziz Shah, Shah Alam, Selangor, Malaysia!</title><content></content><meta><description>FusionExcel co-sponsors World Corporate Golf Challenge Malaysia, 18th May 2008 at Kelab Sultan Abdul Aziz Shah, Shah Alam, Selangor, Malaysia!</description><keyword>FusionExcel co-sponsors World Corporate Golf Challenge Malaysia, 18th May 2008 at Kelab Sultan Abdul Aziz Shah, Shah Alam, Selangor, Malaysia!</keyword><robots>all</robots><author>KLHunter</author></meta></bm><chi><title>FusionExcel co-sponsors World Corporate Golf Challenge Malaysia, 18th May 2008 at Kelab Sultan Abdul Aziz Shah, Shah Alam, Selangor, Malaysia!</title><content></content><meta><description>FusionExcel co-sponsors World Corporate Golf Challenge Malaysia, 18th May 2008 at Kelab Sultan Abdul Aziz Shah, Shah Alam, Selangor, Malaysia!</description><keyword>FusionExcel co-sponsors World Corporate Golf Challenge Malaysia, 18th May 2008 at Kelab Sultan Abdul Aziz Shah, Shah Alam, Selangor, Malaysia!</keyword><robots>all</robots><author>KLHunter</author></meta></chi></article>