<?xml version='1.0' encoding='utf-8'?><article><en><title>FE Achievers Recognition Dinner (Thailand), 14th June 2008. </title><content>&lt;p&gt;
	&lt;br /&gt;
	&lt;br /&gt;
	&lt;img height=&quot;447&quot; src=&quot;http://fusionexcel.com/imgnews/breaking1.jpg&quot; width=&quot;600&quot; /&gt;&lt;/p&gt;
&lt;div align=&quot;center&quot;&gt;
	&lt;a href=&quot;http://fusionexcel.com/upnews_main.html&quot; style=&quot;text-decoration: none; &quot;&gt;&lt;back summary=&quot;&quot; to=&quot;&quot;&gt;&lt;/back&gt;&lt;/a&gt;&lt;/div&gt;
</content><meta><description>FE Achievers Recognition Dinner (Thailand), 14th June 2008. </description><keyword>FE Achievers Recognition Dinner (Thailand), 14th June 2008. </keyword><robots>all</robots><author>KLHunter</author></meta></en><bm><title>FE Achievers Recognition Dinner (Thailand), 14th June 2008. </title><content></content><meta><description>FE Achievers Recognition Dinner (Thailand), 14th June 2008. </description><keyword>FE Achievers Recognition Dinner (Thailand), 14th June 2008. </keyword><robots>all</robots><author>KLHunter</author></meta></bm><chi><title>FE Achievers Recognition Dinner (Thailand), 14th June 2008. </title><content></content><meta><description>FE Achievers Recognition Dinner (Thailand), 14th June 2008. </description><keyword>FE Achievers Recognition Dinner (Thailand), 14th June 2008. </keyword><robots>all</robots><author>KLHunter</author></meta></chi></article>