<?xml version='1.0' encoding='utf-8'?><article><en><title>QP Wearer, Hon. Mayor Victor R Sumulong of Antipolo City, Rizal (Metro Manila).</title><content>&lt;p&gt;
	&lt;span class=&quot;content&quot; lang=&quot;EN-US&quot; style=&quot;font-family: Verdana, Arial, Helvetica, sans-serif; font-size: 13px; color: rgb(0, 0, 0); text-align: justify; &quot; xml:lang=&quot;EN-US&quot;&gt;Right to Left:&lt;br /&gt;
	Pastor Art Medina, Kapitan Eli Demafelis, Mayor Sumulong, Dr Mila De Guzman and Mr. Johnny De Guzman.&lt;/span&gt;&lt;img height=&quot;298&quot; src=&quot;http://fusionexcel.com/imgnews/hon.jpg&quot; width=&quot;448&quot; /&gt;&lt;/p&gt;
</content><meta><description>QP Wearer, Hon. Mayor Victor R Sumulong of Antipolo City, Rizal (Metro Manila).</description><keyword>QP Wearer, Hon. Mayor Victor R Sumulong of Antipolo City, Rizal (Metro Manila).</keyword><robots>all</robots><author>KLHunter</author></meta></en><bm><title>QP Wearer, Hon. Mayor Victor R Sumulong of Antipolo City, Rizal (Metro Manila).</title><content></content><meta><description>QP Wearer, Hon. Mayor Victor R Sumulong of Antipolo City, Rizal (Metro Manila).</description><keyword>QP Wearer, Hon. Mayor Victor R Sumulong of Antipolo City, Rizal (Metro Manila).</keyword><robots>all</robots><author>KLHunter</author></meta></bm><chi><title>QP Wearer, Hon. Mayor Victor R Sumulong of Antipolo City, Rizal (Metro Manila).</title><content></content><meta><description>QP Wearer, Hon. Mayor Victor R Sumulong of Antipolo City, Rizal (Metro Manila).</description><keyword>QP Wearer, Hon. Mayor Victor R Sumulong of Antipolo City, Rizal (Metro Manila).</keyword><robots>all</robots><author>KLHunter</author></meta></chi></article>