<?xml version='1.0' encoding='utf-8'?><article><en><title>Jorge Mendoza, Nascar Driver, USA, wearing Quantum Pendants.</title><content>&lt;p&gt;
	&amp;nbsp;&lt;/p&gt;
&lt;br /&gt;
&lt;div&gt;
	&lt;table border=&quot;0&quot; cellpadding=&quot;0&quot; cellspacing=&quot;0&quot; width=&quot;100%&quot;&gt;
		&lt;tbody&gt;
			&lt;tr valign=&quot;top&quot;&gt;
				&lt;td colspan=&quot;2&quot;&gt;
					&lt;table border=&quot;0&quot; cellpadding=&quot;0&quot; cellspacing=&quot;0&quot; width=&quot;100%&quot;&gt;
						&lt;tbody&gt;
							&lt;tr&gt;
								&lt;td&gt;
									&lt;img height=&quot;264&quot; src=&quot;http://fusionexcel.com/imgnews/jorge1.jpg&quot; width=&quot;352&quot; /&gt;&lt;/td&gt;
								&lt;td&gt;
									&lt;img height=&quot;264&quot; src=&quot;http://fusionexcel.com/imgnews/jorge2.jpg&quot; width=&quot;352&quot; /&gt;&lt;/td&gt;
							&lt;/tr&gt;
						&lt;/tbody&gt;
					&lt;/table&gt;
				&lt;/td&gt;
			&lt;/tr&gt;
			&lt;tr valign=&quot;top&quot;&gt;
				&lt;td colspan=&quot;2&quot;&gt;
					&lt;table border=&quot;0&quot; cellpadding=&quot;0&quot; cellspacing=&quot;0&quot; width=&quot;100%&quot;&gt;
						&lt;tbody&gt;
							&lt;tr&gt;
								&lt;td&gt;
									&lt;img height=&quot;264&quot; src=&quot;http://fusionexcel.com/imgnews/jorge3.jpg&quot; width=&quot;352&quot; /&gt;&lt;/td&gt;
								&lt;td&gt;
									&lt;img height=&quot;264&quot; src=&quot;http://fusionexcel.com/imgnews/jorge4.jpg&quot; width=&quot;352&quot; /&gt;&lt;/td&gt;
							&lt;/tr&gt;
						&lt;/tbody&gt;
					&lt;/table&gt;
				&lt;/td&gt;
			&lt;/tr&gt;
		&lt;/tbody&gt;
	&lt;/table&gt;
&lt;/div&gt;
&lt;p&gt;
	&amp;nbsp;&lt;/p&gt;
</content><meta><description>Jorge Mendoza, Nascar Driver, USA, wearing Quantum Pendants.</description><keyword>Jorge Mendoza, Nascar Driver, USA, wearing Quantum Pendants.</keyword><robots>all</robots><author>KLHunter</author></meta></en><bm><title>Jorge Mendoza, Nascar Driver, USA, wearing Quantum Pendants.</title><content></content><meta><description>Jorge Mendoza, Nascar Driver, USA, wearing Quantum Pendants.</description><keyword>Jorge Mendoza, Nascar Driver, USA, wearing Quantum Pendants.</keyword><robots>all</robots><author>KLHunter</author></meta></bm><chi><title>Jorge Mendoza, Nascar Driver, USA, wearing Quantum Pendants.</title><content></content><meta><description>Jorge Mendoza, Nascar Driver, USA, wearing Quantum Pendants.</description><keyword>Jorge Mendoza, Nascar Driver, USA, wearing Quantum Pendants.</keyword><robots>all</robots><author>KLHunter</author></meta></chi></article>