<?xml version='1.0' encoding='utf-8'?><article><en><title>Video FE Sponsors the Children of Payatas, Philippines.</title><content>&lt;p&gt;
	&lt;br /&gt;
	&lt;br /&gt;
	&lt;a href=&quot;http://www.youtube.com/watch?v=Grv90XQ0T14&quot; target=&quot;_blank&quot;&gt;Video FE Sponsors the Children of Payatas, Philippines&lt;/a&gt;&lt;/p&gt;
&lt;table border=&quot;0&quot; cellpadding=&quot;0&quot; cellspacing=&quot;0&quot; width=&quot;100%&quot;&gt;
	&lt;tbody&gt;
		&lt;tr valign=&quot;top&quot;&gt;
			&lt;td&gt;
				&lt;img height=&quot;262&quot; src=&quot;http://fusionexcel.com/imgnews/payatas1.jpg&quot; width=&quot;354&quot; /&gt;&lt;/td&gt;
			&lt;td align=&quot;right&quot;&gt;
				&lt;img height=&quot;262&quot; src=&quot;http://fusionexcel.com/imgnews/payatas2.jpg&quot; width=&quot;354&quot; /&gt;&lt;/td&gt;
		&lt;/tr&gt;
		&lt;tr valign=&quot;top&quot;&gt;
			&lt;td width=&quot;50%&quot;&gt;
				&lt;img height=&quot;262&quot; src=&quot;http://fusionexcel.com/imgnews/payatas3.jpg&quot; width=&quot;354&quot; /&gt;&lt;/td&gt;
			&lt;td align=&quot;right&quot;&gt;
				&lt;img height=&quot;262&quot; src=&quot;http://fusionexcel.com/imgnews/payatas4.jpg&quot; width=&quot;354&quot; /&gt;&lt;/td&gt;
		&lt;/tr&gt;
	&lt;/tbody&gt;
&lt;/table&gt;
&lt;p&gt;
	&amp;nbsp;&lt;/p&gt;
</content><meta><description>Video FE Sponsors the Children of Payatas, Philippines.</description><keyword>Video FE Sponsors the Children of Payatas, Philippines.</keyword><robots>all</robots><author>KLHunter</author></meta></en><bm><title>Video FE Sponsors the Children of Payatas, Philippines.</title><content></content><meta><description>Video FE Sponsors the Children of Payatas, Philippines.</description><keyword>Video FE Sponsors the Children of Payatas, Philippines.</keyword><robots>all</robots><author>KLHunter</author></meta></bm><chi><title>Video FE Sponsors the Children of Payatas, Philippines.</title><content></content><meta><description>Video FE Sponsors the Children of Payatas, Philippines.</description><keyword>Video FE Sponsors the Children of Payatas, Philippines.</keyword><robots>all</robots><author>KLHunter</author></meta></chi></article>