<?xml version='1.0' encoding='utf-8'?><article><en><title>FE Welcomes QP Wearer, Maggie Loo, Former Miss Malaysia Universe! </title><content>&lt;p&gt;
	&amp;nbsp;&lt;/p&gt;
&lt;br /&gt;
&lt;div&gt;
	&lt;img height=&quot;360&quot; src=&quot;http://fusionexcel.com/imgnews/universe.jpg&quot; width=&quot;480&quot; /&gt;&lt;/div&gt;
</content><meta><description>FE Welcomes QP Wearer, Maggie Loo, Former Miss Malaysia Universe! </description><keyword>FE Welcomes QP Wearer, Maggie Loo, Former Miss Malaysia Universe! </keyword><robots>all</robots><author>KLHunter</author></meta></en><bm><title>FE Welcomes QP Wearer, Maggie Loo, Former Miss Malaysia Universe! </title><content></content><meta><description>FE Welcomes QP Wearer, Maggie Loo, Former Miss Malaysia Universe! </description><keyword>FE Welcomes QP Wearer, Maggie Loo, Former Miss Malaysia Universe! </keyword><robots>all</robots><author>KLHunter</author></meta></bm><chi><title>FE Welcomes QP Wearer, Maggie Loo, Former Miss Malaysia Universe! </title><content></content><meta><description>FE Welcomes QP Wearer, Maggie Loo, Former Miss Malaysia Universe! </description><keyword>FE Welcomes QP Wearer, Maggie Loo, Former Miss Malaysia Universe! </keyword><robots>all</robots><author>KLHunter</author></meta></chi></article>