<?xml version='1.0' encoding='utf-8'?><article><en><title>FusionExcel Welcomes Quantum Pendant Wearers, Malaysian National Athlete Champions!</title><content>&lt;p&gt;
	FusionExcel is proud to host lunch for Quantum Pendant Wearers, Malaysian National Athletes Champions, after their success in the recent Malaysian Games (SUKMA). The athletes at the lunch reported improved performances after wearing FusionExcel&amp;#39;s Quantum Pendant &amp;nbsp;by winning Gold Medals in their respective events (except Patria Pang, who won Silver), with some breaking National records and beating their own Personal Best records!&lt;br /&gt;
	&lt;br /&gt;
	Quantum Pendant Wearers Yuan Yu Fang (20 km Walk), Elaine Teo (Taekwondo, Under 57 kg) and Che Chew Chan (Taekwondo, Above 65 kg) will be representing Malaysia in the coming 2008 Beijing Olympic Games. FusionExcel wishes them good performance!&lt;br /&gt;
	&lt;br /&gt;
	&lt;strong&gt;Malaysian National Athletes Champions At The Lunch Are:&lt;/strong&gt;&lt;br /&gt;
	&lt;br /&gt;
	- Tan Song Hwa (Hammer Throw. Winner SUKMA Gold and National Record Holder).&lt;br /&gt;
	&lt;br /&gt;
	- Elaine Teo (Taekwondo, Under 57. Winner SUKMA Gold and 2 times Olympian, 2004 Sports Woman of&lt;br /&gt;
	&amp;nbsp;&amp;nbsp;the Year, 2004 World TKD Championships Korea Gold, 2005 USA OPEN Gold, 2005 Commonwealth Games&lt;br /&gt;
	&amp;nbsp;&amp;nbsp;Australia Gold, 2007 Gold Cup TKD Championships Hong Kong Gold).&lt;br /&gt;
	&lt;br /&gt;
	- Che Chew Chan (Taekwondo, Over 65 kg. Winner SUKMA Gold and Olympian).&lt;br /&gt;
	&lt;br /&gt;
	- Patria Pang Wei Chin (Hammer Throw. Winner SUKMA Silver).&lt;br /&gt;
	&lt;br /&gt;
	- Siti Fatimah (100m and 200m. Winner SUKMA Gold).&lt;br /&gt;
	&lt;br /&gt;
	- Kathleen Ong (Pole Vault. Winner SUKMA Gold).&lt;br /&gt;
	&lt;br /&gt;
	- Sin Li Jane (Up and Coming Bowling Champion, 2nd Runner Up Malaysian Open).&lt;br /&gt;
	&lt;br /&gt;
	- Yuan Yu Fang (3 times Olympian and Winner of SEA Games Gold Medals&amp;nbsp;20km Walk between 1999 and&lt;br /&gt;
	&amp;nbsp;&amp;nbsp;2007).&lt;br /&gt;
	&lt;br /&gt;
	Also at the lunch was Khoo Chong Beng, 2008 Beijing Olympic Games&amp;nbsp;Referee (Big Walk).&amp;nbsp;&lt;/p&gt;
&lt;br /&gt;
&lt;br /&gt;
&lt;table border=&quot;0&quot; cellpadding=&quot;0&quot; cellspacing=&quot;0&quot; width=&quot;100%&quot;&gt;
	&lt;tbody&gt;
		&lt;tr valign=&quot;top&quot;&gt;
			&lt;td&gt;
				&lt;img height=&quot;252&quot; src=&quot;http://fusionexcel.com/imgnews/athlete1.jpg&quot; width=&quot;354&quot; /&gt;&lt;/td&gt;
			&lt;td align=&quot;right&quot;&gt;
				&lt;img height=&quot;252&quot; src=&quot;http://fusionexcel.com/imgnews/athlete2.jpg&quot; width=&quot;354&quot; /&gt;&lt;/td&gt;
		&lt;/tr&gt;
		&lt;tr valign=&quot;top&quot;&gt;
			&lt;td width=&quot;50%&quot;&gt;
				&lt;img height=&quot;268&quot; src=&quot;http://fusionexcel.com/imgnews/athlete3.jpg&quot; width=&quot;354&quot; /&gt;&lt;/td&gt;
			&lt;td align=&quot;right&quot;&gt;
				&lt;img height=&quot;268&quot; src=&quot;http://fusionexcel.com/imgnews/athlete4.jpg&quot; width=&quot;354&quot; /&gt;&lt;/td&gt;
		&lt;/tr&gt;
		&lt;tr valign=&quot;top&quot;&gt;
			&lt;td&gt;
				&lt;img height=&quot;265&quot; src=&quot;http://fusionexcel.com/imgnews/athlete5.jpg&quot; width=&quot;354&quot; /&gt;&lt;/td&gt;
			&lt;td align=&quot;right&quot;&gt;
				&lt;img height=&quot;265&quot; src=&quot;http://fusionexcel.com/imgnews/athlete6.jpg&quot; width=&quot;354&quot; /&gt;&lt;/td&gt;
		&lt;/tr&gt;
	&lt;/tbody&gt;
&lt;/table&gt;
&lt;p&gt;
	&amp;nbsp;&lt;/p&gt;
</content><meta><description>FusionExcel Welcomes Quantum Pendant Wearers, Malaysian National Athlete Champions!</description><keyword>FusionExcel Welcomes Quantum Pendant Wearers, Malaysian National Athlete Champions!</keyword><robots>all</robots><author>KLHunter</author></meta></en><bm><title>FusionExcel Welcomes Quantum Pendant Wearers, Malaysian National Athlete Champions!</title><content></content><meta><description>FusionExcel Welcomes Quantum Pendant Wearers, Malaysian National Athlete Champions!</description><keyword>FusionExcel Welcomes Quantum Pendant Wearers, Malaysian National Athlete Champions!</keyword><robots>all</robots><author>KLHunter</author></meta></bm><chi><title>FusionExcel Welcomes Quantum Pendant Wearers, Malaysian National Athlete Champions!</title><content></content><meta><description>FusionExcel Welcomes Quantum Pendant Wearers, Malaysian National Athlete Champions!</description><keyword>FusionExcel Welcomes Quantum Pendant Wearers, Malaysian National Athlete Champions!</keyword><robots>all</robots><author>KLHunter</author></meta></chi></article>