<?xml version='1.0' encoding='utf-8'?><article><en><title>FusionExcel Sponsors Perwira K9 Team Malaysian Wheelchair Basketball National League!</title><content>&lt;p&gt;
	&amp;nbsp;&lt;/p&gt;
&lt;table border=&quot;0&quot; cellpadding=&quot;0&quot; cellspacing=&quot;0&quot; style=&quot;color: rgb(0, 0, 0); font-family: 'Times New Roman'; background-color: rgb(238, 240, 252); font-size: medium; &quot; width=&quot;100%&quot;&gt;
	&lt;tbody&gt;
		&lt;tr&gt;
			&lt;td&gt;
				&lt;table border=&quot;0&quot; cellpadding=&quot;0&quot; cellspacing=&quot;0&quot; width=&quot;100%&quot;&gt;
					&lt;tbody&gt;
						&lt;tr&gt;
							&lt;td&gt;
								&lt;table border=&quot;0&quot; cellpadding=&quot;0&quot; cellspacing=&quot;0&quot; width=&quot;100%&quot;&gt;
									&lt;tbody&gt;
										&lt;tr valign=&quot;top&quot;&gt;
											&lt;td&gt;
												&lt;img height=&quot;265&quot; src=&quot;http://fusionexcel.com/imgnews/wheelchair1.jpg&quot; width=&quot;354&quot; /&gt;&lt;/td&gt;
											&lt;td align=&quot;right&quot;&gt;
												&lt;img height=&quot;265&quot; src=&quot;http://fusionexcel.com/imgnews/wheelchair2.jpg&quot; width=&quot;354&quot; /&gt;&lt;/td&gt;
										&lt;/tr&gt;
										&lt;tr valign=&quot;top&quot;&gt;
											&lt;td width=&quot;50%&quot;&gt;
												&lt;img height=&quot;265&quot; src=&quot;http://fusionexcel.com/imgnews/wheelchair3.jpg&quot; width=&quot;354&quot; /&gt;&lt;/td&gt;
											&lt;td align=&quot;right&quot;&gt;
												&lt;img height=&quot;265&quot; src=&quot;http://fusionexcel.com/imgnews/wheelchair4.jpg&quot; width=&quot;354&quot; /&gt;&lt;/td&gt;
										&lt;/tr&gt;
										&lt;tr valign=&quot;top&quot;&gt;
											&lt;td&gt;
												&lt;img height=&quot;265&quot; src=&quot;http://fusionexcel.com/imgnews/wheelchair5.jpg&quot; width=&quot;354&quot; /&gt;&lt;/td&gt;
											&lt;td align=&quot;right&quot;&gt;
												&lt;img height=&quot;265&quot; src=&quot;http://fusionexcel.com/imgnews/wheelchair6.jpg&quot; width=&quot;354&quot; /&gt;&lt;/td&gt;
										&lt;/tr&gt;
										&lt;tr valign=&quot;top&quot;&gt;
										&lt;/tr&gt;
									&lt;/tbody&gt;
								&lt;/table&gt;
							&lt;/td&gt;
						&lt;/tr&gt;
					&lt;/tbody&gt;
				&lt;/table&gt;
			&lt;/td&gt;
		&lt;/tr&gt;
	&lt;/tbody&gt;
&lt;/table&gt;
&lt;p&gt;
	&amp;nbsp;&lt;/p&gt;
</content><meta><description>FusionExcel Sponsors Perwira K9 Team Malaysian Wheelchair Basketball National League!</description><keyword>FusionExcel Sponsors Perwira K9 Team Malaysian Wheelchair Basketball National League!</keyword><robots>all</robots><author>KLHunter</author></meta></en><bm><title>FusionExcel Sponsors Perwira K9 Team Malaysian Wheelchair Basketball National League!</title><content></content><meta><description>FusionExcel Sponsors Perwira K9 Team Malaysian Wheelchair Basketball National League!</description><keyword>FusionExcel Sponsors Perwira K9 Team Malaysian Wheelchair Basketball National League!</keyword><robots>all</robots><author>KLHunter</author></meta></bm><chi><title>FusionExcel Sponsors Perwira K9 Team Malaysian Wheelchair Basketball National League!</title><content></content><meta><description>FusionExcel Sponsors Perwira K9 Team Malaysian Wheelchair Basketball National League!</description><keyword>FusionExcel Sponsors Perwira K9 Team Malaysian Wheelchair Basketball National League!</keyword><robots>all</robots><author>KLHunter</author></meta></chi></article>