<?xml version='1.0' encoding='utf-8'?><article><en><title>Great News! FE's New Office.</title><content>&lt;p&gt;
	&amp;nbsp;&lt;/p&gt;
&lt;table border=&quot;0&quot; cellpadding=&quot;0&quot; cellspacing=&quot;0&quot; style=&quot;color: rgb(0, 0, 0); font-family: Verdana, Arial, Helvetica, sans-serif; font-size: 13px; text-align: justify; background-color: rgb(238, 240, 252); &quot; width=&quot;100%&quot;&gt;
	&lt;tbody&gt;
		&lt;tr valign=&quot;top&quot;&gt;
			&lt;td class=&quot;content&quot; colspan=&quot;2&quot; height=&quot;10&quot;&gt;
				To better serve FE&amp;#39;s fast growing network, &amp;nbsp;locally and internationally, FE will be relocating from it&amp;#39;s current office to a NEW 18,000 square feet office nearby. The new office is around 4 times the size of FE&amp;#39;s current office. ( Address: Lots 8230 - 8231, Jalan 222A, Section 51A, Petaling Jaya, Selangor. It is&amp;nbsp;next to Honda showroom.)&lt;br /&gt;
				&lt;br /&gt;
				The new office, currently 90% renovation completed, will have large seminar room ( sitting capacity 250 people), private meeting rooms for Leaders, large meeting lounge for 100 people, an impressive entry lobby with water features, fountain and skylight ( see pictures below), large sales counter, large storage / warehouse facilities and large admin areas upstairs. And importantly, plenty of carparking for everyone.&lt;br /&gt;
				&lt;br /&gt;
				It is an impressive and functional &amp;nbsp;office and one to be proud of !&lt;br /&gt;
				&lt;br /&gt;
				FE will be relocating to the new office in August 2008&lt;br /&gt;
				&lt;br /&gt;
				There will be an Opening Ceremony&amp;nbsp;at the new office&amp;nbsp;on the 8th August 2008 , a most auspicious date in the calender. ( By invitation only to FE&amp;#39;s top Leaders. We apologise to the rest of our&amp;nbsp;members as we cannot accomodate thousands&amp;nbsp;on that day.)&lt;br /&gt;
				&lt;br /&gt;
				At FE, we are committed&amp;nbsp;with our Leaders as a Team, to grow the company&amp;nbsp;into a force to be reckon with, throughout the WORLD!&lt;br /&gt;
				&lt;br /&gt;
				SEE YOU ALL AT THE TOP !&amp;nbsp;&lt;br /&gt;
				&amp;nbsp;&lt;/td&gt;
		&lt;/tr&gt;
		&lt;tr valign=&quot;top&quot;&gt;
			&lt;td align=&quot;center&quot; colspan=&quot;2&quot; height=&quot;10&quot;&gt;
				&lt;img height=&quot;533&quot; src=&quot;http://fusionexcel.com/imgnews/noffice1a.jpg&quot; width=&quot;716&quot; /&gt;&lt;/td&gt;
		&lt;/tr&gt;
		&lt;tr valign=&quot;top&quot;&gt;
			&lt;td colspan=&quot;2&quot;&gt;
				&lt;table border=&quot;0&quot; cellpadding=&quot;0&quot; cellspacing=&quot;0&quot; width=&quot;100%&quot;&gt;
					&lt;tbody&gt;
						&lt;tr&gt;
							&lt;td align=&quot;right&quot; valign=&quot;top&quot; width=&quot;28%&quot;&gt;
								&lt;img height=&quot;278&quot; src=&quot;http://fusionexcel.com/imgnews/noffice2.jpg&quot; width=&quot;209&quot; /&gt;&lt;/td&gt;
							&lt;td align=&quot;right&quot; valign=&quot;top&quot; width=&quot;68%&quot;&gt;
								&lt;img height=&quot;278&quot; src=&quot;http://fusionexcel.com/imgnews/noffice3b.jpg&quot; width=&quot;497&quot; /&gt;&lt;/td&gt;
						&lt;/tr&gt;
					&lt;/tbody&gt;
				&lt;/table&gt;
			&lt;/td&gt;
		&lt;/tr&gt;
		&lt;tr valign=&quot;top&quot;&gt;
			&lt;td width=&quot;50%&quot;&gt;
				&lt;table border=&quot;0&quot; cellpadding=&quot;0&quot; cellspacing=&quot;0&quot; width=&quot;100%&quot;&gt;
					&lt;tbody&gt;
						&lt;tr&gt;
							&lt;td&gt;
								&lt;img height=&quot;265&quot; src=&quot;http://fusionexcel.com/imgnews/noffice4.jpg&quot; width=&quot;354&quot; /&gt;&lt;/td&gt;
						&lt;/tr&gt;
					&lt;/tbody&gt;
				&lt;/table&gt;
			&lt;/td&gt;
			&lt;td align=&quot;right&quot;&gt;
				&lt;img height=&quot;265&quot; src=&quot;http://fusionexcel.com/imgnews/noffice4a.jpg&quot; width=&quot;354&quot; /&gt;&lt;/td&gt;
		&lt;/tr&gt;
		&lt;tr valign=&quot;top&quot;&gt;
			&lt;td&gt;
				&lt;img height=&quot;265&quot; src=&quot;http://fusionexcel.com/imgnews/noffice5.jpg&quot; width=&quot;354&quot; /&gt;&lt;/td&gt;
			&lt;td align=&quot;right&quot;&gt;
				&lt;img height=&quot;265&quot; src=&quot;http://fusionexcel.com/imgnews/noffice6.jpg&quot; width=&quot;354&quot; /&gt;&lt;/td&gt;
		&lt;/tr&gt;
		&lt;tr valign=&quot;top&quot;&gt;
			&lt;td&gt;
				&lt;img height=&quot;265&quot; src=&quot;http://fusionexcel.com/imgnews/noffice7.jpg&quot; width=&quot;354&quot; /&gt;&lt;/td&gt;
			&lt;td align=&quot;right&quot;&gt;
				&lt;img height=&quot;265&quot; src=&quot;http://fusionexcel.com/imgnews/noffice8.jpg&quot; width=&quot;354&quot; /&gt;&lt;/td&gt;
		&lt;/tr&gt;
		&lt;tr valign=&quot;top&quot;&gt;
		&lt;/tr&gt;
	&lt;/tbody&gt;
&lt;/table&gt;
&lt;br /&gt;
&lt;p&gt;
	&amp;nbsp;&lt;/p&gt;
</content><meta><description>Great News! FE's New Office.</description><keyword>Great News! FE's New Office.</keyword><robots>all</robots><author>KLHunter</author></meta></en><bm><title>Great News! FE's New Office.</title><content></content><meta><description>Great News! FE's New Office.</description><keyword>Great News! FE's New Office.</keyword><robots>all</robots><author>KLHunter</author></meta></bm><chi><title>Great News! FE's New Office.</title><content></content><meta><description>Great News! FE's New Office.</description><keyword>Great News! FE's New Office.</keyword><robots>all</robots><author>KLHunter</author></meta></chi></article>