<?xml version='1.0' encoding='utf-8'?><article><en><title>testimonial- Quantum Pendant</title><content>&lt;p&gt;
	&amp;nbsp;&lt;/p&gt;
&lt;table border=&quot;0&quot; cellpadding=&quot;1&quot; cellspacing=&quot;1&quot; style=&quot;color: rgb(0, 0, 0); font-family: 'Times New Roman'; background-color: rgb(153, 153, 153); font-size: medium; &quot; width=&quot;100%&quot;&gt;
	&lt;tbody&gt;
		&lt;tr valign=&quot;middle&quot;&gt;
			&lt;td background=&quot;http://fusionexcel.com/img/buttonbg2.gif&quot; class=&quot;header_title style4&quot; height=&quot;25&quot; style=&quot;font-family: Verdana, Arial, Helvetica, sans-serif; font-size: 11px; font-weight: bold; color: rgb(255, 255, 255); &quot;&gt;
				Ringo Borlain, 2006 Mr Universe (Mixed Pair Category).&lt;/td&gt;
		&lt;/tr&gt;
		&lt;tr background=&quot;img/testimonial_bg.jpg&quot; bgcolor=&quot;#EEF0FC&quot;&gt;
			&lt;td valign=&quot;top&quot;&gt;
				&lt;table border=&quot;0&quot; cellpadding=&quot;0&quot; cellspacing=&quot;0&quot; width=&quot;100%&quot;&gt;
					&lt;tbody&gt;
						&lt;tr&gt;
							&lt;td class=&quot;content&quot; style=&quot;font-family: Verdana, Arial, Helvetica, sans-serif; font-size: 13px; text-align: justify; &quot; valign=&quot;top&quot;&gt;
								&lt;table border=&quot;0&quot; cellpadding=&quot;0&quot; cellspacing=&quot;0&quot; width=&quot;100%&quot;&gt;
									&lt;tbody&gt;
										&lt;tr&gt;
											&lt;td width=&quot;10&quot;&gt;
												&amp;nbsp;&lt;/td&gt;
											&lt;td&gt;
												&lt;table border=&quot;0&quot; cellpadding=&quot;0&quot; cellspacing=&quot;0&quot; width=&quot;100%&quot;&gt;
													&lt;tbody&gt;
														&lt;tr&gt;
															&lt;td align=&quot;center&quot; width=&quot;50%&quot;&gt;
																&lt;img height=&quot;252&quot; src=&quot;http://fusionexcel.com/imgnews/testimonial_ringo1.jpg&quot; width=&quot;121&quot; /&gt;&lt;/td&gt;
															&lt;td align=&quot;right&quot; width=&quot;50%&quot;&gt;
																&lt;img height=&quot;252&quot; src=&quot;http://fusionexcel.com/imgnews/testimonial_ringo2.jpg&quot; width=&quot;352&quot; /&gt;&lt;/td&gt;
														&lt;/tr&gt;
														&lt;tr&gt;
															&lt;td class=&quot;content&quot; colspan=&quot;2&quot; height=&quot;10&quot;&gt;
																Ringo Borlain and his partner, Dwan Abantao of the Philippines, were the FIRST Asians to win the prestigious Mr and Ms Universe titles (Mixed Pair Category), beating 250 participants from 39 countries at the 2006 Mr and Ms Universe Body Building Competition held in Cuxhnvun, Germany,&amp;nbsp;joining the ranks of famous past winners like Arnold Schwarzenegger and Lou Ferigno (Incredible Hulk).&lt;br /&gt;
																&lt;br /&gt;
																Below is the YouTube link of Ringo Borlain and his partner Dwan Abantao performing their winning routine.&lt;br /&gt;
																&lt;br /&gt;
																&lt;a href=&quot;http://www.youtube.com/watch?v=6BKsBfG0zHY&quot; style=&quot;color: rgb(0, 0, 0); text-decoration: none; &quot; target=&quot;_blank&quot;&gt;&lt;strong&gt;Watch Video from YouTube.com for Ringo Borlain&lt;/strong&gt;&lt;/a&gt;&lt;br /&gt;
																&lt;br /&gt;
																You wouldn&amp;#39;t believe this, bro! I broke my personal best on the bench press after using FusionExcel&amp;#39;s&amp;nbsp;Quantum Pendant!&amp;nbsp;Plus I am still so hype up, have enough energy to split the training and do another session later. Wow!&amp;nbsp;This is incredible and the guys at the gym were in awe at what is happening to me!&lt;/td&gt;
														&lt;/tr&gt;
													&lt;/tbody&gt;
												&lt;/table&gt;
											&lt;/td&gt;
										&lt;/tr&gt;
									&lt;/tbody&gt;
								&lt;/table&gt;
							&lt;/td&gt;
						&lt;/tr&gt;
					&lt;/tbody&gt;
				&lt;/table&gt;
			&lt;/td&gt;
		&lt;/tr&gt;
	&lt;/tbody&gt;
&lt;/table&gt;
&lt;p&gt;
	&amp;nbsp;&lt;/p&gt;
</content><meta><description>Quantum Pendant</description><keyword>Quantum Pendant</keyword><robots>all</robots><author>KLHunter</author></meta></en><bm><title>testimonial- Quantum Pendant</title><content></content><meta><description>Ringo Borlain, 2006 Mr Universe (Mixed Pair Category).
 	
	
Ringo Borlain and his partner, Dwan Abantao of the Philippines, were the FIRST Asians to win the prestigious Mr and Ms Universe titles (Mixed Pair Category), beating 250 participants from 39 countries at the 2006 Mr and Ms Universe Body Building Competition held in Cuxhnvun, Germany, joining the ranks of famous past winners like Arnold Schwarzenegger and Lou Ferigno (Incredible Hulk).

Below is the YouTube link of Ringo Borlain and his partner Dwan Abantao performing their winning routine.

Watch Video from YouTube.com for Ringo Borlain

You wouldn't believe this, bro! I broke my personal best on the bench press after using FusionExcel's Quantum Pendant! Plus I am still so hype up, have enough energy to split the training and do another session later. Wow! This is incredible and the guys at the gym were in awe at what is happening to me!</description><keyword>Quantum Pendant</keyword><robots>a</robots><author>KLHunter</author></meta></bm><chi><title>testimonial- Quantum Pendant</title><content></content><meta><description>Ringo Borlain, 2006 Mr Universe (Mixed Pair Category).
 	
	
Ringo Borlain and his partner, Dwan Abantao of the Philippines, were the FIRST Asians to win the prestigious Mr and Ms Universe titles (Mixed Pair Category), beating 250 participants from 39 countries at the 2006 Mr and Ms Universe Body Building Competition held in Cuxhnvun, Germany, joining the ranks of famous past winners like Arnold Schwarzenegger and Lou Ferigno (Incredible Hulk).

Below is the YouTube link of Ringo Borlain and his partner Dwan Abantao performing their winning routine.

Watch Video from YouTube.com for Ringo Borlain

You wouldn't believe this, bro! I broke my personal best on the bench press after using FusionExcel's Quantum Pendant! Plus I am still so hype up, have enough energy to split the training and do another session later. Wow! This is incredible and the guys at the gym were in awe at what is happening to me!</description><keyword>Quantum Pendant</keyword><robots>a</robots><author>KLHunter</author></meta></chi></article>