<?xml version='1.0' encoding='utf-8'?><article><en><title>FE Welcomes QP Wearer, Hon. Eduardo Roquero, Mayor of San Jose, Bulacan, Philippines! Photos show FE Leader, Francis Yarra, demonstrating FE's Quantum Pendant to Mayor Eduardo Roquero </title><content>&lt;p&gt;
	&amp;nbsp;&lt;/p&gt;
&lt;br /&gt;
&lt;div&gt;
	&lt;table border=&quot;0&quot; cellpadding=&quot;0&quot; cellspacing=&quot;0&quot; width=&quot;100%&quot;&gt;
		&lt;tbody&gt;
			&lt;tr&gt;
				&lt;td rowspan=&quot;2&quot; valign=&quot;top&quot;&gt;
					&lt;img height=&quot;550&quot; src=&quot;http://fusionexcel.com/imgnews/bulacan1.jpg&quot; width=&quot;354&quot; /&gt;&lt;/td&gt;
				&lt;td align=&quot;right&quot; height=&quot;268&quot; valign=&quot;top&quot;&gt;
					&lt;img height=&quot;270&quot; src=&quot;http://fusionexcel.com/imgnews/bulacan2.jpg&quot; width=&quot;354&quot; /&gt;&lt;/td&gt;
			&lt;/tr&gt;
			&lt;tr&gt;
				&lt;td align=&quot;right&quot; valign=&quot;top&quot;&gt;
					&lt;img height=&quot;270&quot; src=&quot;http://fusionexcel.com/imgnews/bulacan3.jpg&quot; width=&quot;354&quot; /&gt;&lt;/td&gt;
			&lt;/tr&gt;
		&lt;/tbody&gt;
	&lt;/table&gt;
&lt;/div&gt;
&lt;p&gt;
	&amp;nbsp;&lt;/p&gt;
</content><meta><description>FE Welcomes QP Wearer, Hon. Eduardo Roquero, Mayor of San Jose, Bulacan, Philippines! Photos show FE Leader, Francis Yarra, demonstrating FE's Quantum Pendant to Mayor Eduardo Roquero </description><keyword>FE Welcomes QP Wearer, Hon. Eduardo Roquero, Mayor of San Jose, Bulacan, Philippines! Photos show FE Leader, Francis Yarra, demonstrating FE's Quantum Pendant to Mayor Eduardo Roquero </keyword><robots>all</robots><author>KLHunter</author></meta></en><bm><title>FE Welcomes QP Wearer, Hon. Eduardo Roquero, Mayor of San Jose, Bulacan, Philippines! Photos show FE Leader, Francis Yarra, demonstrating FE's Quantum Pendant to Mayor Eduardo Roquero </title><content></content><meta><description>FE Welcomes QP Wearer, Hon. Eduardo Roquero, Mayor of San Jose, Bulacan, Philippines! Photos show FE Leader, Francis Yarra, demonstrating FE's Quantum Pendant to Mayor Eduardo Roquero </description><keyword>FE Welcomes QP Wearer, Hon. Eduardo Roquero, Mayor of San Jose, Bulacan, Philippines! Photos show FE Leader, Francis Yarra, demonstrating FE's Quantum Pendant to Mayor Eduardo Roquero </keyword><robots>all</robots><author>KLHunter</author></meta></bm><chi><title>FE Welcomes QP Wearer, Hon. Eduardo Roquero, Mayor of San Jose, Bulacan, Philippines! Photos show FE Leader, Francis Yarra, demonstrating FE's Quantum Pendant to Mayor Eduardo Roquero </title><content></content><meta><description>FE Welcomes QP Wearer, Hon. Eduardo Roquero, Mayor of San Jose, Bulacan, Philippines! Photos show FE Leader, Francis Yarra, demonstrating FE's Quantum Pendant to Mayor Eduardo Roquero </description><keyword>FE Welcomes QP Wearer, Hon. Eduardo Roquero, Mayor of San Jose, Bulacan, Philippines! Photos show FE Leader, Francis Yarra, demonstrating FE's Quantum Pendant to Mayor Eduardo Roquero </keyword><robots>all</robots><author>KLHunter</author></meta></chi></article>