<?xml version="1.0" encoding="utf-8"?>
<article><en><title>Another Successful Event in Philippines! (1)</title><content>&lt;p style="text-align: justify;"&gt;
	&lt;img class="content" height="836" src="http://www.fusionexcel.com/imgnews/edge.gif" style="font-family: Verdana, Arial, Helvetica, sans-serif; font-size: 13px; color: rgb(0, 0, 0); " width="718" /&gt;&lt;/p&gt;
</content><meta><description>Well known corporate figure and celebrity Jason Lo wearing FE's Quantum Pendant on the front page of the THE EDGE FINANCIAL DAILY, Monday December 3rd, 2007</description><keyword>FusionExcel International</keyword><robots>all</robots><author>KLHunter</author></meta></en><bm><title>Another Successful Event in Philippines! (1)</title><content></content><meta><description>Another Successful Event in Philippines! (1)</description><keyword>Another Successful Event in Philippines! (1)</keyword><robots>all</robots><author>KLHunter</author></meta></bm><chi><title>Another Successful Event in Philippines! (1)</title><content></content><meta><description>Another Successful Event in Philippines! (1)</description><keyword>Another Successful Event in Philippines! (1)</keyword><robots>all</robots><author>KLHunter</author></meta></chi></article>
