<?xml version='1.0' encoding='utf-8'?><article><en><title>Photos '' Soon Thaa Raa Porn &quot; Music Concert, Thailand, 19th July 2008 (2). </title><content>&lt;p&gt;
	&amp;nbsp;&lt;/p&gt;
&lt;table border=&quot;0&quot; cellpadding=&quot;0&quot; cellspacing=&quot;0&quot; width=&quot;100%&quot;&gt;
	&lt;tbody&gt;
		&lt;tr valign=&quot;top&quot;&gt;
			&lt;td height=&quot;224&quot; width=&quot;50%&quot;&gt;
				&lt;img height=&quot;240&quot; src=&quot;http://fusionexcel.com/imgnews/raa21.jpg&quot; width=&quot;353&quot; /&gt;&lt;/td&gt;
			&lt;td align=&quot;right&quot; height=&quot;224&quot;&gt;
				&lt;img height=&quot;240&quot; src=&quot;http://fusionexcel.com/imgnews/raa22.jpg&quot; width=&quot;353&quot; /&gt;&lt;/td&gt;
		&lt;/tr&gt;
		&lt;tr valign=&quot;top&quot;&gt;
			&lt;td height=&quot;224&quot;&gt;
				&lt;img height=&quot;520&quot; src=&quot;http://fusionexcel.com/imgnews/raa23.jpg&quot; width=&quot;353&quot; /&gt;&lt;/td&gt;
			&lt;td align=&quot;right&quot; height=&quot;224&quot;&gt;
				&lt;img height=&quot;520&quot; src=&quot;http://fusionexcel.com/imgnews/raa24.jpg&quot; width=&quot;353&quot; /&gt;&lt;/td&gt;
		&lt;/tr&gt;
		&lt;tr valign=&quot;top&quot;&gt;
			&lt;td colspan=&quot;2&quot; height=&quot;10&quot;&gt;
				&lt;table border=&quot;0&quot; cellpadding=&quot;0&quot; cellspacing=&quot;0&quot; width=&quot;100%&quot;&gt;
					&lt;tbody&gt;
						&lt;tr&gt;
							&lt;td valign=&quot;top&quot;&gt;
								&lt;img height=&quot;240&quot; src=&quot;http://fusionexcel.com/imgnews/raa25.jpg&quot; width=&quot;353&quot; /&gt;&lt;/td&gt;
							&lt;td align=&quot;right&quot; valign=&quot;top&quot;&gt;
								&lt;img height=&quot;240&quot; src=&quot;http://fusionexcel.com/imgnews/raa26.jpg&quot; width=&quot;353&quot; /&gt;&lt;/td&gt;
						&lt;/tr&gt;
					&lt;/tbody&gt;
				&lt;/table&gt;
			&lt;/td&gt;
		&lt;/tr&gt;
		&lt;tr valign=&quot;top&quot;&gt;
			&lt;td height=&quot;224&quot;&gt;
				&lt;img height=&quot;520&quot; src=&quot;http://fusionexcel.com/imgnews/raa27.jpg&quot; width=&quot;353&quot; /&gt;&lt;/td&gt;
			&lt;td align=&quot;right&quot; height=&quot;224&quot;&gt;
				&lt;img height=&quot;520&quot; src=&quot;http://fusionexcel.com/imgnews/raa28.jpg&quot; width=&quot;353&quot; /&gt;&lt;/td&gt;
		&lt;/tr&gt;
		&lt;tr valign=&quot;top&quot;&gt;
			&lt;td height=&quot;224&quot;&gt;
				&lt;img height=&quot;520&quot; src=&quot;http://fusionexcel.com/imgnews/raa29.jpg&quot; width=&quot;353&quot; /&gt;&lt;/td&gt;
			&lt;td align=&quot;right&quot; height=&quot;224&quot;&gt;
				&lt;img height=&quot;520&quot; src=&quot;http://fusionexcel.com/imgnews/raa30.jpg&quot; width=&quot;353&quot; /&gt;&lt;/td&gt;
		&lt;/tr&gt;
		&lt;tr valign=&quot;top&quot;&gt;
			&lt;td height=&quot;224&quot;&gt;
				&lt;img height=&quot;520&quot; src=&quot;http://fusionexcel.com/imgnews/raa31.jpg&quot; width=&quot;353&quot; /&gt;&lt;/td&gt;
			&lt;td align=&quot;right&quot; height=&quot;224&quot;&gt;
				&lt;img height=&quot;520&quot; src=&quot;http://fusionexcel.com/imgnews/raa32.jpg&quot; width=&quot;353&quot; /&gt;&lt;/td&gt;
		&lt;/tr&gt;
		&lt;tr valign=&quot;top&quot;&gt;
			&lt;td height=&quot;224&quot;&gt;
				&lt;img height=&quot;520&quot; src=&quot;http://fusionexcel.com/imgnews/raa33.jpg&quot; width=&quot;353&quot; /&gt;&lt;/td&gt;
			&lt;td align=&quot;right&quot; height=&quot;224&quot;&gt;
				&lt;img height=&quot;520&quot; src=&quot;http://fusionexcel.com/imgnews/raa34.jpg&quot; width=&quot;353&quot; /&gt;&lt;/td&gt;
		&lt;/tr&gt;
		&lt;tr valign=&quot;top&quot;&gt;
			&lt;td height=&quot;224&quot;&gt;
				&lt;img height=&quot;520&quot; src=&quot;http://fusionexcel.com/imgnews/raa35.jpg&quot; width=&quot;353&quot; /&gt;&lt;/td&gt;
			&lt;td align=&quot;right&quot; height=&quot;224&quot;&gt;
				&lt;img height=&quot;520&quot; src=&quot;http://fusionexcel.com/imgnews/raa36.jpg&quot; width=&quot;353&quot; /&gt;&lt;/td&gt;
		&lt;/tr&gt;
		&lt;tr valign=&quot;top&quot;&gt;
			&lt;td height=&quot;224&quot;&gt;
				&lt;img height=&quot;520&quot; src=&quot;http://fusionexcel.com/imgnews/raa37.jpg&quot; width=&quot;353&quot; /&gt;&lt;/td&gt;
			&lt;td align=&quot;right&quot; height=&quot;224&quot;&gt;
				&lt;img height=&quot;520&quot; src=&quot;http://fusionexcel.com/imgnews/raa38.jpg&quot; width=&quot;353&quot; /&gt;&lt;/td&gt;
		&lt;/tr&gt;
		&lt;tr valign=&quot;top&quot;&gt;
			&lt;td height=&quot;224&quot;&gt;
				&lt;img height=&quot;240&quot; src=&quot;http://fusionexcel.com/imgnews/raa39.jpg&quot; width=&quot;353&quot; /&gt;&lt;/td&gt;
			&lt;td align=&quot;right&quot; height=&quot;224&quot;&gt;
				&lt;img height=&quot;240&quot; src=&quot;http://fusionexcel.com/imgnews/raa40.jpg&quot; width=&quot;353&quot; /&gt;&lt;/td&gt;
		&lt;/tr&gt;
	&lt;/tbody&gt;
&lt;/table&gt;
&lt;p&gt;
	&amp;nbsp;&lt;/p&gt;
</content><meta><description>Photos '' Soon Thaa Raa Porn &quot; Music Concert, Thailand, 19th July 2008 (2). </description><keyword>Photos '' Soon Thaa Raa Porn &quot; Music Concert, Thailand, 19th July 2008 (2). </keyword><robots>all</robots><author>klhunter</author></meta></en><bm><title>Photos '' Soon Thaa Raa Porn &quot; Music Concert, Thailand, 19th July 2008 (2). </title><content></content><meta><description>Photos '' Soon Thaa Raa Porn &quot; Music Concert, Thailand, 19th July 2008 (2). </description><keyword>Photos '' Soon Thaa Raa Porn &quot; Music Concert, Thailand, 19th July 2008 (2). </keyword><robots>all</robots><author>klhunter</author></meta></bm><chi><title>Photos '' Soon Thaa Raa Porn &quot; Music Concert, Thailand, 19th July 2008 (2). </title><content></content><meta><description>Photos '' Soon Thaa Raa Porn &quot; Music Concert, Thailand, 19th July 2008 (2). </description><keyword>Photos '' Soon Thaa Raa Porn &quot; Music Concert, Thailand, 19th July 2008 (2). </keyword><robots>all</robots><author>klhunter</author></meta></chi></article>