<?xml version='1.0' encoding='utf-8'?><article><en><title>Testimonial - Quantum pendant</title><content>&lt;p&gt;
	Wong Hong, Champion Body Builder.&lt;/p&gt;
&lt;table border=&quot;0&quot; cellpadding=&quot;0&quot; cellspacing=&quot;0&quot; width=&quot;100%&quot;&gt;
	&lt;tbody&gt;
		&lt;tr&gt;
			&lt;td class=&quot;content&quot; valign=&quot;top&quot;&gt;
				&lt;table border=&quot;0&quot; cellpadding=&quot;0&quot; cellspacing=&quot;0&quot; width=&quot;100%&quot;&gt;
					&lt;tbody&gt;
						&lt;tr&gt;
							&lt;td width=&quot;10&quot;&gt;
								&amp;nbsp;&lt;/td&gt;
							&lt;td&gt;
								&lt;table border=&quot;0&quot; cellpadding=&quot;0&quot; cellspacing=&quot;0&quot; width=&quot;100%&quot;&gt;
									&lt;tbody&gt;
										&lt;tr&gt;
											&lt;td align=&quot;center&quot; width=&quot;50%&quot;&gt;
												&lt;img height=&quot;270&quot; src=&quot;http://fusionexcel.com/imgnews/wonghong1.jpg&quot; width=&quot;147&quot; /&gt;&lt;/td&gt;
											&lt;td align=&quot;center&quot; width=&quot;50%&quot;&gt;
												&lt;img height=&quot;270&quot; src=&quot;http://fusionexcel.com/imgnews/wonghong2.jpg&quot; width=&quot;180&quot; /&gt;&lt;/td&gt;
										&lt;/tr&gt;
										&lt;tr&gt;
											&lt;td&gt;
												&lt;img height=&quot;252&quot; src=&quot;http://fusionexcel.com/imgnews/wonghong3.jpg&quot; width=&quot;352&quot; /&gt;&lt;/td&gt;
											&lt;td align=&quot;right&quot;&gt;
												&lt;img height=&quot;252&quot; src=&quot;http://fusionexcel.com/imgnews/wonghong4.jpg&quot; width=&quot;352&quot; /&gt;&lt;/td&gt;
										&lt;/tr&gt;
										&lt;tr&gt;
											&lt;td class=&quot;content&quot; colspan=&quot;2&quot; height=&quot;10&quot;&gt;
												I have been weight training for 20 years and competing the past 13 years (5 years professionally). I have juggle time between work and training, as I also own a fitness centre and a personal training business in Kuala Lumpur. All the years of intense training coupled with long hours at work have caused my body to be in the state of &amp;ldquo;wear and tear&amp;rdquo; where I have extreme joint pain, sometimes lack of focus, energy, trouble in sleeping and hence have affected my training tremendously.&amp;nbsp;&lt;br /&gt;
												&lt;br /&gt;
												Since wearing FusionExcel&amp;#39;s Quantum Pendant, all my problems are history. I can lift heavy&amp;nbsp;weights&amp;nbsp;again as my joints no longer ache. I am vibrant and full of energy everyday and getting plenty of quality sleep, which&amp;nbsp;is important in the sport of bodybuilding. Now I look forward to my training sessions even after a hard day&amp;#39;s work. I am feeling the best I have ever been! Thank you FusionExcel for&amp;nbsp;producing such a fantastic product.&lt;br /&gt;
												&lt;br /&gt;
												I highly recommend the Quantum Pendant&amp;nbsp;to anyone who&amp;nbsp;is looking forward to improving his/her overall well being. You won&amp;#39;t believe it until you try it!&lt;br /&gt;
												&lt;br /&gt;
												&lt;strong&gt;WONG HONG PROFILE:&lt;/strong&gt;&lt;br /&gt;
												&lt;br /&gt;
												- Mr Malaysia 1996 &amp;amp; 1999.&lt;br /&gt;
												- IFBB Mr. Asia Award in 1999.&lt;br /&gt;
												- Mr Eastern USA 2002.&lt;br /&gt;
												- Mr New York City 2002.&lt;br /&gt;
												- Officially listed on the Malaysian Book of Records for being the First Pro Bodybuilder as certified by&lt;br /&gt;
												&amp;nbsp;&amp;nbsp;the IFBB.&lt;/td&gt;
										&lt;/tr&gt;
										&lt;tr&gt;
										&lt;/tr&gt;
									&lt;/tbody&gt;
								&lt;/table&gt;
							&lt;/td&gt;
						&lt;/tr&gt;
					&lt;/tbody&gt;
				&lt;/table&gt;
			&lt;/td&gt;
		&lt;/tr&gt;
	&lt;/tbody&gt;
&lt;/table&gt;
&lt;p&gt;
	&amp;nbsp;&lt;/p&gt;
</content><meta><description>Wong Hong, Champion Body Builder, Profile, Mr Malaysia 1996 &amp; 1999, IFBB Mr. Asia Award in 1999, Mr Eastern USA 2002, Mr New York City 2002, Officially listed on the Malaysian Book of Records for being the First Pro Bodybuilder as certified by the IFBB.</description><keyword>Since wearing FusionExcel's Quantum Pendant, all my problems are history. I can lift heavy weights again as my joints no longer ache.</keyword><robots></robots><author></author></meta></en><bm><title>Testimonial - Quantum pendant</title><content></content><meta><description>Wong Hong, Champion Body Builder, Profile, Mr Malaysia 1996 &amp; 1999, IFBB Mr. Asia Award in 1999, Mr Eastern USA 2002, Mr New York City 2002, Officially listed on the Malaysian Book of Records for being the First Pro Bodybuilder as certified by the IFBB.</description><keyword>Since wearing FusionExcel's Quantum Pendant, all my problems are history. I can lift heavy weights again as my joints no longer ache.</keyword><robots></robots><author></author></meta></bm><chi><title>Testimonial - Quantum pendant</title><content></content><meta><description>Wong Hong, Champion Body Builder, Profile, Mr Malaysia 1996 &amp; 1999, IFBB Mr. Asia Award in 1999, Mr Eastern USA 2002, Mr New York City 2002, Officially listed on the Malaysian Book of Records for being the First Pro Bodybuilder as certified by the IFBB.</description><keyword>Since wearing FusionExcel's Quantum Pendant, all my problems are history. I can lift heavy weights again as my joints no longer ache.</keyword><robots></robots><author></author></meta></chi></article>