<?xml version='1.0' encoding='utf-8'?><article><en><title>FE Welcomes QP Wearer, Sandro Tobing, Renowned Indonesian Singer and Presenter. </title><content>&lt;table border=&quot;0&quot; cellpadding=&quot;0&quot; cellspacing=&quot;0&quot; width=&quot;100%&quot;&gt;
	&lt;tbody&gt;
		&lt;tr&gt;
			&lt;td align=&quot;center&quot; class=&quot;conthead&quot; valign=&quot;top&quot;&gt;
				&lt;img class=&quot;content&quot; height=&quot;352&quot; src=&quot;http://fusionexcel.com/imgnews/sandro.jpg&quot; width=&quot;460&quot; /&gt;&lt;/td&gt;
		&lt;/tr&gt;
		&lt;tr&gt;
			&lt;td align=&quot;center&quot; class=&quot;smallhead&quot; valign=&quot;top&quot;&gt;
				Sandro Tobing with FE Leader JM Anowar.&lt;/td&gt;
		&lt;/tr&gt;
	&lt;/tbody&gt;
&lt;/table&gt;
&lt;p&gt;
	&amp;nbsp;&lt;/p&gt;
</content><meta><description>FE Welcomes QP Wearer, Sandro Tobing, renowned Indonesian Singer and Presenter.</description><keyword>Sandro Tobing</keyword><robots>all</robots><author>klhunter</author></meta></en><bm><title>FE Welcomes QP Wearer, Sandro Tobing, Renowned Indonesian Singer and Presenter. </title><content></content><meta><description>FE Welcomes QP Wearer, Sandro Tobing, renowned Indonesian Singer and Presenter.</description><keyword>Sandro Tobing</keyword><robots>all</robots><author>klhunter</author></meta></bm><chi><title>FE Welcomes QP Wearer, Sandro Tobing, Renowned Indonesian Singer and Presenter. </title><content></content><meta><description>FE Welcomes QP Wearer, Sandro Tobing, renowned Indonesian Singer and Presenter.</description><keyword>Sandro Tobing</keyword><robots>all</robots><author>klhunter</author></meta></chi></article>