<?xml version='1.0' encoding='utf-8'?><article><en><title>FE Congratulations QP Wearer, Aaron Kong for Winning Gold at World Youth Championships Boy's Masters in Orlando, USA, 24th July 2008. </title><content>&lt;p&gt;
	&lt;br /&gt;
	&lt;img height=&quot;450&quot; src=&quot;http://fusionexcel.com/imgnews/aaron1.jpg&quot; width=&quot;600&quot; /&gt;&lt;br /&gt;
	&lt;span class=&quot;smallhead&quot;&gt;(From Left) Muhd Nur Aiman, Alex Liew, Aaron Kong, Latifah Ramli, Daniel Lim, Adrian Ang &amp;amp; Zulmazran&lt;/span&gt;&lt;br /&gt;
	&lt;br /&gt;
	&lt;img height=&quot;1304&quot; src=&quot;http://fusionexcel.com/imgnews/aaron2.jpg&quot; width=&quot;700&quot; /&gt;&lt;/p&gt;
</content><meta><description>FE Congratulations QP Wearer, Aaron Kong for winning Gold at World Youth Championships Boy's Masters in Orlando, USA, 24th July 2008.</description><keyword>Aaron Kong for Winning Gold at World Youth Championships Boy's Masters in Orlando, USA, 24th July 2008</keyword><robots>all</robots><author>klhunter</author></meta></en><bm><title>FE Congratulations QP Wearer, Aaron Kong for Winning Gold at World Youth Championships Boy's Masters in Orlando, USA, 24th July 2008. </title><content></content><meta><description>FE Congratulations QP Wearer, Aaron Kong for winning Gold at World Youth Championships Boy's Masters in Orlando, USA, 24th July 2008.</description><keyword>Aaron Kong for Winning Gold at World Youth Championships Boy's Masters in Orlando, USA, 24th July 2008</keyword><robots>all</robots><author>klhunter</author></meta></bm><chi><title>FE Congratulations QP Wearer, Aaron Kong for Winning Gold at World Youth Championships Boy's Masters in Orlando, USA, 24th July 2008. </title><content></content><meta><description>FE Congratulations QP Wearer, Aaron Kong for winning Gold at World Youth Championships Boy's Masters in Orlando, USA, 24th July 2008.</description><keyword>Aaron Kong for Winning Gold at World Youth Championships Boy's Masters in Orlando, USA, 24th July 2008</keyword><robots>all</robots><author>klhunter</author></meta></chi></article>