<?xml version='1.0' encoding='utf-8'?><article><en><title>FE Welcomes QP Wearer, Indonesian Celebrity Presenter, Muhammad Farhan.</title><content>&lt;table border=&quot;0&quot; cellpadding=&quot;0&quot; cellspacing=&quot;0&quot; width=&quot;100%&quot;&gt;
	&lt;tbody&gt;
		&lt;tr&gt;
			&lt;td align=&quot;center&quot; class=&quot;conthead&quot; valign=&quot;top&quot;&gt;
				&lt;img class=&quot;content&quot; height=&quot;450&quot; src=&quot;http://fusionexcel.com/imgnews/indocelebrity.jpg&quot; width=&quot;600&quot; /&gt;&lt;/td&gt;
		&lt;/tr&gt;
		&lt;tr&gt;
			&lt;td align=&quot;center&quot; class=&quot;smallhead&quot; valign=&quot;top&quot;&gt;
				FE Leader Lily with Muhammad Farhan.&lt;/td&gt;
		&lt;/tr&gt;
	&lt;/tbody&gt;
&lt;/table&gt;
&lt;p&gt;
	&amp;nbsp;&lt;/p&gt;
</content><meta><description>FE Welcomes QP Wearer, Indonesian Celebrity Presenter, Muhammad Farhan.</description><keyword>Indonesian Celebrity Presenter, Muhammad Farhan.
</keyword><robots>all</robots><author>klhunter</author></meta></en><bm><title>FE Welcomes QP Wearer, Indonesian Celebrity Presenter, Muhammad Farhan.</title><content></content><meta><description>FE Welcomes QP Wearer, Indonesian Celebrity Presenter, Muhammad Farhan.</description><keyword>Indonesian Celebrity Presenter, Muhammad Farhan.
</keyword><robots>all</robots><author>klhunter</author></meta></bm><chi><title>FE Welcomes QP Wearer, Indonesian Celebrity Presenter, Muhammad Farhan.</title><content></content><meta><description>FE Welcomes QP Wearer, Indonesian Celebrity Presenter, Muhammad Farhan.</description><keyword>Indonesian Celebrity Presenter, Muhammad Farhan.
</keyword><robots>all</robots><author>klhunter</author></meta></chi></article>