<?xml version='1.0' encoding='utf-8'?><article><en><title>Congratulations! FusionExcel Sponsored Kedah Badminton Team Wins GOLD at SUKMA 2008!</title><content>&lt;p&gt;
	FusionExcel sponsored Kedah Badminton Team did exceptionally well at recent SUKMA (Malaysia Sports) Games held in Trengganu from 31st May to 9th June 2008. Photo show Foo Kok Keong, FE Spokesman and former World Badminton Champion with the Team after presenting them with Quantum Bracelets before the Games.&lt;br /&gt;
	&lt;br /&gt;
	&lt;strong&gt;The Kedah Badminton Team Won the Following at SUKMA.&lt;/strong&gt;&lt;br /&gt;
	&lt;br /&gt;
	- Men&amp;#39;s Singles, Champion ( Chong Wei Feng)&lt;br /&gt;
	&lt;br /&gt;
	- Men&amp;#39;s Team,Champion&lt;br /&gt;
	&lt;br /&gt;
	- Mix Doubles, Runner Up ( Lim Khin Wah &amp;amp; Ooi Swee Wenn).&lt;br /&gt;
	&lt;br /&gt;
	Congratulations!&lt;br /&gt;
	&amp;nbsp;&lt;/p&gt;
&lt;table border=&quot;0&quot; cellpadding=&quot;0&quot; cellspacing=&quot;0&quot; width=&quot;100%&quot;&gt;
	&lt;tbody&gt;
		&lt;tr valign=&quot;top&quot;&gt;
			&lt;td align=&quot;center&quot;&gt;
				&lt;img height=&quot;311&quot; src=&quot;http://fusionexcel.com/imgnews/sukma1.jpg&quot; width=&quot;448&quot; /&gt;&lt;/td&gt;
		&lt;/tr&gt;
		&lt;tr valign=&quot;top&quot;&gt;
			&lt;td align=&quot;center&quot; height=&quot;10&quot;&gt;
				&lt;img height=&quot;311&quot; src=&quot;http://fusionexcel.com/imgnews/sukma2.jpg&quot; width=&quot;448&quot; /&gt;&lt;/td&gt;
		&lt;/tr&gt;
		&lt;tr valign=&quot;top&quot;&gt;
			&lt;td align=&quot;center&quot; height=&quot;10&quot;&gt;
				&lt;img height=&quot;311&quot; src=&quot;http://fusionexcel.com/imgnews/sukma3.jpg&quot; width=&quot;448&quot; /&gt;&lt;/td&gt;
		&lt;/tr&gt;
		&lt;tr valign=&quot;top&quot;&gt;
			&lt;td align=&quot;center&quot; height=&quot;10&quot;&gt;
				&lt;img height=&quot;311&quot; src=&quot;http://fusionexcel.com/imgnews/sukma4.jpg&quot; width=&quot;448&quot; /&gt;&lt;/td&gt;
		&lt;/tr&gt;
		&lt;tr valign=&quot;top&quot;&gt;
			&lt;td align=&quot;center&quot; height=&quot;10&quot;&gt;
				&lt;img height=&quot;311&quot; src=&quot;http://fusionexcel.com/imgnews/sukma5.jpg&quot; width=&quot;448&quot; /&gt;&lt;/td&gt;
		&lt;/tr&gt;
		&lt;tr valign=&quot;top&quot;&gt;
			&lt;td align=&quot;center&quot; height=&quot;10&quot;&gt;
				&lt;img height=&quot;311&quot; src=&quot;http://fusionexcel.com/imgnews/sukma6.jpg&quot; width=&quot;448&quot; /&gt;&lt;/td&gt;
		&lt;/tr&gt;
		&lt;tr valign=&quot;top&quot;&gt;
		&lt;/tr&gt;
	&lt;/tbody&gt;
&lt;/table&gt;
</content><meta><description>FusionExcel sponsored Kedah Badminton Team did exceptionally well at recent SUKMA ( Malaysia Sports) Games held in Trengganu.</description><keyword>FusionExcel Sponsored Kedah Badminton Team Wins GOLD at SUKMA 2008, Men's Singles, Champion ( Chong Wei Feng), Men's Team,Champion, Mix Doubles, Runner Up (Lim Khin Wah &amp; Ooi Swee Wenn).</keyword><robots>all</robots><author>klhunter</author></meta></en><bm><title>Congratulations! FusionExcel Sponsored Kedah Badminton Team Wins GOLD at SUKMA 2008!</title><content></content><meta><description>FusionExcel sponsored Kedah Badminton Team did exceptionally well at recent SUKMA ( Malaysia Sports) Games held in Trengganu.</description><keyword>FusionExcel Sponsored Kedah Badminton Team Wins GOLD at SUKMA 2008, Men's Singles, Champion ( Chong Wei Feng), Men's Team,Champion, Mix Doubles, Runner Up (Lim Khin Wah &amp; Ooi Swee Wenn).</keyword><robots>all</robots><author>klhunter</author></meta></bm><chi><title>Congratulations! FusionExcel Sponsored Kedah Badminton Team Wins GOLD at SUKMA 2008!</title><content></content><meta><description>FusionExcel sponsored Kedah Badminton Team did exceptionally well at recent SUKMA ( Malaysia Sports) Games held in Trengganu.</description><keyword>FusionExcel Sponsored Kedah Badminton Team Wins GOLD at SUKMA 2008, Men's Singles, Champion ( Chong Wei Feng), Men's Team,Champion, Mix Doubles, Runner Up (Lim Khin Wah &amp; Ooi Swee Wenn).</keyword><robots>all</robots><author>klhunter</author></meta></chi></article>