<?xml version='1.0' encoding='utf-8'?><article><en><title>Malaysia National Men's Doubles Badminton Player, Lee Wan Wah wearing FE's Quantum Pendant. FE wishes Lee Wan Wah success in the Beijing Olympic Games! </title><content>&lt;table border=&quot;0&quot; cellpadding=&quot;0&quot; cellspacing=&quot;0&quot; width=&quot;100%&quot;&gt;
	&lt;tbody&gt;
		&lt;tr&gt;
			&lt;td align=&quot;center&quot; class=&quot;conthead&quot; valign=&quot;top&quot;&gt;
				&lt;img class=&quot;content&quot; height=&quot;380&quot; src=&quot;http://fusionexcel.com/imgnews/wanwah1.jpg&quot; width=&quot;400&quot; /&gt;&lt;/td&gt;
		&lt;/tr&gt;
		&lt;tr&gt;
			&lt;td align=&quot;center&quot; class=&quot;smallhead&quot; valign=&quot;top&quot;&gt;
				Although they are different in every way, shuttlers Lee Wan Wah (left) and Choong Tan Fook share one dream - winning the Olympic gold&lt;/td&gt;
		&lt;/tr&gt;
		&lt;tr&gt;
			&lt;td align=&quot;center&quot; class=&quot;conthead&quot; valign=&quot;top&quot;&gt;
				&lt;img height=&quot;2000&quot; src=&quot;http://fusionexcel.com/imgnews/wanwah2.jpg&quot; width=&quot;700&quot; /&gt;&lt;/td&gt;
		&lt;/tr&gt;
	&lt;/tbody&gt;
&lt;/table&gt;
&lt;p&gt;
	&amp;nbsp;&lt;/p&gt;
</content><meta><description>Malaysia National Men's Doubles Badminton Player, Lee Wan Wah wearing FE's Quantum Pendant. FE wishes Lee Wan Wah success in the Beijing Olympic Games!</description><keyword>Malaysia National Men's Doubles Badminton Player, Lee Wan Wah wearing FE's Quantum Pendant. FE wishes Lee Wan Wah success in the Beijing Olympic Games! </keyword><robots>all</robots><author>klhunter</author></meta></en><bm><title>Malaysia National Men's Doubles Badminton Player, Lee Wan Wah wearing FE's Quantum Pendant. FE wishes Lee Wan Wah success in the Beijing Olympic Games! </title><content></content><meta><description>Malaysia National Men's Doubles Badminton Player, Lee Wan Wah wearing FE's Quantum Pendant. FE wishes Lee Wan Wah success in the Beijing Olympic Games!</description><keyword>Malaysia National Men's Doubles Badminton Player, Lee Wan Wah wearing FE's Quantum Pendant. FE wishes Lee Wan Wah success in the Beijing Olympic Games! </keyword><robots>all</robots><author>klhunter</author></meta></bm><chi><title>Malaysia National Men's Doubles Badminton Player, Lee Wan Wah wearing FE's Quantum Pendant. FE wishes Lee Wan Wah success in the Beijing Olympic Games! </title><content></content><meta><description>Malaysia National Men's Doubles Badminton Player, Lee Wan Wah wearing FE's Quantum Pendant. FE wishes Lee Wan Wah success in the Beijing Olympic Games!</description><keyword>Malaysia National Men's Doubles Badminton Player, Lee Wan Wah wearing FE's Quantum Pendant. FE wishes Lee Wan Wah success in the Beijing Olympic Games! </keyword><robots>all</robots><author>klhunter</author></meta></chi></article>