<?xml version='1.0' encoding='utf-8'?><article><en><title>Malaysia Taekwando Representative, Che Chew Chan wearing FE's Quantum Pendant During Workout. FE Wishes Che Chew Chan Success in the Beijing Olyimpic Games! </title><content>&lt;table border=&quot;0&quot; cellpadding=&quot;0&quot; cellspacing=&quot;0&quot; width=&quot;100%&quot;&gt;
	&lt;tbody&gt;
		&lt;tr&gt;
			&lt;td align=&quot;center&quot; class=&quot;conthead&quot; valign=&quot;top&quot;&gt;
				&lt;img height=&quot;516&quot; src=&quot;http://fusionexcel.com/imgnews/che1.jpg&quot; width=&quot;700&quot; /&gt;&lt;/td&gt;
		&lt;/tr&gt;
		&lt;tr&gt;
			&lt;td align=&quot;center&quot; class=&quot;conthead&quot; valign=&quot;top&quot;&gt;
				&lt;img height=&quot;2577&quot; src=&quot;http://fusionexcel.com/imgnews/che2.jpg&quot; width=&quot;700&quot; /&gt;&lt;/td&gt;
		&lt;/tr&gt;
	&lt;/tbody&gt;
&lt;/table&gt;
&lt;p&gt;
	&amp;nbsp;&lt;/p&gt;
</content><meta><description>Malaysia Taekwando representative, Che Chew Chan wearing FE's Quantum Pendant during workout. FE wishes Che Chew Chan success in the Beijing Olyimpic Games!</description><keyword>Malaysia Taekwando Representative, Che Chew Chan wearing FE's Quantum Pendant During Workout. FE Wishes Che Chew Chan Success in the Beijing Olyimpic Games! </keyword><robots>all</robots><author>klhunter</author></meta></en><bm><title>Malaysia Taekwando Representative, Che Chew Chan wearing FE's Quantum Pendant During Workout. FE Wishes Che Chew Chan Success in the Beijing Olyimpic Games! </title><content></content><meta><description>Malaysia Taekwando representative, Che Chew Chan wearing FE's Quantum Pendant during workout. FE wishes Che Chew Chan success in the Beijing Olyimpic Games!</description><keyword>Malaysia Taekwando Representative, Che Chew Chan wearing FE's Quantum Pendant During Workout. FE Wishes Che Chew Chan Success in the Beijing Olyimpic Games! </keyword><robots>all</robots><author>klhunter</author></meta></bm><chi><title>Malaysia Taekwando Representative, Che Chew Chan wearing FE's Quantum Pendant During Workout. FE Wishes Che Chew Chan Success in the Beijing Olyimpic Games! </title><content></content><meta><description>Malaysia Taekwando representative, Che Chew Chan wearing FE's Quantum Pendant during workout. FE wishes Che Chew Chan success in the Beijing Olyimpic Games!</description><keyword>Malaysia Taekwando Representative, Che Chew Chan wearing FE's Quantum Pendant During Workout. FE Wishes Che Chew Chan Success in the Beijing Olyimpic Games! </keyword><robots>all</robots><author>klhunter</author></meta></chi></article>