<?xml version='1.0' encoding='utf-8'?><article><en><title>Congratulations Shalin Zulkifli on Your Achievements in USA! </title><content>&lt;table border=&quot;0&quot; cellpadding=&quot;0&quot; cellspacing=&quot;0&quot; width=&quot;100%&quot;&gt;
	&lt;tbody&gt;
		&lt;tr&gt;
			&lt;td valign=&quot;top&quot; width=&quot;740&quot;&gt;
				&lt;table border=&quot;0&quot; cellpadding=&quot;0&quot; cellspacing=&quot;0&quot; width=&quot;100%&quot;&gt;
					&lt;tbody&gt;
						&lt;tr&gt;
							&lt;td bgcolor=&quot;#999999&quot; valign=&quot;top&quot;&gt;
								&lt;table border=&quot;0&quot; cellpadding=&quot;10&quot; cellspacing=&quot;1&quot; width=&quot;100%&quot;&gt;
									&lt;tbody&gt;
										&lt;tr&gt;
											&lt;td bgcolor=&quot;#EEF0FC&quot; height=&quot;943&quot; valign=&quot;top&quot;&gt;
												&lt;table border=&quot;0&quot; cellpadding=&quot;0&quot; cellspacing=&quot;0&quot; width=&quot;100%&quot;&gt;
													&lt;tbody&gt;
														&lt;tr&gt;
															&lt;td align=&quot;center&quot; valign=&quot;top&quot;&gt;
																&lt;img height=&quot;206&quot; src=&quot;http://fusionexcel.com/imgnews/shalinUSA1.jpg&quot; width=&quot;197&quot; /&gt;&lt;br /&gt;
																&lt;br /&gt;
																&lt;img height=&quot;1047&quot; src=&quot;http://fusionexcel.com/imgnews/shalinUSA2.png&quot; width=&quot;700&quot; /&gt;&lt;br /&gt;
																&lt;br /&gt;
																&amp;nbsp;&lt;/td&gt;
														&lt;/tr&gt;
													&lt;/tbody&gt;
												&lt;/table&gt;
											&lt;/td&gt;
										&lt;/tr&gt;
									&lt;/tbody&gt;
								&lt;/table&gt;
							&lt;/td&gt;
						&lt;/tr&gt;
					&lt;/tbody&gt;
				&lt;/table&gt;
			&lt;/td&gt;
		&lt;/tr&gt;
	&lt;/tbody&gt;
&lt;/table&gt;
&lt;p&gt;
	&amp;nbsp;&lt;/p&gt;
</content><meta><description>Congratulations Shalin Zulkifli on your achievements in USA!</description><keyword>Congratulations Shalin Zulkifli on Your Achievements in USA! </keyword><robots>all</robots><author>klhunter</author></meta></en><bm><title>Congratulations Shalin Zulkifli on Your Achievements in USA! </title><content></content><meta><description>Congratulations Shalin Zulkifli on your achievements in USA!</description><keyword>Congratulations Shalin Zulkifli on Your Achievements in USA! </keyword><robots>all</robots><author>klhunter</author></meta></bm><chi><title>Congratulations Shalin Zulkifli on Your Achievements in USA! </title><content></content><meta><description>Congratulations Shalin Zulkifli on your achievements in USA!</description><keyword>Congratulations Shalin Zulkifli on Your Achievements in USA! </keyword><robots>all</robots><author>klhunter</author></meta></chi></article>