<?xml version='1.0' encoding='utf-8'?><article><en><title>FE Welcomes QP Wearers, Chan Han (Chairman Asian Tour &amp;amp; President PGA, Myanmar) and Myo Win (former Asian Tour Golfer)!</title><content>&lt;p&gt;
	&lt;br /&gt;
	&lt;img height=&quot;450&quot; src=&quot;http://fusionexcel.com/imgnews/chanandmyo.jpg&quot; width=&quot;600&quot; /&gt;&lt;/p&gt;
</content><meta><description>FE Welcomes QP Wearers, Chan Han (Chairman Asian Tour &amp;amp; President PGA, Myanmar)
and Myo Win (former Asian Tour Golfer)!</description><keyword>FE Welcomes QP Wearers, Chan Han (Chairman Asian Tour &amp;amp; President PGA, Myanmar)
and Myo Win (former Asian Tour Golfer)!</keyword><robots>all</robots><author>klhunter</author></meta></en><bm><title>FE Welcomes QP Wearers, Chan Han (Chairman Asian Tour &amp; President PGA, Myanmar) and Myo Win (Former Asian Tour Golfer)! </title><content></content><meta><description>FE Welcomes QP Wearers, Chan Han (Chairman Asian Tour &amp;amp; President PGA, Myanmar)
and Myo Win (former Asian Tour Golfer)!</description><keyword>FE Welcomes QP Wearers, Chan Han (Chairman Asian Tour &amp;amp; President PGA, Myanmar)
and Myo Win (former Asian Tour Golfer)!</keyword><robots>all</robots><author>klhunter</author></meta></bm><chi><title>FE Welcomes QP Wearers, Chan Han (Chairman Asian Tour &amp; President PGA, Myanmar) and Myo Win (Former Asian Tour Golfer)! </title><content></content><meta><description>FE Welcomes QP Wearers, Chan Han (Chairman Asian Tour &amp;amp; President PGA, Myanmar)
and Myo Win (former Asian Tour Golfer)!</description><keyword>FE Welcomes QP Wearers, Chan Han (Chairman Asian Tour &amp;amp; President PGA, Myanmar)
and Myo Win (former Asian Tour Golfer)!</keyword><robots>all</robots><author>klhunter</author></meta></chi></article>