<?xml version='1.0' encoding='utf-8'?><article><en><title>Testimonial - Quantum Pendant</title><content>&lt;p&gt;
	&amp;nbsp;Wimpie Van Der Merwe, 8 Times World Champion Cyclist .&lt;/p&gt;
&lt;table border=&quot;0&quot; cellpadding=&quot;0&quot; cellspacing=&quot;0&quot; width=&quot;100%&quot;&gt;
	&lt;tbody&gt;
		&lt;tr&gt;
			&lt;td class=&quot;content&quot; valign=&quot;top&quot;&gt;
				&lt;table border=&quot;0&quot; cellpadding=&quot;0&quot; cellspacing=&quot;0&quot; width=&quot;100%&quot;&gt;
					&lt;tbody&gt;
						&lt;tr&gt;
							&lt;td width=&quot;10&quot;&gt;
								&amp;nbsp;&lt;/td&gt;
							&lt;td&gt;
								&lt;table border=&quot;0&quot; cellpadding=&quot;0&quot; cellspacing=&quot;0&quot; width=&quot;100%&quot;&gt;
									&lt;tbody&gt;
										&lt;tr&gt;
											&lt;td width=&quot;50%&quot;&gt;
												&lt;img height=&quot;256&quot; src=&quot;http://fusionexcel.com/imgnews/wimpie1.jpg&quot; width=&quot;352&quot; /&gt;&lt;/td&gt;
											&lt;td align=&quot;right&quot; width=&quot;50%&quot;&gt;
												&lt;img height=&quot;256&quot; src=&quot;http://fusionexcel.com/imgnews/wimpie2.jpg&quot; width=&quot;352&quot; /&gt;&lt;/td&gt;
										&lt;/tr&gt;
										&lt;tr&gt;
											&lt;td&gt;
												&lt;img height=&quot;487&quot; src=&quot;http://fusionexcel.com/imgnews/wimpie3.jpg&quot; width=&quot;352&quot; /&gt;&lt;/td&gt;
											&lt;td align=&quot;right&quot;&gt;
												&lt;img height=&quot;487&quot; src=&quot;http://fusionexcel.com/imgnews/wimpie4.jpg&quot; width=&quot;352&quot; /&gt;&lt;/td&gt;
										&lt;/tr&gt;
										&lt;tr&gt;
											&lt;td class=&quot;content&quot; colspan=&quot;2&quot; height=&quot;10&quot;&gt;
												&lt;span lang=&quot;EN-ZA&quot;&gt;&lt;strong&gt;&lt;strong&gt;WIMPIE VAN DER MERWE (SOUTH AFRICAN) ACHIVEMENTS:&lt;/strong&gt;&lt;/strong&gt;&lt;/span&gt;&lt;br /&gt;
												- &lt;span lang=&quot;EN-ZA&quot;&gt;8 Times World Champion Cyclist.&lt;/span&gt;&lt;br /&gt;
												- &lt;span lang=&quot;EN-ZA&quot;&gt;11 Speed and Endurance World Records&lt;/span&gt;.&lt;br /&gt;
												&lt;br /&gt;
												&lt;span lang=&quot;EN-ZA&quot;&gt;After wearing FusionExcel&amp;#39;s Quantum Pendant, it&amp;#39;s an amazing experience to be pain free from a lower back injury within minutes, a condition that conventional treatment like chiropractors, physiotherapists and medicine could not treat me successfully&lt;/span&gt;.&lt;br /&gt;
												&lt;br /&gt;
												&lt;span lang=&quot;EN-ZA&quot;&gt;Now whenever I exercise I recuperate much faster, no more sore and stiff muscles. I hydrate many times faster, something crucial in endurance sport. As a result my body pH is more alkaline&lt;/span&gt;.&lt;br /&gt;
												&lt;br /&gt;
												&lt;span lang=&quot;EN-ZA&quot;&gt;I have a general feeling of well being and improved endurance, thanks to FusionExcel&amp;#39;s Quantum Pendant,&amp;nbsp;a product that is so simple, non-addictive, one on which you cannot overdose nor have negative side-effects of. It is an amazing holistic and pro-active health product!&lt;/span&gt;&lt;/td&gt;
										&lt;/tr&gt;
									&lt;/tbody&gt;
								&lt;/table&gt;
							&lt;/td&gt;
						&lt;/tr&gt;
					&lt;/tbody&gt;
				&lt;/table&gt;
			&lt;/td&gt;
		&lt;/tr&gt;
	&lt;/tbody&gt;
&lt;/table&gt;
&lt;p&gt;
	&amp;nbsp;&lt;/p&gt;
</content><meta><description>After wearing FusionExcel's Quantum Pendant, it's an amazing experience to be pain free from a lower back injury within minutes.</description><keyword>Wimpie van der Merwe, 8 Times World Champion Cyclist, 11 Speed and Endurance World Records, hiropractors, physiotherapists, Quantum Pendant.</keyword><robots>all</robots><author>klhunter</author></meta></en><bm><title>Testimonial - Quantum Pendant</title><content></content><meta><description>After wearing FusionExcel's Quantum Pendant, it's an amazing experience to be pain free from a lower back injury within minutes.</description><keyword>Wimpie van der Merwe, 8 Times World Champion Cyclist, 11 Speed and Endurance World Records, hiropractors, physiotherapists, Quantum Pendant.</keyword><robots>all</robots><author>klhunter</author></meta></bm><chi><title>Testimonial - Quantum Pendant</title><content></content><meta><description>After wearing FusionExcel's Quantum Pendant, it's an amazing experience to be pain free from a lower back injury within minutes.</description><keyword>Wimpie van der Merwe, 8 Times World Champion Cyclist, 11 Speed and Endurance World Records, hiropractors, physiotherapists, Quantum Pendant.</keyword><robots>all</robots><author>klhunter</author></meta></chi></article>