<?xml version='1.0' encoding='utf-8'?><article><en><title>FE Welcomes QP Wearer, Footballer Addie, My Team Malaysia Striker! </title><content>&lt;p&gt;
	&lt;br /&gt;
	&lt;br /&gt;
	&lt;img height=&quot;450&quot; src=&quot;http://fusionexcel.com/imgnews/footballer.jpg&quot; width=&quot;600&quot; /&gt;&lt;/p&gt;
</content><meta><description>FE Welcomes QP Wearer, Footballer Addie, My Team Malaysia Striker!</description><keyword>FE Welcomes QP Wearer, Footballer Addie, My Team Malaysia Striker!</keyword><robots>all</robots><author>klhunter</author></meta></en><bm><title>FE Welcomes QP Wearer, Footballer Addie, My Team Malaysia Striker! </title><content></content><meta><description>FE Welcomes QP Wearer, Footballer Addie, My Team Malaysia Striker!</description><keyword>FE Welcomes QP Wearer, Footballer Addie, My Team Malaysia Striker!</keyword><robots>all</robots><author>klhunter</author></meta></bm><chi><title>FE Welcomes QP Wearer, Footballer Addie, My Team Malaysia Striker! </title><content></content><meta><description>FE Welcomes QP Wearer, Footballer Addie, My Team Malaysia Striker!</description><keyword>FE Welcomes QP Wearer, Footballer Addie, My Team Malaysia Striker!</keyword><robots>all</robots><author>klhunter</author></meta></chi></article>