<?xml version='1.0' encoding='utf-8'?><article><en><title>FE Welcomes QP Wearer, Lukmanal Hakim, Indonesia National Baseball Coach!</title><content>&lt;p&gt;
	&lt;img height=&quot;450&quot; src=&quot;http://fusionexcel.com/imgnews/lukmanal.jpg&quot; width=&quot;600&quot; /&gt;&lt;br /&gt;
	&lt;br /&gt;
	&lt;br /&gt;
	&lt;br /&gt;
	&lt;br /&gt;
	&lt;br /&gt;
	&lt;br /&gt;
	&lt;br /&gt;
	&amp;nbsp;&lt;/p&gt;
</content><meta><description>FE Welcomes QP Wearer, Lukmanal Hakim, Indonesia National Baseball Coach!</description><keyword>FE Welcomes QP Wearer, Lukmanal Hakim, Indonesia National Baseball Coach!</keyword><robots>all</robots><author>klhunter</author></meta></en><bm><title>FE Welcomes QP Wearer, Lukmanal Hakim, Indonesia National Baseball Coach!</title><content></content><meta><description>FE Welcomes QP Wearer, Lukmanal Hakim, Indonesia National Baseball Coach!</description><keyword>FE Welcomes QP Wearer, Lukmanal Hakim, Indonesia National Baseball Coach!</keyword><robots>all</robots><author>klhunter</author></meta></bm><chi><title>FE Welcomes QP Wearer, Lukmanal Hakim, Indonesia National Baseball Coach!</title><content></content><meta><description>FE Welcomes QP Wearer, Lukmanal Hakim, Indonesia National Baseball Coach!</description><keyword>FE Welcomes QP Wearer, Lukmanal Hakim, Indonesia National Baseball Coach!</keyword><robots>all</robots><author>klhunter</author></meta></chi></article>