<?xml version='1.0' encoding='utf-8'?><article><en><title>FusionExcel Sponsors 3rd Hua Hin Cha-Am Golf Competition, Thailand!</title><content>&lt;p&gt;
	The 3rd Golf Competition of the Hua Hin Cha-Am Golf Festival 2008 was conducted at championship golf course - Majestic Creek.&amp;nbsp;The Competition was fully booked by Thai and foreign golfers, especially from&amp;nbsp;Japan, Korea and Taiwan.&amp;nbsp;Majestic Creek&amp;nbsp; golf course is well known to be a tough course to play due to it&amp;#39;s narrow fairways and fast green.&lt;br /&gt;
	&lt;br /&gt;
	Winners of the competition were talented Thai golfers. FusionExcel is a Sponsor of the Event and FusionExcel&amp;#39;s Quantum Pendant&amp;nbsp; was the only product allowed to do sales&amp;nbsp;and conduct demonstrations on the stage during the&amp;nbsp;Award Presentation.&lt;br /&gt;
	&lt;br /&gt;
	Thank you FusionExcel Leader, Vivat and team&amp;nbsp;for&amp;nbsp;yet another&amp;nbsp;successful event!&lt;br /&gt;
	&amp;nbsp;&lt;/p&gt;
&lt;table border=&quot;0&quot; cellpadding=&quot;0&quot; cellspacing=&quot;0&quot; width=&quot;100%&quot;&gt;
	&lt;tbody&gt;
		&lt;tr valign=&quot;top&quot;&gt;
			&lt;td align=&quot;center&quot; colspan=&quot;2&quot;&gt;
				&lt;img src=&quot;http://fusionexcel.com/imgnews/3rdhua1.jpg&quot; /&gt;&lt;/td&gt;
		&lt;/tr&gt;
		&lt;tr valign=&quot;top&quot;&gt;
			&lt;td align=&quot;center&quot; colspan=&quot;2&quot; height=&quot;10&quot;&gt;
				&lt;span class=&quot;smallhead&quot;&gt;Golfers waiting for putting practice&lt;/span&gt;&lt;/td&gt;
		&lt;/tr&gt;
		&lt;tr valign=&quot;top&quot;&gt;
			&lt;td align=&quot;center&quot; colspan=&quot;2&quot;&gt;
				&lt;img src=&quot;http://fusionexcel.com/imgnews/3rdhua2.jpg&quot; /&gt;&lt;/td&gt;
		&lt;/tr&gt;
		&lt;tr valign=&quot;top&quot;&gt;
			&lt;td align=&quot;center&quot; class=&quot;smallhead&quot; colspan=&quot;2&quot;&gt;
				FusionExcel Leader Vivat&amp;nbsp;explains to &amp;nbsp;young golfer how Quantum Pendant can help improve flexibility&lt;/td&gt;
		&lt;/tr&gt;
		&lt;tr valign=&quot;top&quot;&gt;
			&lt;td align=&quot;center&quot; colspan=&quot;2&quot;&gt;
				&lt;img src=&quot;http://fusionexcel.com/imgnews/3rdhua3.jpg&quot; /&gt;&lt;/td&gt;
		&lt;/tr&gt;
		&lt;tr valign=&quot;top&quot;&gt;
			&lt;td align=&quot;center&quot; colspan=&quot;2&quot;&gt;
				&lt;span class=&quot;smallhead&quot;&gt;FusionExcel Leader Vivat explains how Quantum Pendant can improve strength&lt;/span&gt;&lt;/td&gt;
		&lt;/tr&gt;
		&lt;tr valign=&quot;top&quot;&gt;
			&lt;td align=&quot;center&quot; colspan=&quot;2&quot;&gt;
				&lt;img src=&quot;http://fusionexcel.com/imgnews/3rdhua4.jpg&quot; /&gt;&lt;/td&gt;
		&lt;/tr&gt;
		&lt;tr valign=&quot;top&quot;&gt;
			&lt;td align=&quot;center&quot; class=&quot;smallhead&quot; colspan=&quot;2&quot;&gt;
				Vivat doing balance test with Quantum Pendant&lt;/td&gt;
		&lt;/tr&gt;
		&lt;tr valign=&quot;top&quot;&gt;
			&lt;td align=&quot;center&quot; colspan=&quot;2&quot;&gt;
				&lt;img src=&quot;http://fusionexcel.com/imgnews/3rdhua5.jpg&quot; /&gt;&lt;/td&gt;
		&lt;/tr&gt;
		&lt;tr valign=&quot;top&quot;&gt;
			&lt;td align=&quot;center&quot; class=&quot;smallhead&quot; colspan=&quot;2&quot;&gt;
				Vivat explaining the balance test&lt;/td&gt;
		&lt;/tr&gt;
		&lt;tr valign=&quot;top&quot;&gt;
			&lt;td align=&quot;center&quot; colspan=&quot;2&quot;&gt;
				&lt;img src=&quot;http://fusionexcel.com/imgnews/3rdhua6.jpg&quot; /&gt;&lt;/td&gt;
		&lt;/tr&gt;
		&lt;tr valign=&quot;top&quot;&gt;
			&lt;td align=&quot;center&quot; class=&quot;smallhead&quot; colspan=&quot;2&quot;&gt;
				14 year old Quantum Pendant Wearer of 2 mths. Handicap improves to 4!&lt;/td&gt;
		&lt;/tr&gt;
		&lt;tr valign=&quot;top&quot;&gt;
			&lt;td align=&quot;center&quot; colspan=&quot;2&quot;&gt;
				&lt;img src=&quot;http://fusionexcel.com/imgnews/3rdhua7.jpg&quot; /&gt;&lt;/td&gt;
		&lt;/tr&gt;
		&lt;tr valign=&quot;top&quot;&gt;
			&lt;td align=&quot;center&quot; class=&quot;smallhead&quot; colspan=&quot;2&quot;&gt;
				Winner of Competition receiving Quantum Pendant from Vivat&lt;/td&gt;
		&lt;/tr&gt;
		&lt;tr valign=&quot;top&quot;&gt;
			&lt;td align=&quot;center&quot; colspan=&quot;2&quot;&gt;
				&lt;img src=&quot;http://fusionexcel.com/imgnews/3rdhua8.jpg&quot; /&gt;&lt;/td&gt;
		&lt;/tr&gt;
		&lt;tr valign=&quot;top&quot;&gt;
			&lt;td align=&quot;center&quot; class=&quot;smallhead&quot; colspan=&quot;2&quot;&gt;
				Vivat with Winners of Golf Competition&lt;/td&gt;
		&lt;/tr&gt;
	&lt;/tbody&gt;
&lt;/table&gt;
&lt;p&gt;
	&amp;nbsp;&lt;/p&gt;
</content><meta><description>The 3rd Golf Competition of the Hua Hin Cha-Am Golf Festival 2008 was conducted at championship golf course - Majestic Creek.</description><keyword>FusionExcel Sponsors 3rd Hua Hin Cha-Am Golf Competition, Thailand.</keyword><robots>all</robots><author>klhunter</author></meta></en><bm><title>FusionExcel Sponsors 3rd Hua Hin Cha-Am Golf Competition, Thailand!</title><content></content><meta><description>The 3rd Golf Competition of the Hua Hin Cha-Am Golf Festival 2008 was conducted at championship golf course - Majestic Creek.</description><keyword>FusionExcel Sponsors 3rd Hua Hin Cha-Am Golf Competition, Thailand.</keyword><robots>all</robots><author>klhunter</author></meta></bm><chi><title>FusionExcel Sponsors 3rd Hua Hin Cha-Am Golf Competition, Thailand!</title><content></content><meta><description>The 3rd Golf Competition of the Hua Hin Cha-Am Golf Festival 2008 was conducted at championship golf course - Majestic Creek.</description><keyword>FusionExcel Sponsors 3rd Hua Hin Cha-Am Golf Competition, Thailand.</keyword><robots>all</robots><author>klhunter</author></meta></chi></article>