<?xml version='1.0' encoding='utf-8'?><article><en><title>FusionExcel Sponsors Malaysian Paralympics Team Beijing 2008!</title><content>&lt;table border=&quot;0&quot; cellpadding=&quot;0&quot; cellspacing=&quot;0&quot; width=&quot;100%&quot;&gt;
	&lt;tbody&gt;
		&lt;tr&gt;
			&lt;td valign=&quot;top&quot; width=&quot;740&quot;&gt;
				&lt;table border=&quot;0&quot; cellpadding=&quot;0&quot; cellspacing=&quot;0&quot; width=&quot;100%&quot;&gt;
					&lt;tbody&gt;
						&lt;tr&gt;
							&lt;td bgcolor=&quot;#999999&quot; valign=&quot;top&quot;&gt;
								&lt;table border=&quot;0&quot; cellpadding=&quot;10&quot; cellspacing=&quot;1&quot; width=&quot;100%&quot;&gt;
									&lt;tbody&gt;
										&lt;tr&gt;
											&lt;td bgcolor=&quot;#EEF0FC&quot; height=&quot;943&quot; valign=&quot;top&quot;&gt;
												&lt;table border=&quot;0&quot; cellpadding=&quot;0&quot; cellspacing=&quot;0&quot; width=&quot;100%&quot;&gt;
													&lt;tbody&gt;
														&lt;tr&gt;
															&lt;td class=&quot;content&quot;&gt;
																&lt;div&gt;
																	&lt;div align=&quot;justify&quot;&gt;
																		At a lunch hosted by FusionExcel on Tuesday 26th August 2008 at Bukit Jalil Golf and Country Club, FE is proud&amp;nbsp;to present FusionExcel&amp;#39;s Quantum Pendant to the Malaysian Paralympics Team who will be&amp;nbsp;representing Malaysia&amp;nbsp;at the Paralympic Beijing 2008.&lt;br /&gt;
																		&lt;br /&gt;
																		FusionExcel wishes the Malaysian Paralympics Team GREAT SUCCESS in Beijing!&lt;/div&gt;
																&lt;/div&gt;
															&lt;/td&gt;
														&lt;/tr&gt;
														&lt;tr&gt;
															&lt;td align=&quot;center&quot;&gt;
																&lt;img src=&quot;http://fusionexcel.com/imgnews/para1.jpg&quot; /&gt;&lt;/td&gt;
														&lt;/tr&gt;
														&lt;tr&gt;
															&lt;td&gt;
																&lt;table border=&quot;0&quot; cellpadding=&quot;0&quot; cellspacing=&quot;0&quot; width=&quot;100%&quot;&gt;
																	&lt;tbody&gt;
																		&lt;tr valign=&quot;top&quot;&gt;
																			&lt;td width=&quot;50%&quot;&gt;
																				&lt;img height=&quot;240&quot; src=&quot;http://fusionexcel.com/imgnews/para2.jpg&quot; width=&quot;353&quot; /&gt;&lt;/td&gt;
																			&lt;td align=&quot;right&quot;&gt;
																				&lt;img height=&quot;240&quot; src=&quot;http://fusionexcel.com/imgnews/para3.jpg&quot; width=&quot;353&quot; /&gt;&lt;/td&gt;
																		&lt;/tr&gt;
																		&lt;tr valign=&quot;top&quot;&gt;
																			&lt;td&gt;
																				&lt;img height=&quot;240&quot; src=&quot;http://fusionexcel.com/imgnews/para4.jpg&quot; width=&quot;353&quot; /&gt;&lt;/td&gt;
																			&lt;td align=&quot;right&quot;&gt;
																				&lt;img height=&quot;240&quot; src=&quot;http://fusionexcel.com/imgnews/para5.jpg&quot; width=&quot;353&quot; /&gt;&lt;/td&gt;
																		&lt;/tr&gt;
																		&lt;tr valign=&quot;top&quot;&gt;
																			&lt;td&gt;
																				&lt;img height=&quot;240&quot; src=&quot;http://fusionexcel.com/imgnews/para6.jpg&quot; width=&quot;353&quot; /&gt;&lt;/td&gt;
																			&lt;td align=&quot;right&quot;&gt;
																				&lt;img height=&quot;240&quot; src=&quot;http://fusionexcel.com/imgnews/para7.jpg&quot; width=&quot;353&quot; /&gt;&lt;/td&gt;
																		&lt;/tr&gt;
																		&lt;tr valign=&quot;top&quot;&gt;
																			&lt;td&gt;
																				&lt;img height=&quot;240&quot; src=&quot;http://fusionexcel.com/imgnews/para8.jpg&quot; width=&quot;353&quot; /&gt;&lt;/td&gt;
																			&lt;td align=&quot;right&quot;&gt;
																				&lt;img height=&quot;240&quot; src=&quot;http://fusionexcel.com/imgnews/para9.jpg&quot; width=&quot;353&quot; /&gt;&lt;/td&gt;
																		&lt;/tr&gt;
																	&lt;/tbody&gt;
																&lt;/table&gt;
															&lt;/td&gt;
														&lt;/tr&gt;
													&lt;/tbody&gt;
												&lt;/table&gt;
											&lt;/td&gt;
										&lt;/tr&gt;
									&lt;/tbody&gt;
								&lt;/table&gt;
							&lt;/td&gt;
						&lt;/tr&gt;
					&lt;/tbody&gt;
				&lt;/table&gt;
			&lt;/td&gt;
		&lt;/tr&gt;
	&lt;/tbody&gt;
&lt;/table&gt;
&lt;p&gt;
	&amp;nbsp;&lt;/p&gt;
</content><meta><description>FusionExcel, Malaysian Paralympics Team Beijing 2008!, FusionExcel's Quantum Pendant.</description><keyword>FusionExcel is proud to present FusionExcel's Quantum Pendant to the Malaysian Paralympics Team who will be representing Malaysia at the Paralympic Beijing 2008.</keyword><robots></robots><author></author></meta></en><bm><title>FusionExcel Sponsors Malaysian Paralympics Team Beijing 2008!</title><content></content><meta><description>FusionExcel, Malaysian Paralympics Team Beijing 2008!, FusionExcel's Quantum Pendant.</description><keyword>FusionExcel, Malaysian Paralympics Team Beijing 2008!, FusionExcel's Quantum Pendant.</keyword><robots></robots><author></author></meta></bm><chi><title>FusionExcel Sponsors Malaysian Paralympics Team Beijing 2008!</title><content></content><meta><description>FusionExcel, Malaysian Paralympics Team Beijing 2008!, FusionExcel's Quantum Pendant.</description><keyword>FusionExcel, Malaysian Paralympics Team Beijing 2008!, FusionExcel's Quantum Pendant.</keyword><robots></robots><author></author></meta></chi></article>