<?xml version='1.0' encoding='utf-8'?><article><en><title>FE on Astro TV, Jia Yu Channel. </title><content>&lt;table border=&quot;0&quot; cellpadding=&quot;0&quot; cellspacing=&quot;0&quot; width=&quot;100%&quot;&gt;
	&lt;tbody&gt;
		&lt;tr&gt;
			&lt;td valign=&quot;top&quot; width=&quot;740&quot;&gt;
				&lt;table border=&quot;0&quot; cellpadding=&quot;0&quot; cellspacing=&quot;0&quot; width=&quot;100%&quot;&gt;
					&lt;tbody&gt;
						&lt;tr&gt;
							&lt;td bgcolor=&quot;#999999&quot; valign=&quot;top&quot;&gt;
								&lt;table border=&quot;0&quot; cellpadding=&quot;10&quot; cellspacing=&quot;1&quot; width=&quot;100%&quot;&gt;
									&lt;tbody&gt;
										&lt;tr&gt;
											&lt;td bgcolor=&quot;#EEF0FC&quot; height=&quot;943&quot; valign=&quot;top&quot;&gt;
												&lt;table border=&quot;0&quot; cellpadding=&quot;0&quot; cellspacing=&quot;0&quot; width=&quot;100%&quot;&gt;
													&lt;tbody&gt;
														&lt;tr&gt;
															&lt;td class=&quot;content&quot; valign=&quot;top&quot;&gt;
																Astro TV Jia Yu Channel&amp;#39;s Mary Go Round Show recently did a TV shoot at FE Spokesman &amp;amp; World Kickboxing Champion , Bathi Allimuthu&amp;#39;s Xtreme Gym with TV Star Johnson Low. FE&amp;#39;s QP is featured prominently on the Show.&lt;/td&gt;
														&lt;/tr&gt;
														&lt;tr&gt;
															&lt;td class=&quot;content&quot; valign=&quot;top&quot;&gt;
																&lt;table border=&quot;0&quot; cellpadding=&quot;0&quot; cellspacing=&quot;0&quot; width=&quot;100%&quot;&gt;
																	&lt;tbody&gt;
																		&lt;tr valign=&quot;top&quot;&gt;
																			&lt;td align=&quot;center&quot;&gt;
																				&lt;img src=&quot;http://fusionexcel.com/imgnews/jiayu1.jpg&quot; /&gt;&lt;/td&gt;
																		&lt;/tr&gt;
																		&lt;tr valign=&quot;top&quot;&gt;
																			&lt;td align=&quot;center&quot;&gt;
																				&lt;img src=&quot;http://fusionexcel.com/imgnews/jiayu2.jpg&quot; /&gt;&lt;/td&gt;
																		&lt;/tr&gt;
																		&lt;tr valign=&quot;top&quot;&gt;
																			&lt;td align=&quot;center&quot;&gt;
																				&lt;img src=&quot;http://fusionexcel.com/imgnews/jiayu3.jpg&quot; /&gt;&lt;/td&gt;
																		&lt;/tr&gt;
																		&lt;tr valign=&quot;top&quot;&gt;
																			&lt;td align=&quot;center&quot;&gt;
																				&lt;img src=&quot;http://fusionexcel.com/imgnews/jiayu4.jpg&quot; /&gt;&lt;/td&gt;
																		&lt;/tr&gt;
																	&lt;/tbody&gt;
																&lt;/table&gt;
															&lt;/td&gt;
														&lt;/tr&gt;
													&lt;/tbody&gt;
												&lt;/table&gt;
											&lt;/td&gt;
										&lt;/tr&gt;
									&lt;/tbody&gt;
								&lt;/table&gt;
							&lt;/td&gt;
						&lt;/tr&gt;
					&lt;/tbody&gt;
				&lt;/table&gt;
			&lt;/td&gt;
		&lt;/tr&gt;
	&lt;/tbody&gt;
&lt;/table&gt;
&lt;p&gt;
	&amp;nbsp;&lt;/p&gt;
</content><meta><description>Astro TV Jia Yu Channel's Mary Go Round Show recently did a TV shoot at FE Spokesman &amp;amp; World Kickboxing Champion , Bathi Allimuthu's Xtreme Gym with TV Star Johnson Low. FE's QP is featured prominently on the Show.</description><keyword>FE on Astro TV, Jia Yu Channel. </keyword><robots>all</robots><author>klhunter</author></meta></en><bm><title>FE on Astro TV, Jia Yu Channel. </title><content></content><meta><description>Astro TV Jia Yu Channel's Mary Go Round Show recently did a TV shoot at FE Spokesman &amp;amp; World Kickboxing Champion , Bathi Allimuthu's Xtreme Gym with TV Star Johnson Low. FE's QP is featured prominently on the Show.</description><keyword>FE on Astro TV, Jia Yu Channel. </keyword><robots>all</robots><author>klhunter</author></meta></bm><chi><title>FE on Astro TV, Jia Yu Channel. </title><content></content><meta><description>Astro TV Jia Yu Channel's Mary Go Round Show recently did a TV shoot at FE Spokesman &amp;amp; World Kickboxing Champion , Bathi Allimuthu's Xtreme Gym with TV Star Johnson Low. FE's QP is featured prominently on the Show.</description><keyword>FE on Astro TV, Jia Yu Channel. </keyword><robots>all</robots><author>klhunter</author></meta></chi></article>