<?xml version='1.0' encoding='utf-8'?><article><en><title>Testimonial - Quantum Pendant</title><content>&lt;p&gt;
	Ade Rai, Champion World Class Indonesian Bodybuilder.&lt;/p&gt;
&lt;table border=&quot;0&quot; cellpadding=&quot;0&quot; cellspacing=&quot;0&quot; width=&quot;100%&quot;&gt;
	&lt;tbody&gt;
		&lt;tr&gt;
			&lt;td class=&quot;content&quot; valign=&quot;top&quot;&gt;
				&lt;table border=&quot;0&quot; cellpadding=&quot;0&quot; cellspacing=&quot;0&quot; width=&quot;100%&quot;&gt;
					&lt;tbody&gt;
						&lt;tr&gt;
							&lt;td width=&quot;10&quot;&gt;
								&amp;nbsp;&lt;/td&gt;
							&lt;td&gt;
								&lt;table border=&quot;0&quot; cellpadding=&quot;0&quot; cellspacing=&quot;0&quot; width=&quot;100%&quot;&gt;
									&lt;tbody&gt;
										&lt;tr&gt;
											&lt;td width=&quot;50%&quot;&gt;
												&lt;img height=&quot;263&quot; src=&quot;http://fusionexcel.com/imgnews/adetest1.jpg&quot; width=&quot;352&quot; /&gt;&lt;/td&gt;
											&lt;td align=&quot;right&quot; width=&quot;50%&quot;&gt;
												&lt;img height=&quot;263&quot; src=&quot;http://fusionexcel.com/imgnews/adetest2.jpg&quot; width=&quot;352&quot; /&gt;&lt;/td&gt;
										&lt;/tr&gt;
										&lt;tr&gt;
											&lt;td class=&quot;content&quot; colspan=&quot;2&quot; height=&quot;10&quot;&gt;
												&lt;strong&gt;&lt;strong&gt;ADE RAI CREDENTIALS:&lt;/strong&gt;&lt;/strong&gt;&lt;br /&gt;
												&lt;br /&gt;
												&lt;span lang=&quot;EN-ZA&quot;&gt;- IFBB Indonesian National Championship, 1st Heavyweight &amp;amp; Overall,&lt;br /&gt;
												&amp;nbsp;&amp;nbsp;Best Bodybuilder (1994-2007).&lt;br /&gt;
												- ABBF/IFBB Mr.Asean (1995-1997).&lt;br /&gt;
												- ABBF/IFBB Mr. Asia (1995-1998) .&lt;br /&gt;
												- SEA Games Gold Medal (1997).&lt;br /&gt;
												- Drug-FreeE Body Building Musclemania World Championships USA,&lt;br /&gt;
												&amp;nbsp;&amp;nbsp;1st Light Heavyweight &amp;amp; Overall Winner (1996).&lt;br /&gt;
												- Drug-FreeE Body Building Superbody World Championships USA,&lt;br /&gt;
												&amp;nbsp;&amp;nbsp;Professional Overall Winner (2000).&lt;br /&gt;
												- Drug-FreeE Body Building Musclemania World Championships USA,&lt;br /&gt;
												&amp;nbsp;&amp;nbsp;Professional Overall Winner (2000).&lt;/span&gt;&lt;br /&gt;
												&lt;br /&gt;
												My intensive training program requires intensive recuperative measures. FusionExcel&amp;#39;s Quantum Pendant helps me boost both my training and recuperative edges. It has been a positive addition to my strenuous and active lifestyle. I also love the fact that FusionExcel&amp;#39;s Quantum Pendant is backed by scientific researches!&lt;/td&gt;
										&lt;/tr&gt;
									&lt;/tbody&gt;
								&lt;/table&gt;
							&lt;/td&gt;
						&lt;/tr&gt;
					&lt;/tbody&gt;
				&lt;/table&gt;
			&lt;/td&gt;
		&lt;/tr&gt;
	&lt;/tbody&gt;
&lt;/table&gt;
&lt;p&gt;
	&amp;nbsp;&lt;/p&gt;
</content><meta><description>My intensive training program requires intensive recuperative measures. FusionExcel's Quantum Pendant helps me boost both my training and recuperative edges.</description><keyword>Ade Rai, Champion World Class, Indonesian Bodybuilder, IFBB Indonesian National Championship, ABBF/IFBB, Mr.Asean, ABBF/IFBB, Mr. Asia, SEA Games, Drug-FreeE Body Building Musclemania World Championships USA.</keyword><robots>all</robots><author>klhunter</author></meta></en><bm><title>Testimonial - Quantum Pendant</title><content></content><meta><description>My intensive training program requires intensive recuperative measures. FusionExcel's Quantum Pendant helps me boost both my training and recuperative edges.</description><keyword>Ade Rai, Champion World Class, Indonesian Bodybuilder, IFBB Indonesian National Championship, ABBF/IFBB, Mr.Asean, ABBF/IFBB, Mr. Asia, SEA Games, Drug-FreeE Body Building Musclemania World Championships USA.</keyword><robots>all</robots><author>klhunter</author></meta></bm><chi><title>Testimonial - Quantum Pendant</title><content></content><meta><description>My intensive training program requires intensive recuperative measures. FusionExcel's Quantum Pendant helps me boost both my training and recuperative edges.</description><keyword>Ade Rai, Champion World Class, Indonesian Bodybuilder, IFBB Indonesian National Championship, ABBF/IFBB, Mr.Asean, ABBF/IFBB, Mr. Asia, SEA Games, Drug-FreeE Body Building Musclemania World Championships USA.</keyword><robots>all</robots><author>klhunter</author></meta></chi></article>