<?xml version='1.0' encoding='utf-8'?><article><en><title>View exclusive Video, Thailand Opening on 16th August 2008.</title><content>&lt;table border=&quot;0&quot; cellpadding=&quot;0&quot; cellspacing=&quot;0&quot; width=&quot;100%&quot;&gt;
	&lt;tbody&gt;
		&lt;tr&gt;
			&lt;td class=&quot;content&quot; valign=&quot;top&quot;&gt;
				&lt;a href=&quot;http://www.youtube.com/watch?v=p_WXuhGXQqQ&quot; target=&quot;_blank&quot;&gt;&amp;lt; View Video &amp;gt;&lt;/a&gt;&lt;/td&gt;
		&lt;/tr&gt;
		&lt;tr&gt;
			&lt;td class=&quot;content&quot; valign=&quot;top&quot;&gt;
				&lt;table border=&quot;0&quot; cellpadding=&quot;0&quot; cellspacing=&quot;0&quot; width=&quot;100%&quot;&gt;
					&lt;tbody&gt;
						&lt;tr valign=&quot;top&quot;&gt;
							&lt;td align=&quot;center&quot;&gt;
								&lt;img src=&quot;http://fusionexcel.com/imgnews/thailandv.jpg&quot; /&gt;&lt;/td&gt;
						&lt;/tr&gt;
					&lt;/tbody&gt;
				&lt;/table&gt;
			&lt;/td&gt;
		&lt;/tr&gt;
	&lt;/tbody&gt;
&lt;/table&gt;
&lt;p&gt;
	&amp;nbsp;&lt;/p&gt;
</content><meta><description>View exclusive Video, Thailand Opening on 16th August 2008.</description><keyword>View exclusive Video, Thailand Opening on 16th August 2008.</keyword><robots>all</robots><author>klhunter</author></meta></en><bm><title>View exclusive Video, Thailand Opening on 16th August 2008.</title><content></content><meta><description>View exclusive Video, Thailand Opening on 16th August 2008.</description><keyword>View exclusive Video, Thailand Opening on 16th August 2008.</keyword><robots>all</robots><author>klhunter</author></meta></bm><chi><title>View exclusive Video, Thailand Opening on 16th August 2008.</title><content></content><meta><description>View exclusive Video, Thailand Opening on 16th August 2008.</description><keyword>View exclusive Video, Thailand Opening on 16th August 2008.</keyword><robots>all</robots><author>klhunter</author></meta></chi></article>