<?xml version='1.0' encoding='utf-8'?><article><en><title>Ade Rai Wearing QP at Gold Gym, Jakarta.</title><content>&lt;table border=&quot;0&quot; cellpadding=&quot;0&quot; cellspacing=&quot;0&quot; width=&quot;100%&quot;&gt;
	&lt;tbody&gt;
		&lt;tr&gt;
			&lt;td valign=&quot;top&quot; width=&quot;740&quot;&gt;
				&lt;table border=&quot;0&quot; cellpadding=&quot;0&quot; cellspacing=&quot;0&quot; width=&quot;100%&quot;&gt;
					&lt;tbody&gt;
						&lt;tr&gt;
							&lt;td bgcolor=&quot;#999999&quot; valign=&quot;top&quot;&gt;
								&lt;table border=&quot;0&quot; cellpadding=&quot;10&quot; cellspacing=&quot;1&quot; width=&quot;100%&quot;&gt;
									&lt;tbody&gt;
										&lt;tr&gt;
											&lt;td bgcolor=&quot;#EEF0FC&quot; height=&quot;943&quot; valign=&quot;top&quot;&gt;
												&lt;table border=&quot;0&quot; cellpadding=&quot;0&quot; cellspacing=&quot;0&quot; width=&quot;100%&quot;&gt;
													&lt;tbody&gt;
														&lt;tr&gt;
															&lt;td class=&quot;content&quot; valign=&quot;top&quot;&gt;
																FE&amp;#39;s Indonesian Spokesman, Ade Rai, Champion World Class Bodybuilder and Celebrity, seen here&amp;nbsp;wearing FE&amp;#39;s Quantum Pendant with FE Presidential Director, KC Phoon, Ade&amp;#39;s wife, Kenny Amelia and&amp;nbsp;Ade&amp;#39;s PA, Halim Hsiang at one of Ade&amp;#39;s&amp;nbsp;Gold Gyms in Jakarta. Ade is very popular in Indonesia where he has his own radio talk show and&amp;nbsp;writes a column in the Jakarta Post on health and fitness. Ade is frequently&amp;nbsp;featured on TV, magazines and the newspapers.&lt;br /&gt;
																FE is honoured to have Ade Rai as FE&amp;#39;s Spokesman for Indonesia!&lt;/td&gt;
														&lt;/tr&gt;
														&lt;tr&gt;
															&lt;td class=&quot;content&quot; valign=&quot;top&quot;&gt;
																&lt;table border=&quot;0&quot; cellpadding=&quot;0&quot; cellspacing=&quot;0&quot; width=&quot;100%&quot;&gt;
																	&lt;tbody&gt;
																		&lt;tr valign=&quot;top&quot;&gt;
																			&lt;td&gt;
																				&lt;img height=&quot;270&quot; src=&quot;http://fusionexcel.com/imgnews/gym1.jpg&quot; width=&quot;353&quot; /&gt;&lt;/td&gt;
																			&lt;td align=&quot;right&quot;&gt;
																				&lt;img height=&quot;270&quot; src=&quot;http://fusionexcel.com/imgnews/gym2.jpg&quot; width=&quot;353&quot; /&gt;&lt;/td&gt;
																		&lt;/tr&gt;
																		&lt;tr valign=&quot;top&quot;&gt;
																			&lt;td width=&quot;50%&quot;&gt;
																				&lt;img height=&quot;270&quot; src=&quot;http://fusionexcel.com/imgnews/gym3.jpg&quot; width=&quot;353&quot; /&gt;&lt;/td&gt;
																			&lt;td align=&quot;right&quot;&gt;
																				&lt;img height=&quot;270&quot; src=&quot;http://fusionexcel.com/imgnews/gym8.jpg&quot; width=&quot;353&quot; /&gt;&lt;/td&gt;
																		&lt;/tr&gt;
																		&lt;tr valign=&quot;top&quot;&gt;
																			&lt;td&gt;
																				&lt;img height=&quot;270&quot; src=&quot;http://fusionexcel.com/imgnews/gym5.jpg&quot; width=&quot;353&quot; /&gt;&lt;/td&gt;
																			&lt;td align=&quot;right&quot;&gt;
																				&lt;img height=&quot;270&quot; src=&quot;http://fusionexcel.com/imgnews/gym7.jpg&quot; width=&quot;353&quot; /&gt;&lt;/td&gt;
																		&lt;/tr&gt;
																		&lt;tr valign=&quot;top&quot;&gt;
																			&lt;td&gt;
																				&lt;img height=&quot;270&quot; src=&quot;http://fusionexcel.com/imgnews/gym6.jpg&quot; width=&quot;353&quot; /&gt;&lt;/td&gt;
																			&lt;td align=&quot;right&quot;&gt;
																				&lt;img height=&quot;270&quot; src=&quot;http://fusionexcel.com/imgnews/gym4.jpg&quot; width=&quot;353&quot; /&gt;&lt;/td&gt;
																		&lt;/tr&gt;
																	&lt;/tbody&gt;
																&lt;/table&gt;
															&lt;/td&gt;
														&lt;/tr&gt;
													&lt;/tbody&gt;
												&lt;/table&gt;
											&lt;/td&gt;
										&lt;/tr&gt;
									&lt;/tbody&gt;
								&lt;/table&gt;
							&lt;/td&gt;
						&lt;/tr&gt;
					&lt;/tbody&gt;
				&lt;/table&gt;
			&lt;/td&gt;
		&lt;/tr&gt;
	&lt;/tbody&gt;
&lt;/table&gt;
&lt;p&gt;
	&amp;nbsp;&lt;/p&gt;
</content><meta><description>FE's Indonesian Spokesman, Ade Rai, Champion World Class Bodybuilder and Celebrity, seen here wearing FE's Quantum Pendant with FE Presidential Director, KC Phoon, Ade's wife, Kenny Amelia and Ade's PA, Halim Hsiang at one of Ade's Gold Gyms in Jakarta. Ade is very popular in Indonesia where he has his own radio talk show and writes a column in the Jakarta Post on health and fitness. Ade is frequently featured on TV, magazines and the newspapers.
FE is honoured to have Ade Rai as FE's Spokesman for Indonesia!</description><keyword>Ade Rai Wearing QP at Gold Gym, Jakarta.</keyword><robots>all</robots><author>klhunter</author></meta></en><bm><title>Ade Rai Wearing QP at Gold Gym, Jakarta.</title><content></content><meta><description>FE's Indonesian Spokesman, Ade Rai, Champion World Class Bodybuilder and Celebrity, seen here wearing FE's Quantum Pendant with FE Presidential Director, KC Phoon, Ade's wife, Kenny Amelia and Ade's PA, Halim Hsiang at one of Ade's Gold Gyms in Jakarta. Ade is very popular in Indonesia where he has his own radio talk show and writes a column in the Jakarta Post on health and fitness. Ade is frequently featured on TV, magazines and the newspapers.
FE is honoured to have Ade Rai as FE's Spokesman for Indonesia!</description><keyword>Ade Rai Wearing QP at Gold Gym, Jakarta.</keyword><robots>all</robots><author>klhunter</author></meta></bm><chi><title>Ade Rai Wearing QP at Gold Gym, Jakarta.</title><content></content><meta><description>FE's Indonesian Spokesman, Ade Rai, Champion World Class Bodybuilder and Celebrity, seen here wearing FE's Quantum Pendant with FE Presidential Director, KC Phoon, Ade's wife, Kenny Amelia and Ade's PA, Halim Hsiang at one of Ade's Gold Gyms in Jakarta. Ade is very popular in Indonesia where he has his own radio talk show and writes a column in the Jakarta Post on health and fitness. Ade is frequently featured on TV, magazines and the newspapers.
FE is honoured to have Ade Rai as FE's Spokesman for Indonesia!</description><keyword>Ade Rai Wearing QP at Gold Gym, Jakarta.</keyword><robots>all</robots><author>klhunter</author></meta></chi></article>