<?xml version='1.0' encoding='utf-8'?><article><en><title>FE Welcomes QP Wearer, Senator Freddie Webb, Philippines! </title><content>&lt;table border=&quot;0&quot; cellpadding=&quot;0&quot; cellspacing=&quot;0&quot; width=&quot;100%&quot;&gt;
	&lt;tbody&gt;
		&lt;tr&gt;
			&lt;td valign=&quot;top&quot; width=&quot;740&quot;&gt;
				&lt;table border=&quot;0&quot; cellpadding=&quot;0&quot; cellspacing=&quot;0&quot; width=&quot;100%&quot;&gt;
					&lt;tbody&gt;
						&lt;tr&gt;
							&lt;td bgcolor=&quot;#999999&quot; valign=&quot;top&quot;&gt;
								&lt;table border=&quot;0&quot; cellpadding=&quot;10&quot; cellspacing=&quot;1&quot; width=&quot;100%&quot;&gt;
									&lt;tbody&gt;
										&lt;tr&gt;
											&lt;td bgcolor=&quot;#EEF0FC&quot; height=&quot;943&quot; valign=&quot;top&quot;&gt;
												&lt;table border=&quot;0&quot; cellpadding=&quot;0&quot; cellspacing=&quot;0&quot; width=&quot;100%&quot;&gt;
													&lt;tbody&gt;
														&lt;tr&gt;
															&lt;td align=&quot;center&quot; valign=&quot;top&quot;&gt;
																&lt;img height=&quot;496&quot; src=&quot;http://fusionexcel.com/imgnews/freddie1.jpg&quot; width=&quot;600&quot; /&gt;&lt;/td&gt;
														&lt;/tr&gt;
														&lt;tr&gt;
															&lt;td align=&quot;center&quot; class=&quot;smallhead&quot; valign=&quot;top&quot;&gt;
																Senator Freddie Webb , a Distinguished Senator and a Former Philippine Basketball Association&lt;br /&gt;
																Legend Doing Demos with FE&amp;#39;s Philippine Country Licensee, Jeremy Looi.&lt;/td&gt;
														&lt;/tr&gt;
														&lt;tr&gt;
															&lt;td align=&quot;center&quot; valign=&quot;top&quot;&gt;
																&lt;img height=&quot;418&quot; src=&quot;http://fusionexcel.com/imgnews/freddie2.jpg&quot; width=&quot;600&quot; /&gt;&lt;/td&gt;
														&lt;/tr&gt;
														&lt;tr&gt;
															&lt;td align=&quot;center&quot; class=&quot;smallhead&quot; valign=&quot;top&quot;&gt;
																Left - Right : FE Distributors Dr Macalinao and Apple Mateo, Sen Webb and Jeremy Looi.&lt;/td&gt;
														&lt;/tr&gt;
														&lt;tr&gt;
															&lt;td class=&quot;content&quot; valign=&quot;top&quot;&gt;
																&amp;quot;&lt;em class=&quot;content&quot;&gt;Simply Amazing and Extremely Effective Products, You have a Sure Winner there FusionExcel&lt;/em&gt;&amp;quot; said The Senator.&lt;/td&gt;
														&lt;/tr&gt;
													&lt;/tbody&gt;
												&lt;/table&gt;
											&lt;/td&gt;
										&lt;/tr&gt;
									&lt;/tbody&gt;
								&lt;/table&gt;
							&lt;/td&gt;
						&lt;/tr&gt;
					&lt;/tbody&gt;
				&lt;/table&gt;
			&lt;/td&gt;
		&lt;/tr&gt;
	&lt;/tbody&gt;
&lt;/table&gt;
&lt;p&gt;
	&amp;nbsp;&lt;/p&gt;
</content><meta><description>FE Welcomes QP Wearer, Senator Freddie Webb, Philippines! </description><keyword>FE Welcomes QP Wearer, Senator Freddie Webb, Philippines! </keyword><robots>all</robots><author>klhunter</author></meta></en><bm><title>FE Welcomes QP Wearer, Senator Freddie Webb, Philippines! </title><content></content><meta><description>FE Welcomes QP Wearer, Senator Freddie Webb, Philippines! </description><keyword>FE Welcomes QP Wearer, Senator Freddie Webb, Philippines! </keyword><robots>all</robots><author>klhunter</author></meta></bm><chi><title>FE Welcomes QP Wearer, Senator Freddie Webb, Philippines! </title><content></content><meta><description>FE Welcomes QP Wearer, Senator Freddie Webb, Philippines! </description><keyword>FE Welcomes QP Wearer, Senator Freddie Webb, Philippines! </keyword><robots>all</robots><author>klhunter</author></meta></chi></article>