<?xml version='1.0' encoding='utf-8'?><article><en><title>FusionExcel's Quantum Pendant in Telemovie &quot;Legacy of a Lost Love&quot;.</title><content>&lt;table border=&quot;0&quot; cellpadding=&quot;0&quot; cellspacing=&quot;0&quot; width=&quot;100%&quot;&gt;
	&lt;tbody&gt;
		&lt;tr&gt;
			&lt;td height=&quot;1050&quot; valign=&quot;top&quot;&gt;
				&lt;table bgcolor=&quot;#EEF0FC&quot; border=&quot;0&quot; cellpadding=&quot;0&quot; cellspacing=&quot;10&quot; style=&quot;border:solid 1px #777777&quot; width=&quot;100%&quot;&gt;
					&lt;tbody&gt;
						&lt;tr&gt;
							&lt;td valign=&quot;top&quot; width=&quot;718&quot;&gt;
								&lt;table border=&quot;0&quot; cellpadding=&quot;0&quot; cellspacing=&quot;0&quot; width=&quot;100%&quot;&gt;
									&lt;tbody&gt;
										&lt;tr&gt;
											&lt;td valign=&quot;top&quot; width=&quot;718&quot;&gt;
												&lt;table border=&quot;0&quot; cellpadding=&quot;0&quot; cellspacing=&quot;0&quot; width=&quot;100%&quot;&gt;
													&lt;tbody&gt;
														&lt;tr&gt;
															&lt;td class=&quot;content&quot; height=&quot;16&quot; valign=&quot;top&quot; width=&quot;718&quot;&gt;
																&lt;div align=&quot;justify&quot;&gt;
																	FusionExcel&amp;#39;s Quantum Pendant is featured prominently in FusionExcel sponsored Telemovie &amp;quot; The Legacy of a Lost Love&amp;quot;. The telemovie will be launched in a press conference on 23rd September 2008 , followed by a nationwide road show.&lt;br /&gt;
																	&amp;nbsp;&lt;/div&gt;
															&lt;/td&gt;
														&lt;/tr&gt;
														&lt;tr&gt;
															&lt;td valign=&quot;top&quot;&gt;
																&lt;table border=&quot;0&quot; cellpadding=&quot;0&quot; cellspacing=&quot;0&quot; width=&quot;100%&quot;&gt;
																	&lt;tbody&gt;
																		&lt;tr&gt;
																			&lt;td height=&quot;224&quot; valign=&quot;top&quot;&gt;
																				&lt;img height=&quot;290&quot; src=&quot;http://fusionexcel.com/imgnews/tele1.jpg&quot; width=&quot;353&quot; /&gt;&lt;/td&gt;
																			&lt;td align=&quot;right&quot; valign=&quot;top&quot;&gt;
																				&lt;img height=&quot;290&quot; src=&quot;http://fusionexcel.com/imgnews/tele2.jpg&quot; width=&quot;353&quot; /&gt;&lt;/td&gt;
																		&lt;/tr&gt;
																		&lt;tr&gt;
																			&lt;td height=&quot;224&quot; valign=&quot;top&quot;&gt;
																				&lt;img height=&quot;290&quot; src=&quot;http://fusionexcel.com/imgnews/tele3.jpg&quot; width=&quot;353&quot; /&gt;&lt;/td&gt;
																			&lt;td align=&quot;right&quot; valign=&quot;top&quot;&gt;
																				&lt;img height=&quot;290&quot; src=&quot;http://fusionexcel.com/imgnews/tele4.jpg&quot; width=&quot;353&quot; /&gt;&lt;/td&gt;
																		&lt;/tr&gt;
																		&lt;tr&gt;
																			&lt;td height=&quot;224&quot; valign=&quot;top&quot;&gt;
																				&lt;img height=&quot;290&quot; src=&quot;http://fusionexcel.com/imgnews/tele5.jpg&quot; width=&quot;353&quot; /&gt;&lt;/td&gt;
																			&lt;td align=&quot;right&quot; valign=&quot;top&quot;&gt;
																				&lt;img height=&quot;290&quot; src=&quot;http://fusionexcel.com/imgnews/tele6.jpg&quot; width=&quot;353&quot; /&gt;&lt;/td&gt;
																		&lt;/tr&gt;
																		&lt;tr&gt;
																			&lt;td height=&quot;224&quot; valign=&quot;top&quot;&gt;
																				&lt;img height=&quot;290&quot; src=&quot;http://fusionexcel.com/imgnews/tele7.jpg&quot; width=&quot;353&quot; /&gt;&lt;/td&gt;
																			&lt;td align=&quot;right&quot; valign=&quot;top&quot;&gt;
																				&lt;img height=&quot;290&quot; src=&quot;http://fusionexcel.com/imgnews/tele8.jpg&quot; width=&quot;353&quot; /&gt;&lt;/td&gt;
																		&lt;/tr&gt;
																	&lt;/tbody&gt;
																&lt;/table&gt;
															&lt;/td&gt;
														&lt;/tr&gt;
													&lt;/tbody&gt;
												&lt;/table&gt;
											&lt;/td&gt;
										&lt;/tr&gt;
									&lt;/tbody&gt;
								&lt;/table&gt;
							&lt;/td&gt;
						&lt;/tr&gt;
					&lt;/tbody&gt;
				&lt;/table&gt;
			&lt;/td&gt;
		&lt;/tr&gt;
	&lt;/tbody&gt;
&lt;/table&gt;
&lt;p&gt;
	&amp;nbsp;&lt;/p&gt;
</content><meta><description>FusionExcel's Quantum Pendant is featured prominently in FusionExcel sponsored Telemovie &quot;The Legacy of a Lost Love&quot;.</description><keyword>Telemovie, Legacy of a Lost Love, 23rd September 2008, nationwide road show.</keyword><robots>all</robots><author>klhunter</author></meta></en><bm><title>FusionExcel's Quantum Pendant in Telemovie &quot;Legacy of a Lost Love&quot;.</title><content></content><meta><description>FusionExcel's Quantum Pendant is featured prominently in FusionExcel sponsored Telemovie &quot;The Legacy of a Lost Love&quot;.</description><keyword>Telemovie, Legacy of a Lost Love, 23rd September 2008, nationwide road show.</keyword><robots>all</robots><author>klhunter</author></meta></bm><chi><title>FusionExcel's Quantum Pendant in Telemovie &quot;Legacy of a Lost Love&quot;.</title><content></content><meta><description>FusionExcel's Quantum Pendant is featured prominently in FusionExcel sponsored Telemovie &quot;The Legacy of a Lost Love&quot;.</description><keyword>Telemovie, Legacy of a Lost Love, 23rd September 2008, nationwide road show.</keyword><robots>all</robots><author>klhunter</author></meta></chi></article>