<?xml version='1.0' encoding='utf-8'?><article><en><title>FusionExcel Sponsors RM 75,000 to Masters Football! </title><content>&lt;table border=&quot;0&quot; cellpadding=&quot;0&quot; cellspacing=&quot;0&quot; width=&quot;100%&quot;&gt;
	&lt;tbody&gt;
		&lt;tr&gt;
			&lt;td valign=&quot;top&quot; width=&quot;740&quot;&gt;
				&lt;table border=&quot;0&quot; cellpadding=&quot;0&quot; cellspacing=&quot;0&quot; width=&quot;100%&quot;&gt;
					&lt;tbody&gt;
						&lt;tr&gt;
							&lt;td bgcolor=&quot;#999999&quot; valign=&quot;top&quot;&gt;
								&lt;table border=&quot;0&quot; cellpadding=&quot;10&quot; cellspacing=&quot;1&quot; width=&quot;100%&quot;&gt;
									&lt;tbody&gt;
										&lt;tr&gt;
											&lt;td bgcolor=&quot;#EEF0FC&quot; height=&quot;943&quot; valign=&quot;top&quot;&gt;
												&lt;table border=&quot;0&quot; cellpadding=&quot;0&quot; cellspacing=&quot;0&quot; width=&quot;100%&quot;&gt;
													&lt;tbody&gt;
														&lt;tr&gt;
															&lt;td&gt;
																&lt;table border=&quot;0&quot; cellpadding=&quot;0&quot; cellspacing=&quot;0&quot; width=&quot;100%&quot;&gt;
																	&lt;tbody&gt;
																		&lt;tr valign=&quot;top&quot;&gt;
																			&lt;td class=&quot;content&quot;&gt;
																				FusionExcel is proud to announce the sponsorship of RM 75,000 to Masters Football. Receiving the mock cheque on behalf of Masters Football is Robert Teasdale.&lt;/td&gt;
																		&lt;/tr&gt;
																		&lt;tr valign=&quot;top&quot;&gt;
																			&lt;td align=&quot;center&quot;&gt;
																				&lt;img height=&quot;450&quot; src=&quot;http://fusionexcel.com/imgnews/masterfoot1.jpg&quot; width=&quot;600&quot; /&gt;&lt;/td&gt;
																		&lt;/tr&gt;
																		&lt;tr valign=&quot;top&quot;&gt;
																			&lt;td align=&quot;center&quot;&gt;
																				&lt;img height=&quot;450&quot; src=&quot;http://fusionexcel.com/imgnews/masterfoot1a.jpg&quot; width=&quot;600&quot; /&gt;&lt;/td&gt;
																		&lt;/tr&gt;
																		&lt;tr valign=&quot;top&quot;&gt;
																			&lt;td align=&quot;center&quot;&gt;
																				&lt;img height=&quot;450&quot; src=&quot;http://fusionexcel.com/imgnews/masterfoot2.jpg&quot; width=&quot;600&quot; /&gt;&lt;/td&gt;
																		&lt;/tr&gt;
																		&lt;tr valign=&quot;top&quot;&gt;
																			&lt;td align=&quot;center&quot;&gt;
																				&lt;img height=&quot;450&quot; src=&quot;http://fusionexcel.com/imgnews/masterfoot3.jpg&quot; width=&quot;600&quot; /&gt;&lt;/td&gt;
																		&lt;/tr&gt;
																		&lt;tr valign=&quot;top&quot;&gt;
																			&lt;td align=&quot;center&quot;&gt;
																				&lt;img height=&quot;450&quot; src=&quot;http://fusionexcel.com/imgnews/masterfoot4.jpg&quot; width=&quot;600&quot; /&gt;&lt;/td&gt;
																		&lt;/tr&gt;
																		&lt;tr valign=&quot;top&quot;&gt;
																			&lt;td align=&quot;center&quot;&gt;
																				&lt;img height=&quot;450&quot; src=&quot;http://fusionexcel.com/imgnews/masterfoot5.jpg&quot; width=&quot;600&quot; /&gt;&lt;/td&gt;
																		&lt;/tr&gt;
																		&lt;tr valign=&quot;top&quot;&gt;
																			&lt;td align=&quot;center&quot;&gt;
																				&lt;img height=&quot;450&quot; src=&quot;http://fusionexcel.com/imgnews/masterfoot6.jpg&quot; width=&quot;600&quot; /&gt;&lt;/td&gt;
																		&lt;/tr&gt;
																		&lt;tr valign=&quot;top&quot;&gt;
																			&lt;td align=&quot;center&quot;&gt;
																				&lt;img height=&quot;450&quot; src=&quot;http://fusionexcel.com/imgnews/masterfoot7.jpg&quot; width=&quot;600&quot; /&gt;&lt;/td&gt;
																		&lt;/tr&gt;
																		&lt;tr valign=&quot;top&quot;&gt;
																			&lt;td align=&quot;center&quot;&gt;
																				&lt;img height=&quot;450&quot; src=&quot;http://fusionexcel.com/imgnews/masterfoot8.jpg&quot; width=&quot;600&quot; /&gt;&lt;/td&gt;
																		&lt;/tr&gt;
																		&lt;tr valign=&quot;top&quot;&gt;
																			&lt;td align=&quot;center&quot;&gt;
																				&lt;img height=&quot;450&quot; src=&quot;http://fusionexcel.com/imgnews/masterfoot9.jpg&quot; width=&quot;600&quot; /&gt;&lt;/td&gt;
																		&lt;/tr&gt;
																		&lt;tr valign=&quot;top&quot;&gt;
																			&lt;td align=&quot;center&quot;&gt;
																				&lt;img height=&quot;450&quot; src=&quot;http://fusionexcel.com/imgnews/masterfoot10.jpg&quot; width=&quot;600&quot; /&gt;&lt;/td&gt;
																		&lt;/tr&gt;
																	&lt;/tbody&gt;
																&lt;/table&gt;
															&lt;/td&gt;
														&lt;/tr&gt;
													&lt;/tbody&gt;
												&lt;/table&gt;
											&lt;/td&gt;
										&lt;/tr&gt;
									&lt;/tbody&gt;
								&lt;/table&gt;
							&lt;/td&gt;
						&lt;/tr&gt;
					&lt;/tbody&gt;
				&lt;/table&gt;
			&lt;/td&gt;
		&lt;/tr&gt;
	&lt;/tbody&gt;
&lt;/table&gt;
&lt;p&gt;
	&amp;nbsp;&lt;/p&gt;
</content><meta><description>FusionExcel is proud to announce the sponsorship of RM75,000 to Masters Football. Receiving the mock cheque on behalf of Masters Football is Robert Teasdale.</description><keyword>FusionExcel Sponsors RM 75,000 to Masters Football! Robert Teasdale.</keyword><robots>all</robots><author>klhunter</author></meta></en><bm><title>FusionExcel Sponsors RM 75,000 to Masters Football! </title><content></content><meta><description>FusionExcel is proud to announce the sponsorship of RM75,000 to Masters Football. Receiving the mock cheque on behalf of Masters Football is Robert Teasdale.</description><keyword>FusionExcel Sponsors RM 75,000 to Masters Football! Robert Teasdale.</keyword><robots>all</robots><author>klhunter</author></meta></bm><chi><title>FusionExcel Sponsors RM 75,000 to Masters Football! </title><content></content><meta><description>FusionExcel is proud to announce the sponsorship of RM75,000 to Masters Football. Receiving the mock cheque on behalf of Masters Football is Robert Teasdale.</description><keyword>FusionExcel Sponsors RM 75,000 to Masters Football! Robert Teasdale.</keyword><robots>all</robots><author>klhunter</author></meta></chi></article>