<?xml version='1.0' encoding='utf-8'?><article><en><title>FE Hosts Dinner for Children from Payatas, Philippines 13th September 2008 </title><content>&lt;p&gt;
	At FE&amp;#39;s Achievers Recognition Dinner at Club Filipino, Greenhills, Manila, Philippines&amp;nbsp; on 13th September 2008, 40 children from Judge Lorenzo&amp;#39;s Lighthouse Center for Children&amp;#39;s Foundation were invited to share dinner with FE. These children from Payatas Smoky Mountains area (which is a huge rubbish dump) has never been to a function or&amp;nbsp;had food&amp;nbsp;like this before in their lives.&amp;nbsp;They were invited to the stage where they sang a medley of songs for the audience.The excited&amp;nbsp;look on their faces was thank you enough for all of us. It gave us more motivation and&amp;nbsp;determination to work harder to build FE into a global&amp;nbsp;success whereby we can help change more lives for the better!&lt;br /&gt;
	&amp;nbsp;&lt;/p&gt;
&lt;table border=&quot;0&quot; cellpadding=&quot;0&quot; cellspacing=&quot;0&quot; width=&quot;100%&quot;&gt;
	&lt;tbody&gt;
		&lt;tr align=&quot;center&quot; valign=&quot;top&quot;&gt;
			&lt;td colspan=&quot;2&quot;&gt;
				&lt;img height=&quot;401&quot; src=&quot;http://fusionexcel.com/imgnews/host1.jpg&quot; width=&quot;600&quot; /&gt;&lt;/td&gt;
		&lt;/tr&gt;
		&lt;tr valign=&quot;top&quot;&gt;
			&lt;td width=&quot;50%&quot;&gt;
				&lt;img height=&quot;240&quot; src=&quot;http://fusionexcel.com/imgnews/host2.jpg&quot; width=&quot;353&quot; /&gt;&lt;/td&gt;
			&lt;td align=&quot;right&quot;&gt;
				&lt;img height=&quot;240&quot; src=&quot;http://fusionexcel.com/imgnews/host3.jpg&quot; width=&quot;353&quot; /&gt;&lt;/td&gt;
		&lt;/tr&gt;
		&lt;tr valign=&quot;top&quot;&gt;
			&lt;td&gt;
				&lt;img height=&quot;242&quot; src=&quot;http://fusionexcel.com/imgnews/host4.jpg&quot; width=&quot;353&quot; /&gt;&lt;/td&gt;
			&lt;td align=&quot;right&quot;&gt;
				&lt;img height=&quot;242&quot; src=&quot;http://fusionexcel.com/imgnews/host5.jpg&quot; width=&quot;353&quot; /&gt;&lt;/td&gt;
		&lt;/tr&gt;
		&lt;tr valign=&quot;top&quot;&gt;
			&lt;td align=&quot;center&quot; colspan=&quot;2&quot; height=&quot;10&quot;&gt;
				&lt;img height=&quot;400&quot; src=&quot;http://fusionexcel.com/imgnews/host6.jpg&quot; width=&quot;600&quot; /&gt;&lt;/td&gt;
		&lt;/tr&gt;
	&lt;/tbody&gt;
&lt;/table&gt;
&lt;p&gt;
	&amp;nbsp;&lt;/p&gt;
</content><meta><description>Children from Judge Lorenzo's Lighthouse Center for Children's Foundation were invited to share dinner with FusionExcel on 13th September 2008.</description><keyword>Achievers Recognition Dinner, Club Filipino, Greenhills, Manila, Philippines, 13th September 2008, Judge Lorenzo, Payatas Smoky Mountains</keyword><robots>all</robots><author>klhunter</author></meta></en><bm><title>Achievers Recognition Dinner, Manila,13th September 2008 (2)</title><content></content><meta><description>Children from Judge Lorenzo's Lighthouse Center for Children's Foundation were invited to share dinner with FusionExcel on 13th September 2008.</description><keyword>Achievers Recognition Dinner, Club Filipino, Greenhills, Manila, Philippines, 13th September 2008, Judge Lorenzo, Payatas Smoky Mountains</keyword><robots>all</robots><author>klhunter</author></meta></bm><chi><title>Achievers Recognition Dinner, Manila,13th September 2008 (2)</title><content></content><meta><description>Children from Judge Lorenzo's Lighthouse Center for Children's Foundation were invited to share dinner with FusionExcel on 13th September 2008.</description><keyword>Achievers Recognition Dinner, Club Filipino, Greenhills, Manila, Philippines, 13th September 2008, Judge Lorenzo, Payatas Smoky Mountains</keyword><robots>all</robots><author>klhunter</author></meta></chi></article>