<?xml version='1.0' encoding='utf-8'?><article><en><title>Prominent Blogger Raja Petra's Wife Marina Wears FE's QP.</title><content>&lt;table border=&quot;0&quot; cellpadding=&quot;0&quot; cellspacing=&quot;0&quot; width=&quot;930&quot;&gt;
	&lt;tbody&gt;
		&lt;tr&gt;
			&lt;td valign=&quot;top&quot;&gt;
				&lt;table border=&quot;0&quot; cellpadding=&quot;0&quot; cellspacing=&quot;0&quot; width=&quot;100%&quot;&gt;
					&lt;tbody&gt;
						&lt;tr&gt;
							&lt;td valign=&quot;top&quot; width=&quot;740&quot;&gt;
								&lt;table border=&quot;0&quot; cellpadding=&quot;0&quot; cellspacing=&quot;0&quot; width=&quot;100%&quot;&gt;
									&lt;tbody&gt;
										&lt;tr&gt;
											&lt;td valign=&quot;top&quot;&gt;
												&lt;table bgcolor=&quot;#EEF0FC&quot; border=&quot;0&quot; cellpadding=&quot;0&quot; cellspacing=&quot;10&quot; style=&quot;border:solid 1px #777777&quot; width=&quot;100%&quot;&gt;
													&lt;tbody&gt;
														&lt;tr&gt;
															&lt;td height=&quot;943&quot; valign=&quot;top&quot; width=&quot;718&quot;&gt;
																&lt;table border=&quot;0&quot; cellpadding=&quot;0&quot; cellspacing=&quot;0&quot; width=&quot;100%&quot;&gt;
																	&lt;tbody&gt;
																		&lt;tr&gt;
																			&lt;td valign=&quot;top&quot; width=&quot;718&quot;&gt;
																				&lt;table border=&quot;0&quot; cellpadding=&quot;0&quot; cellspacing=&quot;0&quot; width=&quot;100%&quot;&gt;
																					&lt;tbody&gt;
																						&lt;tr&gt;
																							&lt;td valign=&quot;top&quot;&gt;
																								&lt;table border=&quot;0&quot; cellpadding=&quot;0&quot; cellspacing=&quot;0&quot; width=&quot;100%&quot;&gt;
																									&lt;tbody&gt;
																										&lt;tr&gt;
																											&lt;td align=&quot;center&quot; class=&quot;content&quot; height=&quot;395&quot; valign=&quot;top&quot;&gt;
																												&lt;div align=&quot;center&quot;&gt;
																													&lt;img height=&quot;1365&quot; src=&quot;http://fusionexcel.com/img/petra.jpg&quot; width=&quot;700&quot; /&gt;&lt;/div&gt;
																											&lt;/td&gt;
																										&lt;/tr&gt;
																									&lt;/tbody&gt;
																								&lt;/table&gt;
																							&lt;/td&gt;
																						&lt;/tr&gt;
																					&lt;/tbody&gt;
																				&lt;/table&gt;
																			&lt;/td&gt;
																		&lt;/tr&gt;
																	&lt;/tbody&gt;
																&lt;/table&gt;
															&lt;/td&gt;
														&lt;/tr&gt;
													&lt;/tbody&gt;
												&lt;/table&gt;
											&lt;/td&gt;
										&lt;/tr&gt;
										&lt;tr&gt;
											&lt;td height=&quot;10&quot;&gt;
												&amp;nbsp;&lt;/td&gt;
										&lt;/tr&gt;
									&lt;/tbody&gt;
								&lt;/table&gt;
							&lt;/td&gt;
						&lt;/tr&gt;
					&lt;/tbody&gt;
				&lt;/table&gt;
			&lt;/td&gt;
		&lt;/tr&gt;
	&lt;/tbody&gt;
&lt;/table&gt;
&lt;p&gt;
	&amp;nbsp;&lt;/p&gt;
</content><meta><description>Prominent Blogger Raja Petra's Wife Marina Wears FE's QP.</description><keyword>Prominent Blogger Raja Petra's Wife Marina Wears FE's QP.</keyword><robots>all</robots><author>klhunter</author></meta></en><bm><title>Prominent Blogger Raja Petra's Wife Marina Wears FE's QP.</title><content></content><meta><description>Prominent Blogger Raja Petra's Wife Marina Wears FE's QP.</description><keyword>Prominent Blogger Raja Petra's Wife Marina Wears FE's QP.</keyword><robots>all</robots><author>klhunter</author></meta></bm><chi><title>Prominent Blogger Raja Petra's Wife Marina Wears FE's QP.</title><content></content><meta><description>Prominent Blogger Raja Petra's Wife Marina Wears FE's QP.</description><keyword>Prominent Blogger Raja Petra's Wife Marina Wears FE's QP.</keyword><robots>all</robots><author>klhunter</author></meta></chi></article>