<?xml version='1.0' encoding='utf-8'?><article><en><title>FE's QP at Pasay City Mayor's Golf 2008 Invitational Cup, Philippines </title><content>&lt;table border=&quot;0&quot; cellpadding=&quot;0&quot; cellspacing=&quot;0&quot; width=&quot;100%&quot;&gt;
	&lt;tbody&gt;
		&lt;tr&gt;
			&lt;td valign=&quot;top&quot; width=&quot;740&quot;&gt;
				&lt;table border=&quot;0&quot; cellpadding=&quot;0&quot; cellspacing=&quot;0&quot; width=&quot;100%&quot;&gt;
					&lt;tbody&gt;
						&lt;tr&gt;
							&lt;td bgcolor=&quot;#999999&quot; valign=&quot;top&quot;&gt;
								&lt;table border=&quot;0&quot; cellpadding=&quot;10&quot; cellspacing=&quot;1&quot; width=&quot;100%&quot;&gt;
									&lt;tbody&gt;
										&lt;tr&gt;
											&lt;td bgcolor=&quot;#EEF0FC&quot; height=&quot;943&quot; valign=&quot;top&quot;&gt;
												&lt;table border=&quot;0&quot; cellpadding=&quot;0&quot; cellspacing=&quot;0&quot; width=&quot;100%&quot;&gt;
													&lt;tbody&gt;
														&lt;tr&gt;
															&lt;td align=&quot;center&quot; valign=&quot;top&quot;&gt;
																&lt;img height=&quot;460&quot; src=&quot;http://fusionexcel.com/imgnews/pasay1.jpg&quot; width=&quot;613&quot; /&gt;&lt;/td&gt;
														&lt;/tr&gt;
														&lt;tr&gt;
															&lt;td align=&quot;center&quot; class=&quot;smallhead&quot; height=&quot;10&quot; valign=&quot;top&quot;&gt;
																Pasay City Mayor Trinidad Peewee Golf 2008 Invitational Cup&lt;/td&gt;
														&lt;/tr&gt;
														&lt;tr&gt;
															&lt;td align=&quot;center&quot; valign=&quot;top&quot;&gt;
																&lt;img height=&quot;460&quot; src=&quot;http://fusionexcel.com/imgnews/pasay2.jpg&quot; width=&quot;613&quot; /&gt;&lt;/td&gt;
														&lt;/tr&gt;
														&lt;tr&gt;
															&lt;td align=&quot;center&quot; class=&quot;smallhead&quot; valign=&quot;top&quot;&gt;
																FE Spokesman, Monsour Del Rosario doing the ceremonial tee off&lt;/td&gt;
														&lt;/tr&gt;
														&lt;tr&gt;
															&lt;td align=&quot;center&quot; valign=&quot;top&quot;&gt;
																&lt;img height=&quot;460&quot; src=&quot;http://fusionexcel.com/imgnews/pasay3.jpg&quot; width=&quot;613&quot; /&gt;&lt;/td&gt;
														&lt;/tr&gt;
														&lt;tr&gt;
															&lt;td align=&quot;center&quot; class=&quot;smallhead&quot; valign=&quot;top&quot;&gt;
																Award Night Dinner&lt;br /&gt;
																L-R : Distinguished Businessman &amp;amp; Golfer Archie Lacson, Atty Jun Amante , QP believer/user Pasay City Mayor Trinidad Peewee, FE Director Joy Sta Teresa &amp;amp; FE Spokesman Monsour Del Rosario&lt;/td&gt;
														&lt;/tr&gt;
													&lt;/tbody&gt;
												&lt;/table&gt;
											&lt;/td&gt;
										&lt;/tr&gt;
									&lt;/tbody&gt;
								&lt;/table&gt;
							&lt;/td&gt;
						&lt;/tr&gt;
					&lt;/tbody&gt;
				&lt;/table&gt;
			&lt;/td&gt;
		&lt;/tr&gt;
	&lt;/tbody&gt;
&lt;/table&gt;
&lt;p&gt;
	&amp;nbsp;&lt;/p&gt;
</content><meta><description>FE's QP at Pasay City Mayor's Golf 2008 Invitational Cup, Philippines </description><keyword>FE's QP at Pasay City Mayor's Golf 2008 Invitational Cup, Philippines </keyword><robots>all</robots><author>klhunter</author></meta></en><bm><title>FE's QP at Pasay City Mayor's Golf 2008 Invitational Cup, Philippines </title><content></content><meta><description>FE's QP at Pasay City Mayor's Golf 2008 Invitational Cup, Philippines </description><keyword>FE's QP at Pasay City Mayor's Golf 2008 Invitational Cup, Philippines </keyword><robots>all</robots><author>klhunter</author></meta></bm><chi><title>FE's QP at Pasay City Mayor's Golf 2008 Invitational Cup, Philippines </title><content></content><meta><description>FE's QP at Pasay City Mayor's Golf 2008 Invitational Cup, Philippines </description><keyword>FE's QP at Pasay City Mayor's Golf 2008 Invitational Cup, Philippines </keyword><robots>all</robots><author>klhunter</author></meta></chi></article>