<?xml version='1.0' encoding='utf-8'?><article><en><title>FE Congratulates Jamie Lim Gold Medal Winner Asia Pacific Karate Tournament, Singapore</title><content>&lt;table border=&quot;0&quot; cellpadding=&quot;0&quot; cellspacing=&quot;0&quot; width=&quot;100%&quot;&gt;
	&lt;tbody&gt;
		&lt;tr&gt;
			&lt;td align=&quot;center&quot; valign=&quot;top&quot;&gt;
				&lt;img height=&quot;466&quot; src=&quot;http://fusionexcel.com/imgnews/jamie.jpg&quot; width=&quot;640&quot; /&gt;&lt;/td&gt;
		&lt;/tr&gt;
		&lt;tr&gt;
			&lt;td valign=&quot;top&quot;&gt;
				&lt;span class=&quot;content&quot;&gt;&lt;strong&gt;Samboy Lim with his 11 years old daughter, Jamie Lim, who recently participated in the Asia-Pacific Karate tournament held in Singapore and WON with 2 GOLD MEDALS.&lt;/strong&gt;&lt;br /&gt;
				&lt;br /&gt;
				&lt;strong&gt;She attribute her good performance to FusionExcel products which she has been using consistently since her father introduced it to her.&lt;/strong&gt;&lt;/span&gt;&lt;br /&gt;
				&lt;br /&gt;
				&lt;span class=&quot;content&quot;&gt;&lt;strong&gt;&amp;quot; &lt;/strong&gt;&lt;em&gt;With the increased strength,flexibility and balance , executing my Kata movement seem so much easier.The products not only help me physically but mentally too . I am able to stay focus and calm - &amp;quot;staying in the zone&amp;quot;,during the Kumite. Am happy to have beaten the bigger and heavier opponents from orther countries.&lt;/em&gt;&lt;strong&gt;.&amp;quot; - Jamie&lt;/strong&gt;&lt;/span&gt;&lt;br /&gt;
				&lt;br /&gt;
				&lt;span class=&quot;content&quot;&gt;&lt;strong&gt;&amp;quot; I don&amp;#39;t know what makes me prouder !! The Ginebra Kings winning the PBA title or my daughter coming home from Singapore with two golds but sure is THANKFUL to FusionExcel products for giving us all that edge&amp;quot; - &lt;/strong&gt;Samboy added.&lt;/span&gt;&lt;/td&gt;
		&lt;/tr&gt;
	&lt;/tbody&gt;
&lt;/table&gt;
&lt;p&gt;
	&amp;nbsp;&lt;/p&gt;
</content><meta><description>Samboy Lim with his 11 years old daughter, Jamie Lim, who recently participated in the Asia-Pacific Karate tournament held in Singapore and WON with 2 GOLD MEDALS.

She attribute her good performance to FusionExcel products which she has been using consistently since her father introduced it to her.

&amp;quot; With the increased strength,flexibility and balance , executing my Kata movement seem so much easier.The products not only help me physically but mentally too . I am able to stay focus and calm - &amp;quot;staying in the zone&amp;quot;,during the Kumite. Am happy to have beaten the bigger and heavier opponents from orther countries..&amp;quot; - Jamie

&amp;quot; I don't know what makes me prouder !! The Ginebra Kings winning the PBA title or my daughter coming home from Singapore with two golds but sure is THANKFUL to FusionExcel products for giving us all that edge&amp;quot; - Samboy added.</description><keyword>FE Congratulates Jamie Lim Gold Medal Winner Asia Pacific Karate Tournament, Singapore</keyword><robots>all</robots><author>klhunter</author></meta></en><bm><title>FE Congratulates Jamie Lim Gold Medal Winner Asia Pacific Karate Tournament, Singapore</title><content></content><meta><description>Samboy Lim with his 11 years old daughter, Jamie Lim, who recently participated in the Asia-Pacific Karate tournament held in Singapore and WON with 2 GOLD MEDALS.

She attribute her good performance to FusionExcel products which she has been using consistently since her father introduced it to her.

&amp;quot; With the increased strength,flexibility and balance , executing my Kata movement seem so much easier.The products not only help me physically but mentally too . I am able to stay focus and calm - &amp;quot;staying in the zone&amp;quot;,during the Kumite. Am happy to have beaten the bigger and heavier opponents from orther countries..&amp;quot; - Jamie

&amp;quot; I don't know what makes me prouder !! The Ginebra Kings winning the PBA title or my daughter coming home from Singapore with two golds but sure is THANKFUL to FusionExcel products for giving us all that edge&amp;quot; - Samboy added.</description><keyword>FE Congratulates Jamie Lim Gold Medal Winner Asia Pacific Karate Tournament, Singapore</keyword><robots>all</robots><author>klhunter</author></meta></bm><chi><title>FE Congratulates Jamie Lim Gold Medal Winner Asia Pacific Karate Tournament, Singapore</title><content></content><meta><description>Samboy Lim with his 11 years old daughter, Jamie Lim, who recently participated in the Asia-Pacific Karate tournament held in Singapore and WON with 2 GOLD MEDALS.

She attribute her good performance to FusionExcel products which she has been using consistently since her father introduced it to her.

&amp;quot; With the increased strength,flexibility and balance , executing my Kata movement seem so much easier.The products not only help me physically but mentally too . I am able to stay focus and calm - &amp;quot;staying in the zone&amp;quot;,during the Kumite. Am happy to have beaten the bigger and heavier opponents from orther countries..&amp;quot; - Jamie

&amp;quot; I don't know what makes me prouder !! The Ginebra Kings winning the PBA title or my daughter coming home from Singapore with two golds but sure is THANKFUL to FusionExcel products for giving us all that edge&amp;quot; - Samboy added.</description><keyword>FE Congratulates Jamie Lim Gold Medal Winner Asia Pacific Karate Tournament, Singapore</keyword><robots>all</robots><author>klhunter</author></meta></chi></article>