<?xml version='1.0' encoding='utf-8'?><article><en><title>Testimonial - Quantum Pendant</title><content>&lt;p&gt;
	Rexy Mainaky, World Champion Olympic Badminton Gold Medalist.&lt;/p&gt;
&lt;table border=&quot;0&quot; cellpadding=&quot;0&quot; cellspacing=&quot;0&quot; width=&quot;100%&quot;&gt;
	&lt;tbody&gt;
		&lt;tr&gt;
			&lt;td class=&quot;content&quot; valign=&quot;top&quot;&gt;
				&lt;table border=&quot;0&quot; cellpadding=&quot;0&quot; cellspacing=&quot;0&quot; width=&quot;100%&quot;&gt;
					&lt;tbody&gt;
						&lt;tr&gt;
							&lt;td width=&quot;10&quot;&gt;
								&amp;nbsp;&lt;/td&gt;
							&lt;td&gt;
								&lt;table border=&quot;0&quot; cellpadding=&quot;0&quot; cellspacing=&quot;0&quot; width=&quot;100%&quot;&gt;
									&lt;tbody&gt;
										&lt;tr&gt;
											&lt;td width=&quot;21%&quot;&gt;
												&lt;img height=&quot;188&quot; src=&quot;http://fusionexcel.com/imgnews/rexy1.jpg&quot; width=&quot;134&quot; /&gt;&lt;/td&gt;
											&lt;td align=&quot;center&quot; width=&quot;42%&quot;&gt;
												&lt;img height=&quot;188&quot; src=&quot;http://fusionexcel.com/imgnews/rexy2.jpg&quot; width=&quot;250&quot; /&gt;&lt;/td&gt;
											&lt;td align=&quot;right&quot; width=&quot;37%&quot;&gt;
												&lt;img height=&quot;188&quot; src=&quot;http://fusionexcel.com/imgnews/rexy3.jpg&quot; width=&quot;250&quot; /&gt;&lt;/td&gt;
										&lt;/tr&gt;
										&lt;tr&gt;
											&lt;td class=&quot;content&quot; colspan=&quot;3&quot; height=&quot;10&quot;&gt;
												&lt;table cellpadding=&quot;0&quot; cellspacing=&quot;0&quot;&gt;
													&lt;tbody&gt;
														&lt;tr&gt;
														&lt;/tr&gt;
														&lt;tr&gt;
															&lt;td height=&quot;68&quot; valign=&quot;top&quot;&gt;
																&lt;div align=&quot;justify&quot;&gt;
																	&lt;strong&gt;REXY MAINAKY CREDENTIALS:&lt;/strong&gt;&lt;br /&gt;
																	&lt;br /&gt;
																	Rexy Mainaky is a former badminton World Champion and Olympics Champion in the men&amp;#39;s doubles with his partner Ricky Subagia. They won numerous titles including Olympics Gold Medal at 1996 Olympics Atlanta. They were also crowned World Champions at the Badminton World Championships in Lausanne. The pair are among the fastest the world has known, notorious for their killer jumping smashes.&lt;br /&gt;
																	&lt;br /&gt;
																	FusionExcel&amp;#39;s Quantum Pendant has helped me with my job as the Malaysian National Badminton Doubles Coach. After I wore FusionExcel&amp;#39;s&amp;#39;s Quantum Pendant for a week I can feel the difference. I wasn&amp;#39;t feeling tired and fatigue at all when I sparred with my players. Usually I can only play 1 set but now I can play 3 or 4 sets without rest! I feel more energetic.&lt;br /&gt;
																	&lt;br /&gt;
																	A week before the 2008 Beijing Olympics I hurt my calf muscle. After wearing FusionExcel&amp;#39;s&amp;#39;s Quantum Bracelet and drinking the charged water from FusionExcel&amp;#39;s&amp;#39;s Quantum flask, the pain was gone in 2 days when usually it would take longer!&amp;nbsp; I highly recommend everyone to use FusionExcel&amp;#39;s&amp;#39;s Quantum Science products. It worked for me and I am sure it would work&amp;nbsp;for you as well!&lt;/div&gt;
															&lt;/td&gt;
														&lt;/tr&gt;
													&lt;/tbody&gt;
												&lt;/table&gt;
											&lt;/td&gt;
										&lt;/tr&gt;
									&lt;/tbody&gt;
								&lt;/table&gt;
							&lt;/td&gt;
						&lt;/tr&gt;
					&lt;/tbody&gt;
				&lt;/table&gt;
			&lt;/td&gt;
		&lt;/tr&gt;
	&lt;/tbody&gt;
&lt;/table&gt;
&lt;p&gt;
	&amp;nbsp;&lt;/p&gt;
</content><meta><description>Rexy Mainaky, World Champion Olympic Badminton Gold Medalist, Ricky Subagia, Badminton World Championships, Olympics, Malaysian National Badminton Doubles Coach, Quantum Bracelet.</description><keyword>FusionExcel's Quantum Pendant has helped me with my job as the Malaysian National Badminton Doubles Coach.</keyword><robots>all</robots><author>klhunter</author></meta></en><bm><title>Testimonial - Quantum Pendant</title><content></content><meta><description>Rexy Mainaky, World Champion Olympic Badminton Gold Medalist, Ricky Subagia, Badminton World Championships, Olympics, Malaysian National Badminton Doubles Coach, Quantum Bracelet.</description><keyword>FusionExcel's Quantum Pendant has helped me with my job as the Malaysian National Badminton Doubles Coach.</keyword><robots>all</robots><author>klhunter</author></meta></bm><chi><title>Testimonial - Quantum Pendant</title><content></content><meta><description>Rexy Mainaky, World Champion Olympic Badminton Gold Medalist, Ricky Subagia, Badminton World Championships, Olympics, Malaysian National Badminton Doubles Coach, Quantum Bracelet.</description><keyword>FusionExcel's Quantum Pendant has helped me with my job as the Malaysian National Badminton Doubles Coach.</keyword><robots>all</robots><author>klhunter</author></meta></chi></article>