<?xml version='1.0' encoding='utf-8'?><article><en><title>Testimonial - Quantum Pendant</title><content>&lt;p&gt;
	Candra Wijaya, Badminton World Champion &amp;amp; Olympic Gold Medalist .&lt;/p&gt;
&lt;table border=&quot;0&quot; cellpadding=&quot;0&quot; cellspacing=&quot;0&quot; width=&quot;100%&quot;&gt;
	&lt;tbody&gt;
		&lt;tr&gt;
			&lt;td class=&quot;content&quot; valign=&quot;top&quot;&gt;
				&lt;table border=&quot;0&quot; cellpadding=&quot;0&quot; cellspacing=&quot;0&quot; width=&quot;100%&quot;&gt;
					&lt;tbody&gt;
						&lt;tr&gt;
							&lt;td width=&quot;10&quot;&gt;
								&amp;nbsp;&lt;/td&gt;
							&lt;td&gt;
								&lt;br /&gt;
								&lt;table border=&quot;0&quot; cellpadding=&quot;0&quot; cellspacing=&quot;0&quot; width=&quot;100%&quot;&gt;
									&lt;tbody&gt;
										&lt;tr&gt;
											&lt;td width=&quot;50%&quot;&gt;
												&lt;img height=&quot;460&quot; src=&quot;http://fusionexcel.com/imgnews/candra.jpg&quot; width=&quot;352&quot; /&gt;&lt;/td&gt;
											&lt;td align=&quot;right&quot; width=&quot;50%&quot;&gt;
												&lt;img height=&quot;460&quot; src=&quot;http://fusionexcel.com/imgnews/candra1.jpg&quot; width=&quot;352&quot; /&gt;&lt;/td&gt;
										&lt;/tr&gt;
										&lt;tr&gt;
											&lt;td class=&quot;content&quot; colspan=&quot;2&quot; height=&quot;10&quot;&gt;
												&lt;strong&gt;CANDRA WIJAYA CREDENTIALS:&lt;/strong&gt;&lt;br /&gt;
												&lt;br /&gt;
												- Gold Medallist Olympic Sydney 2000.&lt;br /&gt;
												- World Champion 1997.&lt;br /&gt;
												- World Champion Finalist 2003, 2005.&lt;br /&gt;
												- All England Champion 1998, 2003.&lt;br /&gt;
												- All England Champion Finalist 1997, 2005.&lt;br /&gt;
												- Thomas Cup Team Member Champion 1998, 2000, 2002.&lt;br /&gt;
												- Sudirman Cup Team Member 1997, 1999, 2001, 2003, 2005, 2007.&lt;br /&gt;
												- Gold Medallist Asian Games Team 1998.&lt;br /&gt;
												- Gold Medallist Sea Games Individual &amp;amp; Team 1997.&lt;br /&gt;
												- Kopenhagen Master Champion 1998, 1999, 2002, 2003.&lt;br /&gt;
												- Player&amp;#39;s Of The Year 2000 Eddy Choong Award.&lt;br /&gt;
												&lt;br /&gt;
												I am really impressed with the power of FusionExcel&amp;#39;s Quantum Pendant. A while ago, I was suffering from muscle aches in my back and thigh. I wore FusionExcel&amp;#39;s Quantum Pendant overnight and the next day the pain was gone! Now when I am playing badminton, I found that my stamina and energy has also improved. I can now play&amp;nbsp;longer without getting tired. Thank you FusionExcel for such a wonderful product!&lt;/td&gt;
										&lt;/tr&gt;
										&lt;tr&gt;
										&lt;/tr&gt;
									&lt;/tbody&gt;
								&lt;/table&gt;
							&lt;/td&gt;
						&lt;/tr&gt;
					&lt;/tbody&gt;
				&lt;/table&gt;
			&lt;/td&gt;
		&lt;/tr&gt;
	&lt;/tbody&gt;
&lt;/table&gt;
&lt;p&gt;
	&amp;nbsp;&lt;/p&gt;
</content><meta><description>I am really impressed with the power of FusionExcel's Quantum Pendant.</description><keyword>Candra Wijaya, Badminton World Champion, Olympic Gold Medalist, Gold Medallist Olympic Sydney, World Champion Finalist, All England Champion Finalist, Thomas Cup Team Member, Sudirman Cup Team Member, Asian Games, Sea Games, Kopenhagen Master Champion, Player's Of The Year 2000 Eddy Choong Award.</keyword><robots>all</robots><author>klhunter</author></meta></en><bm><title>Testimonial - Quantum Pendant</title><content></content><meta><description>I am really impressed with the power of FusionExcel's Quantum Pendant.</description><keyword>Candra Wijaya, Badminton World Champion, Olympic Gold Medalist, Gold Medallist Olympic Sydney, World Champion Finalist, All England Champion Finalist, Thomas Cup Team Member, Sudirman Cup Team Member, Asian Games, Sea Games, Kopenhagen Master Champion, Player's Of The Year 2000 Eddy Choong Award.</keyword><robots>all</robots><author>klhunter</author></meta></bm><chi><title>Testimonial - Quantum Pendant</title><content></content><meta><description>I am really impressed with the power of FusionExcel's Quantum Pendant.</description><keyword>Candra Wijaya, Badminton World Champion, Olympic Gold Medalist, Gold Medallist Olympic Sydney, World Champion Finalist, All England Champion Finalist, Thomas Cup Team Member, Sudirman Cup Team Member, Asian Games, Sea Games, Kopenhagen Master Champion, Player's Of The Year 2000 Eddy Choong Award.</keyword><robots>all</robots><author>klhunter</author></meta></chi></article>