<?xml version='1.0' encoding='utf-8'?><article><en><title>Testimonial - Quantum Pendant</title><content>&lt;p&gt;
	James Wong, Renowned Malaysian Actor And Producer.&lt;/p&gt;
&lt;table border=&quot;0&quot; cellpadding=&quot;0&quot; cellspacing=&quot;0&quot; width=&quot;100%&quot;&gt;
	&lt;tbody&gt;
		&lt;tr&gt;
			&lt;td class=&quot;content&quot; valign=&quot;top&quot;&gt;
				&lt;table border=&quot;0&quot; cellpadding=&quot;0&quot; cellspacing=&quot;0&quot; width=&quot;100%&quot;&gt;
					&lt;tbody&gt;
						&lt;tr&gt;
							&lt;td width=&quot;10&quot;&gt;
								&amp;nbsp;&lt;/td&gt;
							&lt;td&gt;
								&lt;br /&gt;
								&lt;table border=&quot;0&quot; cellpadding=&quot;0&quot; cellspacing=&quot;0&quot; width=&quot;100%&quot;&gt;
									&lt;tbody&gt;
										&lt;tr&gt;
											&lt;td valign=&quot;top&quot; width=&quot;213&quot;&gt;
												&lt;img height=&quot;320&quot; src=&quot;http://fusionexcel.com/imgnews/jameswong.jpg&quot; width=&quot;200&quot; /&gt;&lt;/td&gt;
											&lt;td valign=&quot;top&quot; width=&quot;503&quot;&gt;
												&lt;strong&gt;JAMES WONG CREDENTIALS:&lt;/strong&gt;&lt;br /&gt;
												&lt;br /&gt;
												- Favorite Artiste Award (1995, 1996, 1997, 1998).&lt;br /&gt;
												- Favorite Male Artiste Award (1996, 1997, 1998).&lt;br /&gt;
												- Best Drama Award for Rites of Passage (1998).&lt;br /&gt;
												- Host for Miss Astro Chinese International Pageant (1998).&lt;br /&gt;
												- 21st Century Peace Idol Award (1999).&lt;br /&gt;
												- Chief of Creative for NEC Hand Phone Ad in Beijing (2000).&lt;br /&gt;
												- Best Television Actor Award (2005).&lt;br /&gt;
												- Top 5 Most Popular Actor Award (2005).&lt;br /&gt;
												- Malaysia Global Chinese Golden Arts Award (2005).&lt;/td&gt;
										&lt;/tr&gt;
										&lt;tr&gt;
											&lt;td class=&quot;content&quot; colspan=&quot;2&quot; height=&quot;10&quot;&gt;
												I lead a very hectic and stressful life. Due to the nature of my industry, I need to be physically fit and mentally attentive at all times. But my biological clock is also ticking, which causes my stamina and metabolism to somehow plummet.&lt;br /&gt;
												&lt;br /&gt;
												However, in an eventful encounter with Fusion Excel, I experienced the extraordinary Quantum Pendant, which startled me as I cannot imagine how a humble and small pendant could do so much. From the demonstrations I undergo personally, I finally relent to the strength of FusionExcel&amp;rsquo;s Quantum Pendant.&lt;br /&gt;
												&lt;br /&gt;
												I once sprained my back that at times bothers me especially after an intense work out. However, I was very amazed as after wearing FusionExcel&amp;rsquo;s Quantum Pendant, that aching pain totally stopped. Now, I can work out unreservedly and surprisingly hardly out of breath when I was playing futsal or golf.&lt;br /&gt;
												&lt;br /&gt;
												I am also starting to drink only from my Quantum Flask as I notice my skin starting to glow. I am also feeling extremely energetic and vibrant.&lt;br /&gt;
												&lt;br /&gt;
												I had never imagine such a wonderful encounter as I am skeptical at the beginning but after numerous experience, I am now very excited to share this magnificent products to everyone around me.&lt;/td&gt;
										&lt;/tr&gt;
										&lt;tr&gt;
											&lt;td class=&quot;content&quot; colspan=&quot;2&quot; height=&quot;10&quot;&gt;
												&lt;table border=&quot;0&quot; cellpadding=&quot;0&quot; cellspacing=&quot;0&quot; width=&quot;100%&quot;&gt;
													&lt;tbody&gt;
														&lt;tr&gt;
															&lt;td width=&quot;24%&quot;&gt;
																&lt;img height=&quot;234&quot; src=&quot;http://fusionexcel.com/imgnews/jameswong1.jpg&quot; width=&quot;160&quot; /&gt;&lt;/td&gt;
															&lt;td width=&quot;24%&quot;&gt;
																&lt;img height=&quot;234&quot; src=&quot;http://fusionexcel.com/imgnews/jameswong2.jpg&quot; width=&quot;160&quot; /&gt;&lt;/td&gt;
															&lt;td align=&quot;right&quot; width=&quot;52%&quot;&gt;
																&lt;img height=&quot;234&quot; src=&quot;http://fusionexcel.com/imgnews/jameswong3.jpg&quot; width=&quot;370&quot; /&gt;&lt;/td&gt;
														&lt;/tr&gt;
													&lt;/tbody&gt;
												&lt;/table&gt;
											&lt;/td&gt;
										&lt;/tr&gt;
										&lt;tr&gt;
										&lt;/tr&gt;
									&lt;/tbody&gt;
								&lt;/table&gt;
							&lt;/td&gt;
						&lt;/tr&gt;
					&lt;/tbody&gt;
				&lt;/table&gt;
			&lt;/td&gt;
		&lt;/tr&gt;
	&lt;/tbody&gt;
&lt;/table&gt;
&lt;p&gt;
	&amp;nbsp;&lt;/p&gt;
</content><meta><description>I experienced the extraordinary Quantum Pendant, which startled me as I cannot imagine how a humble and small pendant could do so much.</description><keyword>James Wong, Renowned Malaysian Actor and Producer, Favorite Artiste Award, Favorite Male Artiste Award, Best Drama Award for Rites of Passage, Host for Miss Astro Chinese International Pageant, 21st Century Peace Idol Award, Chief of Creative for NEC Hand Phone Ad in Beijing, Best Television Actor Award, Top 5 Most Popular Actor Award, Malaysia Global Chinese Golden Arts Award.</keyword><robots>all</robots><author>klhunter</author></meta></en><bm><title>Testimonial - Quantum Pendant</title><content></content><meta><description>I experienced the extraordinary Quantum Pendant, which startled me as I cannot imagine how a humble and small pendant could do so much.</description><keyword>James Wong, Renowned Malaysian Actor and Producer, Favorite Artiste Award, Favorite Male Artiste Award, Best Drama Award for Rites of Passage, Host for Miss Astro Chinese International Pageant, 21st Century Peace Idol Award, Chief of Creative for NEC Hand Phone Ad in Beijing, Best Television Actor Award, Top 5 Most Popular Actor Award, Malaysia Global Chinese Golden Arts Award.&quot;/&gt;
&lt;meta name=&quot;description&quot; content=&quot;I experienced the extraordinary Quantum Pendant, which startled me as I cannot</keyword><robots>all</robots><author>klhunter</author></meta></bm><chi><title>Testimonial - Quantum Pendant</title><content></content><meta><description>I experienced the extraordinary Quantum Pendant, which startled me as I cannot imagine how a humble and small pendant could do so much.</description><keyword>James Wong, Renowned Malaysian Actor and Producer, Favorite Artiste Award, Favorite Male Artiste Award, Best Drama Award for Rites of Passage, Host for Miss Astro Chinese International Pageant, 21st Century Peace Idol Award, Chief of Creative for NEC Hand Phone Ad in Beijing, Best Television Actor Award, Top 5 Most Popular Actor Award, Malaysia Global Chinese Golden Arts Award.&quot;/&gt;
&lt;meta name=&quot;description&quot; content=&quot;I experienced the extraordinary Quantum Pendant, which startled me as I cannot</keyword><robots>all</robots><author>klhunter</author></meta></chi></article>