<?xml version='1.0' encoding='utf-8'?><article><en><title>FE Welcomes QP Wearer, Cory Quirino, granddaughter of former Philippine President Elpidio Quirino, celebrity, author, newspaper, columnist, health &amp; fitness guru &amp; TV hostess of popular TV programme, A GOOD LIFE , watched by millions of Filipinos weekly o</title><content>&lt;table border=&quot;0&quot; cellpadding=&quot;0&quot; cellspacing=&quot;0&quot; width=&quot;100%&quot;&gt;
	&lt;tbody&gt;
		&lt;tr&gt;
			&lt;td valign=&quot;top&quot; width=&quot;740&quot;&gt;
				&lt;table border=&quot;0&quot; cellpadding=&quot;0&quot; cellspacing=&quot;0&quot; width=&quot;100%&quot;&gt;
					&lt;tbody&gt;
						&lt;tr&gt;
							&lt;td bgcolor=&quot;#999999&quot; valign=&quot;top&quot;&gt;
								&lt;table border=&quot;0&quot; cellpadding=&quot;10&quot; cellspacing=&quot;1&quot; width=&quot;100%&quot;&gt;
									&lt;tbody&gt;
										&lt;tr&gt;
											&lt;td bgcolor=&quot;#EEF0FC&quot; height=&quot;943&quot; valign=&quot;top&quot;&gt;
												&lt;table border=&quot;0&quot; cellpadding=&quot;0&quot; cellspacing=&quot;0&quot; width=&quot;100%&quot;&gt;
													&lt;tbody&gt;
														&lt;tr&gt;
															&lt;td align=&quot;center&quot; valign=&quot;top&quot;&gt;
																&lt;img src=&quot;http://fusionexcel.com/imgnews/coryFitness1.jpg&quot; /&gt;&lt;/td&gt;
														&lt;/tr&gt;
														&lt;tr&gt;
															&lt;td align=&quot;center&quot; valign=&quot;top&quot;&gt;
																&lt;img src=&quot;http://fusionexcel.com/imgnews/coryFitness2.jpg&quot; /&gt;&lt;br /&gt;
																&lt;br /&gt;
																&amp;nbsp;&lt;/td&gt;
														&lt;/tr&gt;
													&lt;/tbody&gt;
												&lt;/table&gt;
											&lt;/td&gt;
										&lt;/tr&gt;
									&lt;/tbody&gt;
								&lt;/table&gt;
							&lt;/td&gt;
						&lt;/tr&gt;
					&lt;/tbody&gt;
				&lt;/table&gt;
			&lt;/td&gt;
		&lt;/tr&gt;
	&lt;/tbody&gt;
&lt;/table&gt;
&lt;p&gt;
	&amp;nbsp;&lt;/p&gt;
</content><meta><description>FE Welcomes QP Wearer, Cory Quirino, granddaughter of former Philippine President Elpidio Quirino, celebrity, author, newspaper, columnist, health &amp;amp; fitness guru &amp;amp; TV hostess of popular TV programme, A GOOD LIFE , watched by millions of Filipinos weekly on both  local channels and  via cable TV in 45 countries around the world.</description><keyword>FE Welcomes QP Wearer, Cory Quirino, granddaughter of former Philippine President Elpidio Quirino, celebrity, author, newspaper, columnist, health &amp; fitness guru &amp; TV hostess of popular TV programme, A GOOD LIFE , watched by millions of Filipinos weekly o</keyword><robots>all</robots><author>klhunter</author></meta></en><bm><title>FE Welcomes QP Wearer, Cory Quirino, granddaughter of former Philippine President Elpidio Quirino, celebrity, author, newspaper, columnist, health &amp; fitness guru &amp; TV hostess of popular TV programme, A GOOD LIFE , watched by millions of Filipinos weekly o</title><content></content><meta><description>FE Welcomes QP Wearer, Cory Quirino, granddaughter of former Philippine President Elpidio Quirino, celebrity, author, newspaper, columnist, health &amp;amp; fitness guru &amp;amp; TV hostess of popular TV programme, A GOOD LIFE , watched by millions of Filipinos weekly on both  local channels and  via cable TV in 45 countries around the world.</description><keyword>FE Welcomes QP Wearer, Cory Quirino, granddaughter of former Philippine President Elpidio Quirino, celebrity, author, newspaper, columnist, health &amp; fitness guru &amp; TV hostess of popular TV programme, A GOOD LIFE , watched by millions of Filipinos weekly o</keyword><robots>all</robots><author>klhunter</author></meta></bm><chi><title>FE Welcomes QP Wearer, Cory Quirino, granddaughter of former Philippine President Elpidio Quirino, celebrity, author, newspaper, columnist, health &amp; fitness guru &amp; TV hostess of popular TV programme, A GOOD LIFE , watched by millions of Filipinos weekly o</title><content></content><meta><description>FE Welcomes QP Wearer, Cory Quirino, granddaughter of former Philippine President Elpidio Quirino, celebrity, author, newspaper, columnist, health &amp;amp; fitness guru &amp;amp; TV hostess of popular TV programme, A GOOD LIFE , watched by millions of Filipinos weekly on both  local channels and  via cable TV in 45 countries around the world.</description><keyword>FE Welcomes QP Wearer, Cory Quirino, granddaughter of former Philippine President Elpidio Quirino, celebrity, author, newspaper, columnist, health &amp; fitness guru &amp; TV hostess of popular TV programme, A GOOD LIFE , watched by millions of Filipinos weekly o</keyword><robots>all</robots><author>klhunter</author></meta></chi></article>