<?xml version='1.0' encoding='utf-8'?><article><en><title>FE's Indonesia Event 25th October 2008 (2)</title><content>&lt;table border=&quot;0&quot; cellpadding=&quot;0&quot; cellspacing=&quot;0&quot; width=&quot;100%&quot;&gt;
	&lt;tbody&gt;
		&lt;tr&gt;
			&lt;td valign=&quot;top&quot; width=&quot;740&quot;&gt;
				&lt;table border=&quot;0&quot; cellpadding=&quot;0&quot; cellspacing=&quot;0&quot; width=&quot;100%&quot;&gt;
					&lt;tbody&gt;
						&lt;tr&gt;
							&lt;td bgcolor=&quot;#999999&quot; valign=&quot;top&quot;&gt;
								&lt;table border=&quot;0&quot; cellpadding=&quot;10&quot; cellspacing=&quot;1&quot; width=&quot;100%&quot;&gt;
									&lt;tbody&gt;
										&lt;tr&gt;
											&lt;td bgcolor=&quot;#EEF0FC&quot; height=&quot;943&quot; valign=&quot;top&quot;&gt;
												&lt;table border=&quot;0&quot; cellpadding=&quot;0&quot; cellspacing=&quot;0&quot; width=&quot;100%&quot;&gt;
													&lt;tbody&gt;
														&lt;tr&gt;
															&lt;td class=&quot;content&quot; valign=&quot;top&quot;&gt;
																&lt;table border=&quot;0&quot; cellpadding=&quot;0&quot; cellspacing=&quot;0&quot; width=&quot;100%&quot;&gt;
																	&lt;tbody&gt;
																		&lt;tr valign=&quot;top&quot;&gt;
																			&lt;td width=&quot;50%&quot;&gt;
																				&lt;img height=&quot;240&quot; src=&quot;http://fusionexcel.com/imgnews/indo19.jpg&quot; width=&quot;354&quot; /&gt;&lt;/td&gt;
																			&lt;td align=&quot;right&quot;&gt;
																				&lt;img height=&quot;240&quot; src=&quot;http://fusionexcel.com/imgnews/indo20.jpg&quot; width=&quot;354&quot; /&gt;&lt;/td&gt;
																		&lt;/tr&gt;
																		&lt;tr valign=&quot;top&quot;&gt;
																			&lt;td colspan=&quot;2&quot;&gt;
																				&lt;table border=&quot;0&quot; cellpadding=&quot;0&quot; cellspacing=&quot;0&quot; width=&quot;100%&quot;&gt;
																					&lt;tbody&gt;
																						&lt;tr valign=&quot;top&quot;&gt;
																							&lt;td width=&quot;245&quot;&gt;
																								&lt;img height=&quot;350&quot; src=&quot;http://fusionexcel.com/imgnews/indo21.jpg&quot; width=&quot;233&quot; /&gt;&lt;/td&gt;
																							&lt;td align=&quot;center&quot; width=&quot;228&quot;&gt;
																								&lt;img height=&quot;350&quot; src=&quot;http://fusionexcel.com/imgnews/indo22.jpg&quot; width=&quot;233&quot; /&gt;&lt;/td&gt;
																							&lt;td align=&quot;right&quot; width=&quot;245&quot;&gt;
																								&lt;img height=&quot;350&quot; src=&quot;http://fusionexcel.com/imgnews/indo23.jpg&quot; width=&quot;233&quot; /&gt;&lt;/td&gt;
																						&lt;/tr&gt;
																					&lt;/tbody&gt;
																				&lt;/table&gt;
																			&lt;/td&gt;
																		&lt;/tr&gt;
																		&lt;tr valign=&quot;top&quot;&gt;
																			&lt;td&gt;
																				&lt;img height=&quot;240&quot; src=&quot;http://fusionexcel.com/imgnews/indo24.jpg&quot; width=&quot;354&quot; /&gt;&lt;/td&gt;
																			&lt;td align=&quot;right&quot;&gt;
																				&lt;img height=&quot;240&quot; src=&quot;http://fusionexcel.com/imgnews/indo25.jpg&quot; width=&quot;354&quot; /&gt;&lt;/td&gt;
																		&lt;/tr&gt;
																		&lt;tr valign=&quot;top&quot;&gt;
																			&lt;td&gt;
																				&lt;img height=&quot;240&quot; src=&quot;http://fusionexcel.com/imgnews/indo26.jpg&quot; width=&quot;354&quot; /&gt;&lt;/td&gt;
																			&lt;td align=&quot;right&quot;&gt;
																				&lt;img height=&quot;240&quot; src=&quot;http://fusionexcel.com/imgnews/indo27.jpg&quot; width=&quot;354&quot; /&gt;&lt;/td&gt;
																		&lt;/tr&gt;
																		&lt;tr valign=&quot;top&quot;&gt;
																			&lt;td&gt;
																				&lt;img height=&quot;240&quot; src=&quot;http://fusionexcel.com/imgnews/indo28.jpg&quot; width=&quot;354&quot; /&gt;&lt;/td&gt;
																			&lt;td align=&quot;right&quot;&gt;
																				&lt;img height=&quot;240&quot; src=&quot;http://fusionexcel.com/imgnews/indo29.jpg&quot; width=&quot;354&quot; /&gt;&lt;/td&gt;
																		&lt;/tr&gt;
																		&lt;tr valign=&quot;top&quot;&gt;
																			&lt;td&gt;
																				&lt;img height=&quot;240&quot; src=&quot;http://fusionexcel.com/imgnews/indo30.jpg&quot; width=&quot;354&quot; /&gt;&lt;/td&gt;
																			&lt;td align=&quot;right&quot;&gt;
																				&lt;img height=&quot;240&quot; src=&quot;http://fusionexcel.com/imgnews/indo31.jpg&quot; width=&quot;354&quot; /&gt;&lt;/td&gt;
																		&lt;/tr&gt;
																		&lt;tr valign=&quot;top&quot;&gt;
																			&lt;td align=&quot;center&quot; colspan=&quot;2&quot; height=&quot;10&quot;&gt;
																				&lt;img height=&quot;333&quot; src=&quot;http://fusionexcel.com/imgnews/indo32.jpg&quot; width=&quot;500&quot; /&gt;&lt;/td&gt;
																		&lt;/tr&gt;
																	&lt;/tbody&gt;
																&lt;/table&gt;
															&lt;/td&gt;
														&lt;/tr&gt;
													&lt;/tbody&gt;
												&lt;/table&gt;
											&lt;/td&gt;
										&lt;/tr&gt;
									&lt;/tbody&gt;
								&lt;/table&gt;
							&lt;/td&gt;
						&lt;/tr&gt;
					&lt;/tbody&gt;
				&lt;/table&gt;
			&lt;/td&gt;
		&lt;/tr&gt;
	&lt;/tbody&gt;
&lt;/table&gt;
&lt;p&gt;
	&amp;nbsp;&lt;/p&gt;
</content><meta><description>FE's Indonesia Event 25th October 2008 (2)</description><keyword>FE's Indonesia Event 25th October 2008 (2)</keyword><robots>all</robots><author>klhunter</author></meta></en><bm><title>FE's Indonesia Event 25th October 2008 (2)</title><content></content><meta><description>FE's Indonesia Event 25th October 2008 (2)</description><keyword>FE's Indonesia Event 25th October 2008 (2)</keyword><robots>all</robots><author>klhunter</author></meta></bm><chi><title>FE's Indonesia Event 25th October 2008 (2)</title><content></content><meta><description>FE's Indonesia Event 25th October 2008 (2)</description><keyword>FE's Indonesia Event 25th October 2008 (2)</keyword><robots>all</robots><author>klhunter</author></meta></chi></article>