<?xml version='1.0' encoding='utf-8'?><article><en><title>FE Welcomes QP Wearer and Supporter &quot;Christmas For Payatas&quot; Charity, Charo Santos, President ABS-CBN Broadcasting Corporation Philippines! </title><content>&lt;table border=&quot;0&quot; cellpadding=&quot;0&quot; cellspacing=&quot;0&quot; width=&quot;100%&quot;&gt;
	&lt;tbody&gt;
		&lt;tr&gt;
			&lt;td valign=&quot;top&quot; width=&quot;740&quot;&gt;
				&lt;table border=&quot;0&quot; cellpadding=&quot;0&quot; cellspacing=&quot;0&quot; width=&quot;100%&quot;&gt;
					&lt;tbody&gt;
						&lt;tr&gt;
							&lt;td bgcolor=&quot;#999999&quot; valign=&quot;top&quot;&gt;
								&lt;table border=&quot;0&quot; cellpadding=&quot;10&quot; cellspacing=&quot;1&quot; width=&quot;100%&quot;&gt;
									&lt;tbody&gt;
										&lt;tr&gt;
											&lt;td bgcolor=&quot;#EEF0FC&quot; height=&quot;943&quot; valign=&quot;top&quot;&gt;
												&lt;table border=&quot;0&quot; cellpadding=&quot;0&quot; cellspacing=&quot;0&quot; width=&quot;100%&quot;&gt;
													&lt;tbody&gt;
														&lt;tr&gt;
															&lt;td&gt;
																&lt;table border=&quot;0&quot; cellpadding=&quot;0&quot; cellspacing=&quot;0&quot; width=&quot;100%&quot;&gt;
																	&lt;tbody&gt;
																		&lt;tr align=&quot;center&quot; valign=&quot;top&quot;&gt;
																			&lt;td colspan=&quot;2&quot;&gt;
																				&lt;img src=&quot;http://fusionexcel.com/imgnews/charo1.jpg&quot; /&gt;&lt;/td&gt;
																		&lt;/tr&gt;
																		&lt;tr valign=&quot;top&quot;&gt;
																			&lt;td align=&quot;center&quot; colspan=&quot;2&quot;&gt;
																				&lt;img src=&quot;http://fusionexcel.com/imgnews/charo2.jpg&quot; /&gt;&lt;/td&gt;
																		&lt;/tr&gt;
																		&lt;tr valign=&quot;top&quot;&gt;
																			&lt;td align=&quot;center&quot; colspan=&quot;2&quot;&gt;
																				&lt;img src=&quot;http://fusionexcel.com/imgnews/charo3.jpg&quot; /&gt;&lt;/td&gt;
																		&lt;/tr&gt;
																	&lt;/tbody&gt;
																&lt;/table&gt;
															&lt;/td&gt;
														&lt;/tr&gt;
													&lt;/tbody&gt;
												&lt;/table&gt;
											&lt;/td&gt;
										&lt;/tr&gt;
									&lt;/tbody&gt;
								&lt;/table&gt;
							&lt;/td&gt;
						&lt;/tr&gt;
					&lt;/tbody&gt;
				&lt;/table&gt;
			&lt;/td&gt;
		&lt;/tr&gt;
	&lt;/tbody&gt;
&lt;/table&gt;
&lt;p&gt;
	&amp;nbsp;&lt;/p&gt;
</content><meta><description>FusionExcel Welcomes Quantum Pendant Wearer and Supporter &quot;Christmas For Payatas&quot; Charity, Charo Santos, President ABS-CBN Broadcasting Corporation Philippines!</description><keyword>Quantum Pendant Wearer, Christmas For Payatas, Charo Santos, President ABS-CBN Broadcasting Corporation Philippines</keyword><robots>all</robots><author>klhunter</author></meta></en><bm><title>FE Welcomes QP Wearer and Supporter &quot;Christmas For Payatas&quot; Charity, Charo Santos, President ABS-CBN Broadcasting Corporation Philippines! </title><content></content><meta><description>FusionExcel Welcomes Quantum Pendant Wearer and Supporter &quot;Christmas For Payatas&quot; Charity, Charo Santos, President ABS-CBN Broadcasting Corporation Philippines!</description><keyword>Quantum Pendant Wearer, Christmas For Payatas, Charo Santos, President ABS-CBN Broadcasting Corporation Philippines</keyword><robots>all</robots><author>klhunter</author></meta></bm><chi><title>FE Welcomes QP Wearer and Supporter &quot;Christmas For Payatas&quot; Charity, Charo Santos, President ABS-CBN Broadcasting Corporation Philippines! </title><content></content><meta><description>FusionExcel Welcomes Quantum Pendant Wearer and Supporter &quot;Christmas For Payatas&quot; Charity, Charo Santos, President ABS-CBN Broadcasting Corporation Philippines!</description><keyword>Quantum Pendant Wearer, Christmas For Payatas, Charo Santos, President ABS-CBN Broadcasting Corporation Philippines</keyword><robots>all</robots><author>klhunter</author></meta></chi></article>