<?xml version='1.0' encoding='utf-8'?><article><en><title>FE Welcomes QP Wearer, San Juan City Mayor, JV Ejercito!</title><content>&lt;p&gt;
	&lt;img src=&quot;http://fusionexcel.com/imgnews/mayor.jpg&quot; /&gt;&lt;/p&gt;
&lt;div align=&quot;center&quot;&gt;
	(Left-Right) San Juan City Councilor Francisco Zamora (Son of Congressman Ronaldo Zamora) , FE Philippines Country Licensee Jeremy Looi, San Juan City Mayor Honorable. Joseph Victor Ejercito (Son of Former President Joseph Ejercito Estrada) and FE Spokeman Allan &amp;quot;Triggerman&amp;quot; Caidic.&lt;/div&gt;
</content><meta><description>FE Welcomes QP Wearer, San Juan City Mayor, JV Ejercito!</description><keyword>FE Welcomes QP Wearer, San Juan City Mayor, JV Ejercito!</keyword><robots>all</robots><author>klhunter</author></meta></en><bm><title>FE Welcomes QP Wearer, San Juan City Mayor, JV Ejercito!</title><content></content><meta><description>FE Welcomes QP Wearer, San Juan City Mayor, JV Ejercito!</description><keyword>FE Welcomes QP Wearer, San Juan City Mayor, JV Ejercito!</keyword><robots>all</robots><author>klhunter</author></meta></bm><chi><title>FE Welcomes QP Wearer, San Juan City Mayor, JV Ejercito!</title><content></content><meta><description>FE Welcomes QP Wearer, San Juan City Mayor, JV Ejercito!</description><keyword>FE Welcomes QP Wearer, San Juan City Mayor, JV Ejercito!</keyword><robots>all</robots><author>klhunter</author></meta></chi></article>