<?xml version='1.0' encoding='utf-8'?><article><en><title>FE Welcomes QP Wearers, Indonesian VIPs, Ismeth Azis (Deputy Mayor, Bukit Tinggi, West Sumatra, Indonesia) and H Trismon SH (Head of Parliament, Bukit Tinggi, West Sumatra, Indonesia). </title><content>&lt;p&gt;
	&lt;br /&gt;
	&lt;br /&gt;
	&lt;img src=&quot;http://fusionexcel.com/imgnews/ismeth.jpg&quot; /&gt;&lt;/p&gt;
</content><meta><description>FE Welcomes QP Wearers, Indonesian VIPs, Ismeth Azis (Deputy Mayor, Bukit Tinggi, West Sumatra, Indonesia) and H Trismon SH (Head of Parliament, Bukit Tinggi, West Sumatra, Indonesia)</description><keyword>FE Welcomes QP Wearers, Indonesian VIPs, Ismeth Azis (Deputy Mayor, Bukit Tinggi, West Sumatra, Indonesia) and H Trismon SH (Head of Parliament, Bukit Tinggi, West Sumatra, Indonesia). </keyword><robots>all</robots><author>klhunter</author></meta></en><bm><title>FE Welcomes QP Wearers, Indonesian VIPs, Ismeth Azis (Deputy Mayor, Bukit Tinggi, West Sumatra, Indonesia) and H Trismon SH (Head of Parliament, Bukit Tinggi, West Sumatra, Indonesia). </title><content></content><meta><description>FE Welcomes QP Wearers, Indonesian VIPs, Ismeth Azis (Deputy Mayor, Bukit Tinggi, West Sumatra, Indonesia) and H Trismon SH (Head of Parliament, Bukit Tinggi, West Sumatra, Indonesia)</description><keyword>FE Welcomes QP Wearers, Indonesian VIPs, Ismeth Azis (Deputy Mayor, Bukit Tinggi, West Sumatra, Indonesia) and H Trismon SH (Head of Parliament, Bukit Tinggi, West Sumatra, Indonesia). </keyword><robots>all</robots><author>klhunter</author></meta></bm><chi><title>FE Welcomes QP Wearers, Indonesian VIPs, Ismeth Azis (Deputy Mayor, Bukit Tinggi, West Sumatra, Indonesia) and H Trismon SH (Head of Parliament, Bukit Tinggi, West Sumatra, Indonesia). </title><content></content><meta><description>FE Welcomes QP Wearers, Indonesian VIPs, Ismeth Azis (Deputy Mayor, Bukit Tinggi, West Sumatra, Indonesia) and H Trismon SH (Head of Parliament, Bukit Tinggi, West Sumatra, Indonesia)</description><keyword>FE Welcomes QP Wearers, Indonesian VIPs, Ismeth Azis (Deputy Mayor, Bukit Tinggi, West Sumatra, Indonesia) and H Trismon SH (Head of Parliament, Bukit Tinggi, West Sumatra, Indonesia). </keyword><robots>all</robots><author>klhunter</author></meta></chi></article>