<?xml version='1.0' encoding='utf-8'?><article><en><title>FusionExcel Achievers Recognition Dinner 15th November 2008. </title><content>&lt;table border=&quot;0&quot; cellpadding=&quot;0&quot; cellspacing=&quot;0&quot; width=&quot;100%&quot;&gt;
	&lt;tbody&gt;
		&lt;tr&gt;
			&lt;td valign=&quot;top&quot; width=&quot;740&quot;&gt;
				&lt;table border=&quot;0&quot; cellpadding=&quot;0&quot; cellspacing=&quot;0&quot; width=&quot;100%&quot;&gt;
					&lt;tbody&gt;
						&lt;tr&gt;
							&lt;td bgcolor=&quot;#999999&quot; valign=&quot;top&quot;&gt;
								&lt;table border=&quot;0&quot; cellpadding=&quot;10&quot; cellspacing=&quot;1&quot; width=&quot;100%&quot;&gt;
									&lt;tbody&gt;
										&lt;tr&gt;
											&lt;td bgcolor=&quot;#EEF0FC&quot; height=&quot;943&quot; valign=&quot;top&quot;&gt;
												&lt;table border=&quot;0&quot; cellpadding=&quot;0&quot; cellspacing=&quot;0&quot; width=&quot;100%&quot;&gt;
													&lt;tbody&gt;
														&lt;tr&gt;
															&lt;td align=&quot;center&quot; valign=&quot;top&quot;&gt;
																&lt;img src=&quot;http://fusionexcel.com/imgnews/maeps1.jpg&quot; /&gt;&lt;/td&gt;
														&lt;/tr&gt;
														&lt;tr&gt;
															&lt;td align=&quot;center&quot; valign=&quot;top&quot;&gt;
																&lt;img src=&quot;http://fusionexcel.com/imgnews/maeps5.jpg&quot; /&gt;&lt;/td&gt;
														&lt;/tr&gt;
														&lt;tr&gt;
															&lt;td align=&quot;center&quot; valign=&quot;top&quot;&gt;
																&lt;a href=&quot;http://fusionexcel.com/upnews_maeps_map.html&quot; target=&quot;_blank&quot;&gt;&amp;lt;Click To Enlarge &amp;gt;&lt;/a&gt;&lt;/td&gt;
														&lt;/tr&gt;
														&lt;tr&gt;
															&lt;td align=&quot;right&quot; valign=&quot;top&quot;&gt;
																&lt;br /&gt;
																&lt;a href=&quot;http://fusionexcel.com/upnews_main.html&quot;&gt;&amp;lt;Back To Summary&amp;gt;&lt;/a&gt;&lt;/td&gt;
														&lt;/tr&gt;
													&lt;/tbody&gt;
												&lt;/table&gt;
											&lt;/td&gt;
										&lt;/tr&gt;
									&lt;/tbody&gt;
								&lt;/table&gt;
							&lt;/td&gt;
						&lt;/tr&gt;
					&lt;/tbody&gt;
				&lt;/table&gt;
			&lt;/td&gt;
		&lt;/tr&gt;
	&lt;/tbody&gt;
&lt;/table&gt;
&lt;p&gt;
	&amp;nbsp;&lt;/p&gt;
</content><meta><description>FusionExcel Achievers Recognition Dinner 15th November 2008</description><keyword>FusionExcel Achievers Recognition Dinner 15th November 2008. </keyword><robots>all</robots><author>klhunter</author></meta></en><bm><title>FusionExcel Achievers Recognition Dinner 15th November 2008. </title><content></content><meta><description>FusionExcel Achievers Recognition Dinner 15th November 2008</description><keyword>FusionExcel Achievers Recognition Dinner 15th November 2008. </keyword><robots>all</robots><author>klhunter</author></meta></bm><chi><title>FusionExcel Achievers Recognition Dinner 15th November 2008. </title><content></content><meta><description>FusionExcel Achievers Recognition Dinner 15th November 2008</description><keyword>FusionExcel Achievers Recognition Dinner 15th November 2008. </keyword><robots>all</robots><author>klhunter</author></meta></chi></article>