<?xml version='1.0' encoding='utf-8'?><article><en><title>FusionExcel Sponsored Chef wins Super Gold Medal at 6th World Championship Chinese Cuisine, Beijing, China!</title><content>&lt;table border=&quot;0&quot; cellpadding=&quot;0&quot; cellspacing=&quot;0&quot; width=&quot;100%&quot;&gt;
	&lt;tbody&gt;
		&lt;tr&gt;
			&lt;td valign=&quot;top&quot;&gt;
				&lt;table border=&quot;0&quot; cellpadding=&quot;0&quot; cellspacing=&quot;0&quot; width=&quot;100%&quot;&gt;
					&lt;tbody&gt;
						&lt;tr valign=&quot;top&quot;&gt;
							&lt;td width=&quot;33%&quot;&gt;
								&lt;img height=&quot;287&quot; src=&quot;http://fusionexcel.com/imgnews/chefc1.jpg&quot; width=&quot;202&quot; /&gt;&lt;/td&gt;
							&lt;td align=&quot;center&quot; width=&quot;34%&quot;&gt;
								&lt;img height=&quot;287&quot; src=&quot;http://fusionexcel.com/imgnews/chefc2.jpg&quot; width=&quot;202&quot; /&gt;&lt;/td&gt;
							&lt;td align=&quot;right&quot; width=&quot;33%&quot;&gt;
								&lt;img height=&quot;287&quot; src=&quot;http://fusionexcel.com/imgnews/chefc3.jpg&quot; width=&quot;202&quot; /&gt;&lt;/td&gt;
						&lt;/tr&gt;
						&lt;tr valign=&quot;top&quot;&gt;
							&lt;td class=&quot;smallhead&quot;&gt;
								&lt;table border=&quot;0&quot; cellpadding=&quot;5&quot; cellspacing=&quot;0&quot; width=&quot;202&quot;&gt;
									&lt;tbody&gt;
										&lt;tr&gt;
											&lt;td align=&quot;center&quot;&gt;
												Shiva With His Super Gold&lt;br /&gt;
												Winning Dishes.&lt;/td&gt;
										&lt;/tr&gt;
									&lt;/tbody&gt;
								&lt;/table&gt;
							&lt;/td&gt;
							&lt;td align=&quot;center&quot; class=&quot;smallhead&quot;&gt;
								&lt;table border=&quot;0&quot; cellpadding=&quot;5&quot; cellspacing=&quot;0&quot; width=&quot;202&quot;&gt;
									&lt;tbody&gt;
										&lt;tr&gt;
											&lt;td align=&quot;center&quot;&gt;
												Shiva With His Super Gold&lt;br /&gt;
												Medals and Trophy.&lt;/td&gt;
										&lt;/tr&gt;
									&lt;/tbody&gt;
								&lt;/table&gt;
							&lt;/td&gt;
							&lt;td align=&quot;right&quot; class=&quot;smallhead&quot;&gt;
								&lt;table border=&quot;0&quot; cellpadding=&quot;5&quot; cellspacing=&quot;0&quot; width=&quot;202&quot;&gt;
									&lt;tbody&gt;
										&lt;tr&gt;
											&lt;td align=&quot;center&quot;&gt;
												Shiva With World Famous TV&lt;br /&gt;
												Chef, &amp;quot;Yan Can Cook&amp;quot;.&lt;/td&gt;
										&lt;/tr&gt;
									&lt;/tbody&gt;
								&lt;/table&gt;
							&lt;/td&gt;
						&lt;/tr&gt;
					&lt;/tbody&gt;
				&lt;/table&gt;
			&lt;/td&gt;
		&lt;/tr&gt;
		&lt;tr&gt;
			&lt;td class=&quot;content&quot;&gt;
				&lt;br /&gt;
				FusionExcel International sponsored a Malaysian participant to the 6th World Championship of Chinese Cuisine held on the 18th October, 2008 in Beijing, China.&lt;br /&gt;
				&lt;br /&gt;
				FusionExcel would like to extend our heartiest congratulation to Mr. P. Shiva Kumar, a Malaysian Indian Chef for winning the highest coveted Super Gold Award. He commented after wearing our Quantum Pendant, he is more focus and have more energy to perform his tasks. He felt more relax and this enable him to perform better during the world class cooking competition.&lt;br /&gt;
				&lt;br /&gt;
				FusionExcel is proud to sponsor a total of RM 10,000.00 in cash and Quantum Science Products for him to compete in the prestigious 6th World Championship of Chinese Cuisine Competition. Malaysian Bole&lt;/td&gt;
		&lt;/tr&gt;
	&lt;/tbody&gt;
&lt;/table&gt;
&lt;p&gt;
	&amp;nbsp;&lt;/p&gt;
</content><meta><description>FusionExcel Sponsored Chef wins Super Gold Medal at 6th World Championship Chinese Cuisine, Beijing, China!</description><keyword>FusionExcel International, Malaysian,World Championship of Chinese Cuisine, 2008 in Beijing, China, Mr. P. Shiva Kumar, Malaysian Indian Chef, world class cooking competition.</keyword><robots>all</robots><author>klhunter</author></meta></en><bm><title>FusionExcel Sponsored Chef wins Super Gold Medal at 6th World Championship Chinese Cuisine, Beijing, China!</title><content></content><meta><description>FusionExcel Sponsored Chef wins Super Gold Medal at 6th World Championship Chinese Cuisine, Beijing, China!</description><keyword>FusionExcel International, Malaysian,World Championship of Chinese Cuisine, 2008 in Beijing, China, Mr. P. Shiva Kumar, Malaysian Indian Chef, world class cooking competition.</keyword><robots>all</robots><author>klhunter</author></meta></bm><chi><title>FusionExcel Sponsored Chef wins Super Gold Medal at 6th World Championship Chinese Cuisine, Beijing, China!</title><content></content><meta><description>FusionExcel Sponsored Chef wins Super Gold Medal at 6th World Championship Chinese Cuisine, Beijing, China!</description><keyword>FusionExcel International, Malaysian,World Championship of Chinese Cuisine, 2008 in Beijing, China, Mr. P. Shiva Kumar, Malaysian Indian Chef, world class cooking competition.</keyword><robots>all</robots><author>klhunter</author></meta></chi></article>