<?xml version='1.0' encoding='utf-8'?><article><en><title>Help Put &quot;Christmas For Payatas&quot; Videos on Front Page of YouTube!</title><content>&lt;table border=&quot;0&quot; cellpadding=&quot;0&quot; cellspacing=&quot;0&quot; width=&quot;100%&quot;&gt;
	&lt;tbody&gt;
		&lt;tr&gt;
			&lt;td valign=&quot;top&quot; width=&quot;740&quot;&gt;
				&lt;table border=&quot;0&quot; cellpadding=&quot;0&quot; cellspacing=&quot;0&quot; width=&quot;100%&quot;&gt;
					&lt;tbody&gt;
						&lt;tr&gt;
							&lt;td bgcolor=&quot;#999999&quot; valign=&quot;top&quot;&gt;
								&lt;table border=&quot;0&quot; cellpadding=&quot;10&quot; cellspacing=&quot;1&quot; width=&quot;100%&quot;&gt;
									&lt;tbody&gt;
										&lt;tr&gt;
											&lt;td bgcolor=&quot;#EEF0FC&quot; height=&quot;943&quot; valign=&quot;top&quot;&gt;
												&lt;table border=&quot;0&quot; cellpadding=&quot;0&quot; cellspacing=&quot;0&quot; width=&quot;100%&quot;&gt;
													&lt;tbody&gt;
														&lt;tr&gt;
															&lt;td class=&quot;content&quot; valign=&quot;top&quot;&gt;
																Dear FE Leaders, Members and Caring Members of the Public,&lt;br /&gt;
																&lt;br /&gt;
																FE is working hard to help bring awareness to the situation faced by the 25,000 children living under atrocious conditions in Payatas, Philippines. &amp;quot;Christmas For Payatas&amp;quot; Charity Appeal, of which FE is a major donor and sponsor, will help provide much needed food, healthcare and education programs to these children.&lt;br /&gt;
																&lt;br /&gt;
																You can help by donating generously!&lt;br /&gt;
																&lt;br /&gt;
																You can also help by watching the videos and emailing everyone you know to watch as well. By doing so, you will HELP put the &amp;quot;Christmas For Payatas&amp;quot; videos on the FRONT PAGE of YouTube and enable it to reach out to everyone in the World!&lt;br /&gt;
																&lt;br /&gt;
																A little effort on your part will go a long way towards helping the children of Payatas and bring some cheer to them this Christmas!&lt;br /&gt;
																&amp;nbsp;&lt;/td&gt;
														&lt;/tr&gt;
														&lt;tr&gt;
															&lt;td class=&quot;content&quot; valign=&quot;top&quot;&gt;
																&lt;table border=&quot;0&quot; cellpadding=&quot;0&quot; cellspacing=&quot;0&quot; width=&quot;100%&quot;&gt;
																	&lt;tbody&gt;
																		&lt;tr valign=&quot;top&quot;&gt;
																			&lt;td width=&quot;50%&quot;&gt;
																				&lt;a href=&quot;http://www.youtube.com/v/WmlsSfSYrwA&amp;amp;hl=en&amp;amp;fs=1&quot; target=&quot;_blank&quot;&gt;&lt;img border=&quot;0&quot; height=&quot;245&quot; src=&quot;http://fusionexcel.com/imgnews/news_help01.jpg&quot; width=&quot;353&quot; /&gt;&lt;/a&gt;&lt;/td&gt;
																			&lt;td align=&quot;right&quot;&gt;
																				&lt;a href=&quot;http://www.youtube.com/v/qUBVKLZXK3E&amp;amp;hl=en&amp;amp;fs=1&quot; target=&quot;_blank&quot;&gt;&lt;img border=&quot;0&quot; height=&quot;245&quot; src=&quot;http://fusionexcel.com/imgnews/news_help02.jpg&quot; width=&quot;353&quot; /&gt;&lt;/a&gt;&lt;/td&gt;
																		&lt;/tr&gt;
																	&lt;/tbody&gt;
																&lt;/table&gt;
															&lt;/td&gt;
														&lt;/tr&gt;
													&lt;/tbody&gt;
												&lt;/table&gt;
											&lt;/td&gt;
										&lt;/tr&gt;
									&lt;/tbody&gt;
								&lt;/table&gt;
							&lt;/td&gt;
						&lt;/tr&gt;
					&lt;/tbody&gt;
				&lt;/table&gt;
			&lt;/td&gt;
		&lt;/tr&gt;
	&lt;/tbody&gt;
&lt;/table&gt;
&lt;p&gt;
	&amp;nbsp;&lt;/p&gt;
</content><meta><description>Dear FE Leaders, Members and Caring Members of the Public,

FE is working hard to help bring awareness to the situation faced by the 25,000 children living under atrocious conditions in Payatas, Philippines. &amp;quot;Christmas For Payatas&amp;quot; Charity Appeal, of which FE is a major donor and sponsor, will help provide much needed food, healthcare and education programmes to these children.

You can help by donating generously!

You can also help by watching the videos and emailing everyone you know to watch as well. By doing so, you will HELP put the &amp;quot;Christmas For Payatas&amp;quot; videos on the FRONT PAGE of YouTube and enable it to reach out to everyone in the World!

A little effort on your part will go a long way towards helping the children of Payatas and bring some cheer to them this Christmas!</description><keyword>Help Put &quot;Christmas For Payatas&quot; Videos on Front Page of YouTube!</keyword><robots>all</robots><author>klhunter</author></meta></en><bm><title>Help Put &quot;Christmas For Payatas&quot; Videos on Front Page of YouTube!</title><content></content><meta><description>Dear FE Leaders, Members and Caring Members of the Public,

FE is working hard to help bring awareness to the situation faced by the 25,000 children living under atrocious conditions in Payatas, Philippines. &amp;quot;Christmas For Payatas&amp;quot; Charity Appeal, of which FE is a major donor and sponsor, will help provide much needed food, healthcare and education programmes to these children.

You can help by donating generously!

You can also help by watching the videos and emailing everyone you know to watch as well. By doing so, you will HELP put the &amp;quot;Christmas For Payatas&amp;quot; videos on the FRONT PAGE of YouTube and enable it to reach out to everyone in the World!

A little effort on your part will go a long way towards helping the children of Payatas and bring some cheer to them this Christmas!</description><keyword>Help Put &quot;Christmas For Payatas&quot; Videos on Front Page of YouTube!</keyword><robots>all</robots><author>klhunter</author></meta></bm><chi><title>Help Put &quot;Christmas For Payatas&quot; Videos on Front Page of YouTube!</title><content></content><meta><description>Dear FE Leaders, Members and Caring Members of the Public,

FE is working hard to help bring awareness to the situation faced by the 25,000 children living under atrocious conditions in Payatas, Philippines. &amp;quot;Christmas For Payatas&amp;quot; Charity Appeal, of which FE is a major donor and sponsor, will help provide much needed food, healthcare and education programmes to these children.

You can help by donating generously!

You can also help by watching the videos and emailing everyone you know to watch as well. By doing so, you will HELP put the &amp;quot;Christmas For Payatas&amp;quot; videos on the FRONT PAGE of YouTube and enable it to reach out to everyone in the World!

A little effort on your part will go a long way towards helping the children of Payatas and bring some cheer to them this Christmas!</description><keyword>Help Put &quot;Christmas For Payatas&quot; Videos on Front Page of YouTube!</keyword><robots>all</robots><author>klhunter</author></meta></chi></article>