<?xml version='1.0' encoding='utf-8'?><article><en><title>QP Wearers, Stars of &quot;Legacy Of A Lost Love&quot;, in the News!</title><content>&lt;table border=&quot;0&quot; cellpadding=&quot;0&quot; cellspacing=&quot;0&quot; width=&quot;100%&quot;&gt;
	&lt;tbody&gt;
		&lt;tr&gt;
			&lt;td valign=&quot;top&quot; width=&quot;740&quot;&gt;
				&lt;table border=&quot;0&quot; cellpadding=&quot;0&quot; cellspacing=&quot;0&quot; width=&quot;100%&quot;&gt;
					&lt;tbody&gt;
						&lt;tr&gt;
							&lt;td bgcolor=&quot;#999999&quot; valign=&quot;top&quot;&gt;
								&lt;table border=&quot;0&quot; cellpadding=&quot;10&quot; cellspacing=&quot;1&quot; width=&quot;100%&quot;&gt;
									&lt;tbody&gt;
										&lt;tr&gt;
											&lt;td bgcolor=&quot;#EEF0FC&quot; height=&quot;943&quot; valign=&quot;top&quot;&gt;
												&lt;table border=&quot;0&quot; cellpadding=&quot;0&quot; cellspacing=&quot;0&quot; width=&quot;100%&quot;&gt;
													&lt;tbody&gt;
														&lt;tr&gt;
															&lt;td align=&quot;center&quot; valign=&quot;top&quot;&gt;
																&lt;img height=&quot;407&quot; src=&quot;http://fusionexcel.com/imgnews/legacylost1.jpg&quot; width=&quot;450&quot; /&gt;&lt;br /&gt;
																&amp;nbsp;&lt;/td&gt;
														&lt;/tr&gt;
														&lt;tr&gt;
															&lt;td valign=&quot;top&quot;&gt;
																&lt;table border=&quot;1&quot; cellpadding=&quot;9&quot; cellspacing=&quot;0&quot; width=&quot;100%&quot;&gt;
																	&lt;tbody&gt;
																		&lt;tr&gt;
																			&lt;td bgcolor=&quot;#FFFFFF&quot;&gt;
																				&lt;img height=&quot;3702&quot; src=&quot;http://fusionexcel.com/imgnews/legacylost2.jpg&quot; width=&quot;700&quot; /&gt;&lt;/td&gt;
																		&lt;/tr&gt;
																	&lt;/tbody&gt;
																&lt;/table&gt;
															&lt;/td&gt;
														&lt;/tr&gt;
													&lt;/tbody&gt;
												&lt;/table&gt;
											&lt;/td&gt;
										&lt;/tr&gt;
									&lt;/tbody&gt;
								&lt;/table&gt;
							&lt;/td&gt;
						&lt;/tr&gt;
					&lt;/tbody&gt;
				&lt;/table&gt;
			&lt;/td&gt;
		&lt;/tr&gt;
	&lt;/tbody&gt;
&lt;/table&gt;
&lt;p&gt;
	&amp;nbsp;&lt;/p&gt;
</content><meta><description>QP Wearers, Stars of &amp;quot;Legacy Of A Lost Love&amp;quot;, in the News!</description><keyword>QP Wearers, Stars of &quot;Legacy Of A Lost Love&quot;, in the News!</keyword><robots>all</robots><author>klhunter</author></meta></en><bm><title>QP Wearers, Stars of &quot;Legacy Of A Lost Love&quot;, in the News!</title><content></content><meta><description>QP Wearers, Stars of &amp;quot;Legacy Of A Lost Love&amp;quot;, in the News!</description><keyword>QP Wearers, Stars of &quot;Legacy Of A Lost Love&quot;, in the News!</keyword><robots>all</robots><author>klhunter</author></meta></bm><chi><title>QP Wearers, Stars of &quot;Legacy Of A Lost Love&quot;, in the News!</title><content></content><meta><description>QP Wearers, Stars of &amp;quot;Legacy Of A Lost Love&amp;quot;, in the News!</description><keyword>QP Wearers, Stars of &quot;Legacy Of A Lost Love&quot;, in the News!</keyword><robots>all</robots><author>klhunter</author></meta></chi></article>