<?xml version='1.0' encoding='utf-8'?><article><en><title>FE Welcomes Prominent Filipino QP Wearers!</title><content>&lt;table border=&quot;0&quot; cellpadding=&quot;0&quot; cellspacing=&quot;0&quot; width=&quot;100%&quot;&gt;
	&lt;tbody&gt;
		&lt;tr&gt;
			&lt;td valign=&quot;top&quot; width=&quot;740&quot;&gt;
				&lt;table border=&quot;0&quot; cellpadding=&quot;0&quot; cellspacing=&quot;0&quot; width=&quot;100%&quot;&gt;
					&lt;tbody&gt;
						&lt;tr&gt;
							&lt;td bgcolor=&quot;#999999&quot; valign=&quot;top&quot;&gt;
								&lt;table border=&quot;0&quot; cellpadding=&quot;10&quot; cellspacing=&quot;1&quot; width=&quot;100%&quot;&gt;
									&lt;tbody&gt;
										&lt;tr&gt;
											&lt;td bgcolor=&quot;#EEF0FC&quot; height=&quot;943&quot; valign=&quot;top&quot;&gt;
												&lt;table border=&quot;0&quot; cellpadding=&quot;0&quot; cellspacing=&quot;0&quot; width=&quot;100%&quot;&gt;
													&lt;tbody&gt;
														&lt;tr&gt;
															&lt;td valign=&quot;top&quot;&gt;
																&lt;table border=&quot;1&quot; cellpadding=&quot;5&quot; cellspacing=&quot;0&quot; width=&quot;100%&quot;&gt;
																	&lt;tbody&gt;
																		&lt;tr&gt;
																			&lt;td align=&quot;center&quot; bgcolor=&quot;#FFFFFF&quot; class=&quot;smallhead&quot;&gt;
																				&lt;img height=&quot;400&quot; src=&quot;http://fusionexcel.com/imgnews/news_prominent1.jpg&quot; width=&quot;700&quot; /&gt;&lt;br /&gt;
																				&lt;strong&gt;From Left to Right: &lt;/strong&gt;&lt;strong&gt;Honorable&lt;/strong&gt;&lt;strong&gt; Bayani Fernando, the Chairman of Metro Manila Development Authority (MMDA) &lt;/strong&gt;&lt;strong&gt;and &lt;/strong&gt;&lt;strong&gt;H&lt;/strong&gt;&lt;strong&gt;is &lt;/strong&gt;&lt;strong&gt;W&lt;/strong&gt;&lt;strong&gt;ife, &lt;/strong&gt;&lt;strong&gt;Honorable&lt;/strong&gt;&lt;strong&gt; Mayor Marides Carlos - Fernando of Marikina City, Metro Manila &lt;/strong&gt;&lt;strong&gt;T&lt;/strong&gt;&lt;strong&gt;ogether with Judge &lt;/strong&gt;&lt;strong&gt;and Pastor Art Medina - FE Presidential Directors&lt;/strong&gt;&lt;strong&gt;.&lt;/strong&gt;&lt;/td&gt;
																		&lt;/tr&gt;
																	&lt;/tbody&gt;
																&lt;/table&gt;
																&lt;br /&gt;
																&lt;table border=&quot;1&quot; cellpadding=&quot;5&quot; cellspacing=&quot;0&quot; width=&quot;100%&quot;&gt;
																	&lt;tbody&gt;
																		&lt;tr&gt;
																			&lt;td align=&quot;center&quot; bgcolor=&quot;#FFFFFF&quot; class=&quot;smallhead&quot;&gt;
																				&lt;img height=&quot;400&quot; src=&quot;http://fusionexcel.com/imgnews/news_prominent2.jpg&quot; width=&quot;700&quot; /&gt;&lt;br /&gt;
																				From Left to Right: Mrs Riza Lao, Mayor Marides C. Fernando of Marikina City, Judge Lorenzo Veneracion, MMDA Chairman Bayani Fernando, Pastor Art Medina, Jayjay Lizarondo, and Mr. Jun Lao.&lt;/td&gt;
																		&lt;/tr&gt;
																	&lt;/tbody&gt;
																&lt;/table&gt;
															&lt;/td&gt;
														&lt;/tr&gt;
													&lt;/tbody&gt;
												&lt;/table&gt;
											&lt;/td&gt;
										&lt;/tr&gt;
									&lt;/tbody&gt;
								&lt;/table&gt;
							&lt;/td&gt;
						&lt;/tr&gt;
					&lt;/tbody&gt;
				&lt;/table&gt;
			&lt;/td&gt;
		&lt;/tr&gt;
	&lt;/tbody&gt;
&lt;/table&gt;
&lt;p&gt;
	&amp;nbsp;&lt;/p&gt;
</content><meta><description>FE Welcomes Prominent Filipino QP Wearers!</description><keyword>FE Welcomes Prominent Filipino QP Wearers!</keyword><robots>all</robots><author>klhunter</author></meta></en><bm><title>FE Welcomes Prominent Filipino QP Wearers!</title><content></content><meta><description>FE Welcomes Prominent Filipino QP Wearers!</description><keyword>FE Welcomes Prominent Filipino QP Wearers!</keyword><robots>all</robots><author>klhunter</author></meta></bm><chi><title>FE Welcomes Prominent Filipino QP Wearers!</title><content></content><meta><description>FE Welcomes Prominent Filipino QP Wearers!</description><keyword>FE Welcomes Prominent Filipino QP Wearers!</keyword><robots>all</robots><author>klhunter</author></meta></chi></article>