<?xml version='1.0' encoding='utf-8'?><article><en><title>Christmas For Payatas Grows in Cyberspace With Karen Kong!</title><content>&lt;table border=&quot;0&quot; cellpadding=&quot;0&quot; cellspacing=&quot;0&quot; width=&quot;100%&quot;&gt;
	&lt;tbody&gt;
		&lt;tr&gt;
			&lt;td valign=&quot;top&quot; width=&quot;740&quot;&gt;
				&lt;table border=&quot;0&quot; cellpadding=&quot;0&quot; cellspacing=&quot;0&quot; width=&quot;100%&quot;&gt;
					&lt;tbody&gt;
						&lt;tr&gt;
							&lt;td bgcolor=&quot;#999999&quot; valign=&quot;top&quot;&gt;
								&lt;table border=&quot;0&quot; cellpadding=&quot;10&quot; cellspacing=&quot;1&quot; width=&quot;100%&quot;&gt;
									&lt;tbody&gt;
										&lt;tr&gt;
											&lt;td bgcolor=&quot;#EEF0FC&quot; height=&quot;943&quot; valign=&quot;top&quot;&gt;
												&lt;table border=&quot;0&quot; cellpadding=&quot;0&quot; cellspacing=&quot;0&quot; width=&quot;100%&quot;&gt;
													&lt;tbody&gt;
														&lt;tr&gt;
															&lt;td valign=&quot;top&quot;&gt;
																&lt;table border=&quot;1&quot; cellpadding=&quot;5&quot; cellspacing=&quot;0&quot; width=&quot;100%&quot;&gt;
																	&lt;tbody&gt;
																		&lt;tr&gt;
																			&lt;td align=&quot;center&quot; bgcolor=&quot;#FFFFFF&quot;&gt;
																				&lt;img border=&quot;0&quot; height=&quot;2585&quot; href=&quot;http://www.totedaddy.com/&quot; src=&quot;http://fusionexcel.com/imgnews/char_karenpayatas01.jpg&quot; usemap=&quot;#karen&quot; width=&quot;700&quot; /&gt;&lt;/td&gt;
																		&lt;/tr&gt;
																	&lt;/tbody&gt;
																&lt;/table&gt;
																&lt;br /&gt;
																&lt;table border=&quot;1&quot; cellpadding=&quot;5&quot; cellspacing=&quot;0&quot; width=&quot;100%&quot;&gt;
																	&lt;tbody&gt;
																		&lt;tr&gt;
																			&lt;td align=&quot;center&quot; bgcolor=&quot;#FFFFFF&quot;&gt;
																				&lt;img border=&quot;0&quot; height=&quot;1380&quot; src=&quot;http://fusionexcel.com/imgnews/char_karenpayatas02.jpg&quot; usemap=&quot;#Map&quot; width=&quot;700&quot; /&gt;&lt;/td&gt;
																		&lt;/tr&gt;
																	&lt;/tbody&gt;
																&lt;/table&gt;
															&lt;/td&gt;
														&lt;/tr&gt;
													&lt;/tbody&gt;
												&lt;/table&gt;
											&lt;/td&gt;
										&lt;/tr&gt;
									&lt;/tbody&gt;
								&lt;/table&gt;
							&lt;/td&gt;
						&lt;/tr&gt;
					&lt;/tbody&gt;
				&lt;/table&gt;
			&lt;/td&gt;
		&lt;/tr&gt;
	&lt;/tbody&gt;
&lt;/table&gt;
&lt;p&gt;
	&amp;nbsp;&lt;/p&gt;
</content><meta><description>Karen Kong watched a video from youtube and realized children from Payatas suffer from poverty so she donate some food to them.</description><keyword>Christmas For Payatas, Cyberspace, Karen Kong, Philippines</keyword><robots>all</robots><author>klhunter</author></meta></en><bm><title>Christmas For Payatas Grows in Cyberspace With Karen Kong!</title><content></content><meta><description>Karen Kong watched a video from youtube and realized children from Payatas suffer from poverty so she donate some food to them.</description><keyword>Christmas For Payatas, Cyberspace, Karen Kong, Philippines</keyword><robots>all</robots><author>klhunter</author></meta></bm><chi><title>Christmas For Payatas Grows in Cyberspace With Karen Kong!</title><content></content><meta><description>Karen Kong watched a video from youtube and realized children from Payatas suffer from poverty so she donate some food to them.</description><keyword>Christmas For Payatas, Cyberspace, Karen Kong, Philippines</keyword><robots>all</robots><author>klhunter</author></meta></chi></article>