<?xml version='1.0' encoding='utf-8'?><article><en><title>FusionExcel Sponsors Product Prizes to Malaysia National Press Club Media Nite!</title><content>&lt;table border=&quot;0&quot; cellpadding=&quot;0&quot; cellspacing=&quot;0&quot; width=&quot;100%&quot;&gt;
	&lt;tbody&gt;
		&lt;tr&gt;
			&lt;td valign=&quot;top&quot; width=&quot;740&quot;&gt;
				&lt;table border=&quot;0&quot; cellpadding=&quot;0&quot; cellspacing=&quot;0&quot; width=&quot;100%&quot;&gt;
					&lt;tbody&gt;
						&lt;tr&gt;
							&lt;td bgcolor=&quot;#999999&quot; valign=&quot;top&quot;&gt;
								&lt;table border=&quot;0&quot; cellpadding=&quot;10&quot; cellspacing=&quot;1&quot; width=&quot;100%&quot;&gt;
									&lt;tbody&gt;
										&lt;tr&gt;
											&lt;td bgcolor=&quot;#EEF0FC&quot; height=&quot;943&quot; valign=&quot;top&quot;&gt;
												&lt;table border=&quot;0&quot; cellpadding=&quot;0&quot; cellspacing=&quot;0&quot; width=&quot;100%&quot;&gt;
													&lt;tbody&gt;
														&lt;tr&gt;
															&lt;td class=&quot;content&quot;&gt;
																The Malaysian National Press Club held its annual NPC-GAB Dinner &amp;amp; Dance 2008 bash (or Media Nite) at the Crystal Ballroom, PJ Hilton on 28th November 2008. The party was attended by over 600 journalists and supporters.&lt;br /&gt;
																&lt;br /&gt;
																The program featured prize presentations for the winners of the recent NPC-GAB Media Games of darts, pool and futsal which commenced sometime in mid-October 2008.&lt;br /&gt;
																&lt;br /&gt;
																The event is aimed at fostering goodwill and networking among the media, corporate partners and sponsors, as well as the EXCO and members of the National Press Club.&lt;br /&gt;
																&lt;br /&gt;
																The NPC represents journalists of all the major newspaper and media companies in the country. Associate members include public relations practitioners and government information officers.&lt;br /&gt;
																&lt;br /&gt;
																FusionExcel is once again proud to be associated with the fraternity, by sponsoring the lucky draw prizes consisting of the much-sought after Quantum Pendants, Quantum Bracelets and a pair of Quantum Watches for the Grand Prize. Photos show Encik Mokhtar Hussain, President of NPC, giving away prizes to some of the lucky winners.&lt;br /&gt;
																&amp;nbsp;&lt;/td&gt;
														&lt;/tr&gt;
														&lt;tr&gt;
															&lt;td align=&quot;center&quot; class=&quot;smallcont&quot;&gt;
																&lt;img height=&quot;374&quot; src=&quot;http://fusionexcel.com/imgnews/sponn_medianite01.jpg&quot; width=&quot;500&quot; /&gt;&lt;br /&gt;
																&lt;br /&gt;
																&lt;img height=&quot;374&quot; src=&quot;http://fusionexcel.com/imgnews/sponn_medianite01.jpg&quot; width=&quot;500&quot; /&gt;&lt;br /&gt;
																&lt;br /&gt;
																&lt;img height=&quot;375&quot; src=&quot;http://fusionexcel.com/imgnews/sponn_medianite03.jpg&quot; width=&quot;500&quot; /&gt;&lt;/td&gt;
														&lt;/tr&gt;
													&lt;/tbody&gt;
												&lt;/table&gt;
											&lt;/td&gt;
										&lt;/tr&gt;
									&lt;/tbody&gt;
								&lt;/table&gt;
							&lt;/td&gt;
						&lt;/tr&gt;
					&lt;/tbody&gt;
				&lt;/table&gt;
			&lt;/td&gt;
		&lt;/tr&gt;
	&lt;/tbody&gt;
&lt;/table&gt;
&lt;p&gt;
	&amp;nbsp;&lt;/p&gt;
</content><meta><description>FusionExcel Sponsors Product Prizes to Malaysia National Press Club Media Nite!</description><keyword>FusionExcel Sponsors Product Prizes to Malaysia National Press Club Media Nite!, NPC-GAB Media Games of darts, EXCO, Quantum Pendants, Quantum Bracelets, Quantum Watches...</keyword><robots>all</robots><author>klhunter</author></meta></en><bm><title>FusionExcel Sponsors Product Prizes to Malaysia National Press Club Media Nite!</title><content></content><meta><description>FusionExcel Sponsors Product Prizes to Malaysia National Press Club Media Nite!</description><keyword>FusionExcel Sponsors Product Prizes to Malaysia National Press Club Media Nite!</keyword><robots>all</robots><author>klhunter</author></meta></bm><chi><title>FusionExcel Sponsors Product Prizes to Malaysia National Press Club Media Nite!</title><content></content><meta><description>FusionExcel Sponsors Product Prizes to Malaysia National Press Club Media Nite!</description><keyword>FusionExcel Sponsors Product Prizes to Malaysia National Press Club Media Nite!</keyword><robots>all</robots><author>klhunter</author></meta></chi></article>