<?xml version='1.0' encoding='utf-8'?><article><en><title>FusionExcel Congratulates Quantum Pendant Wearer, Sin Li Jane, World Class Bowler!</title><content>&lt;table border=&quot;0&quot; cellpadding=&quot;0&quot; cellspacing=&quot;0&quot; width=&quot;100%&quot;&gt;
	&lt;tbody&gt;
		&lt;tr&gt;
			&lt;td valign=&quot;top&quot; width=&quot;740&quot;&gt;
				&lt;table border=&quot;0&quot; cellpadding=&quot;0&quot; cellspacing=&quot;0&quot; width=&quot;100%&quot;&gt;
					&lt;tbody&gt;
						&lt;tr&gt;
							&lt;td bgcolor=&quot;#999999&quot; valign=&quot;top&quot;&gt;
								&lt;table border=&quot;0&quot; cellpadding=&quot;10&quot; cellspacing=&quot;1&quot; width=&quot;100%&quot;&gt;
									&lt;tbody&gt;
										&lt;tr&gt;
											&lt;td bgcolor=&quot;#EEF0FC&quot; height=&quot;943&quot; valign=&quot;top&quot;&gt;
												&lt;table border=&quot;0&quot; cellpadding=&quot;0&quot; cellspacing=&quot;0&quot; width=&quot;100%&quot;&gt;
													&lt;tbody&gt;
														&lt;tr&gt;
															&lt;td align=&quot;center&quot; valign=&quot;top&quot;&gt;
																&lt;img height=&quot;224&quot; src=&quot;http://fusionexcel.com/imgnews/pddinn_40.jpg&quot; width=&quot;336&quot; /&gt;&lt;br /&gt;
																&amp;nbsp;&lt;/td&gt;
														&lt;/tr&gt;
														&lt;tr&gt;
															&lt;td valign=&quot;top&quot;&gt;
																&lt;table border=&quot;1&quot; cellpadding=&quot;5&quot; cellspacing=&quot;0&quot; width=&quot;100%&quot;&gt;
																	&lt;tbody&gt;
																		&lt;tr&gt;
																			&lt;td align=&quot;center&quot; bgcolor=&quot;#FFFFFF&quot;&gt;
																				&lt;img height=&quot;1505&quot; src=&quot;http://fusionexcel.com/imgnews/news_starisborn_nst.jpg&quot; width=&quot;700&quot; /&gt;&lt;/td&gt;
																		&lt;/tr&gt;
																	&lt;/tbody&gt;
																&lt;/table&gt;
															&lt;/td&gt;
														&lt;/tr&gt;
														&lt;tr&gt;
															&lt;td valign=&quot;top&quot;&gt;
																&lt;br /&gt;
																&lt;table border=&quot;1&quot; cellpadding=&quot;5&quot; cellspacing=&quot;0&quot; width=&quot;100%&quot;&gt;
																	&lt;tbody&gt;
																		&lt;tr&gt;
																			&lt;td align=&quot;center&quot; bgcolor=&quot;#FFFFFF&quot;&gt;
																				&lt;img height=&quot;1925&quot; src=&quot;http://fusionexcel.com/imgnews/news_starisborn_star.jpg&quot; width=&quot;700&quot; /&gt;&lt;/td&gt;
																		&lt;/tr&gt;
																	&lt;/tbody&gt;
																&lt;/table&gt;
															&lt;/td&gt;
														&lt;/tr&gt;
													&lt;/tbody&gt;
												&lt;/table&gt;
											&lt;/td&gt;
										&lt;/tr&gt;
									&lt;/tbody&gt;
								&lt;/table&gt;
							&lt;/td&gt;
						&lt;/tr&gt;
					&lt;/tbody&gt;
				&lt;/table&gt;
			&lt;/td&gt;
		&lt;/tr&gt;
	&lt;/tbody&gt;
&lt;/table&gt;
&lt;p&gt;
	&amp;nbsp;&lt;/p&gt;
</content><meta><description>FE Congratulates QP Wearer, Sin Li Jane, World Class Bowler!</description><keyword>FusionExcel Congratulates Quantum Pendant Wearer, Sin Li Jane, World Class Bowler!</keyword><robots>all</robots><author>klhunter</author></meta></en><bm><title>FusionExcel Congratulates Quantum Pendant Wearer, Sin Li Jane, World Class Bowler!</title><content></content><meta><description>FE Congratulates QP Wearer, Sin Li Jane, World Class Bowler!</description><keyword>FusionExcel Congratulates Quantum Pendant Wearer, Sin Li Jane, World Class Bowler!</keyword><robots>all</robots><author>klhunter</author></meta></bm><chi><title>FusionExcel Congratulates Quantum Pendant Wearer, Sin Li Jane, World Class Bowler!</title><content></content><meta><description>FE Congratulates QP Wearer, Sin Li Jane, World Class Bowler!</description><keyword>FusionExcel Congratulates Quantum Pendant Wearer, Sin Li Jane, World Class Bowler!</keyword><robots>all</robots><author>klhunter</author></meta></chi></article>