<?xml version="1.0" encoding="utf-8"?>
<article><en><title>Congratulations to QP wearer, Chef Wan, Malaysia's Top Celebrity Chef!</title><content>&lt;p style="text-align: center; "&gt;
	&lt;img src="http://www.fusionexcel.com/imgnews/chef1.jpg" /&gt;&lt;/p&gt;
</content><meta><description>Congratulations to QP wearer, Chef Wan, Malaysia's Top Celebrity Chef!</description><keyword></keyword><robots>all</robots><author>klhunter</author></meta></en><bm><title>FE's Blue Ocean Strategy to Success!</title><content></content><meta><description>FE's Blue Ocean Strategy to Success!</description><keyword>FE's Blue Ocean Strategy to Success!</keyword><robots>all</robots><author>klhunter</author></meta></bm><chi><title>FE's Blue Ocean Strategy to Success!</title><content></content><meta><description>FE's Blue Ocean Strategy to Success!</description><keyword>FE's Blue Ocean Strategy to Success!</keyword><robots>all</robots><author>klhunter</author></meta></chi></article>
