<?xml version='1.0' encoding='utf-8'?><article><en><title>Christmas For Payatas on &quot;One Morning&quot; TV Program, Philippines!</title><content>&lt;table border=&quot;0&quot; cellpadding=&quot;0&quot; cellspacing=&quot;0&quot; width=&quot;100%&quot;&gt;
	&lt;tbody&gt;
		&lt;tr&gt;
			&lt;td valign=&quot;top&quot; width=&quot;740&quot;&gt;
				&lt;table border=&quot;0&quot; cellpadding=&quot;0&quot; cellspacing=&quot;0&quot; width=&quot;100%&quot;&gt;
					&lt;tbody&gt;
						&lt;tr&gt;
							&lt;td bgcolor=&quot;#999999&quot; valign=&quot;top&quot;&gt;
								&lt;table border=&quot;0&quot; cellpadding=&quot;10&quot; cellspacing=&quot;1&quot; width=&quot;100%&quot;&gt;
									&lt;tbody&gt;
										&lt;tr&gt;
											&lt;td bgcolor=&quot;#EEF0FC&quot; height=&quot;943&quot; valign=&quot;top&quot;&gt;
												&lt;table border=&quot;0&quot; cellpadding=&quot;0&quot; cellspacing=&quot;0&quot; width=&quot;100%&quot;&gt;
													&lt;tbody&gt;
														&lt;tr&gt;
															&lt;td class=&quot;content&quot;&gt;
																&amp;quot;Christmas For Payatas&amp;quot; was interviewed live on the popular TV program &amp;quot;One Morning&amp;quot; which is broadcast simultaneously on 4 major channels locally and also to 45 major cities abroad through cable via The Filipino Channel (TFC). &amp;quot;Christmas for Payatas&amp;quot; will gain a lot of exposure through this broadcast.&lt;br /&gt;
																&lt;br /&gt;
																Two of FE&amp;#39;s endorsers, Samboy Lim and Alvin Patrimonio, took time out of their busy schedules to be there to make an appeal to the community. Judge Lorenzo Veneracion represented the Lighthouse Foundation for Children and Jeremy Looi, FE&amp;#39;s Philippines Country Licensee represented FE who is a major donor and sponsor of &amp;quot;Christmas For Payatas&amp;quot;.&lt;br /&gt;
																&amp;nbsp;&lt;/td&gt;
														&lt;/tr&gt;
														&lt;tr&gt;
															&lt;td&gt;
																&lt;table border=&quot;0&quot; cellpadding=&quot;0&quot; cellspacing=&quot;0&quot; width=&quot;100%&quot;&gt;
																	&lt;tbody&gt;
																		&lt;tr align=&quot;center&quot; valign=&quot;top&quot;&gt;
																			&lt;td colspan=&quot;2&quot;&gt;
																				&lt;img height=&quot;300&quot; src=&quot;http://fusionexcel.com/imgnews/char_cfp_onemorningtv01.jpg&quot; width=&quot;500&quot; /&gt;&lt;/td&gt;
																		&lt;/tr&gt;
																		&lt;tr valign=&quot;top&quot;&gt;
																			&lt;td width=&quot;50%&quot;&gt;
																				&lt;img height=&quot;290&quot; src=&quot;http://fusionexcel.com/imgnews/char_cfp_onemorningtv02.jpg&quot; width=&quot;354&quot; /&gt;&lt;/td&gt;
																			&lt;td align=&quot;right&quot;&gt;
																				&lt;img height=&quot;290&quot; src=&quot;http://fusionexcel.com/imgnews/char_cfp_onemorningtv03.jpg&quot; width=&quot;354&quot; /&gt;&lt;/td&gt;
																		&lt;/tr&gt;
																	&lt;/tbody&gt;
																&lt;/table&gt;
															&lt;/td&gt;
														&lt;/tr&gt;
													&lt;/tbody&gt;
												&lt;/table&gt;
											&lt;/td&gt;
										&lt;/tr&gt;
									&lt;/tbody&gt;
								&lt;/table&gt;
							&lt;/td&gt;
						&lt;/tr&gt;
					&lt;/tbody&gt;
				&lt;/table&gt;
			&lt;/td&gt;
		&lt;/tr&gt;
	&lt;/tbody&gt;
&lt;/table&gt;
&lt;p&gt;
	&amp;nbsp;&lt;/p&gt;
</content><meta><description>&quot;Christmas For Payatas&quot; was interviewed live on the popular TV program &quot;One Morning&quot; simultaneously via The Filipino Channel (TFC).</description><keyword>Christmas For Payatas, &quot;One Morning&quot;, The Filipino Channel (TFC), Samboy Lim, Alvin Patrimonio, Judge Lorenzo Veneracion, Jeremy Looi</keyword><robots>all</robots><author>klhunter</author></meta></en><bm><title>Christmas For Payatas on &quot;One Morning&quot; TV Program, Philippines!</title><content></content><meta><description>&quot;Christmas For Payatas&quot; was interviewed live on the popular TV program &quot;One Morning&quot; simultaneously via The Filipino Channel (TFC).</description><keyword>Christmas For Payatas, &quot;One Morning&quot;, The Filipino Channel (TFC), Samboy Lim, Alvin Patrimonio, Judge Lorenzo Veneracion, Jeremy Looi</keyword><robots>all</robots><author>klhunter</author></meta></bm><chi><title>Christmas For Payatas on &quot;One Morning&quot; TV Program, Philippines!</title><content></content><meta><description>&quot;Christmas For Payatas&quot; was interviewed live on the popular TV program &quot;One Morning&quot; simultaneously via The Filipino Channel (TFC).</description><keyword>Christmas For Payatas, &quot;One Morning&quot;, The Filipino Channel (TFC), Samboy Lim, Alvin Patrimonio, Judge Lorenzo Veneracion, Jeremy Looi</keyword><robots>all</robots><author>klhunter</author></meta></chi></article>