<?xml version='1.0' encoding='utf-8'?><article><en><title>FE Welcomes QP Wearer, Legendary Filipino Singer, Freddie Aquilar &quot;Anak&quot;!</title><content>&lt;table border=&quot;0&quot; cellpadding=&quot;0&quot; cellspacing=&quot;0&quot; width=&quot;100%&quot;&gt;
	&lt;tbody&gt;
		&lt;tr&gt;
			&lt;td valign=&quot;top&quot; width=&quot;740&quot;&gt;
				&lt;table border=&quot;0&quot; cellpadding=&quot;0&quot; cellspacing=&quot;0&quot; width=&quot;100%&quot;&gt;
					&lt;tbody&gt;
						&lt;tr&gt;
							&lt;td bgcolor=&quot;#999999&quot; valign=&quot;top&quot;&gt;
								&lt;table border=&quot;0&quot; cellpadding=&quot;10&quot; cellspacing=&quot;1&quot; width=&quot;100%&quot;&gt;
									&lt;tbody&gt;
										&lt;tr&gt;
											&lt;td bgcolor=&quot;#EEF0FC&quot; height=&quot;943&quot; valign=&quot;top&quot;&gt;
												&lt;table border=&quot;0&quot; cellpadding=&quot;0&quot; cellspacing=&quot;0&quot; width=&quot;100%&quot;&gt;
													&lt;tbody&gt;
														&lt;tr&gt;
															&lt;td align=&quot;center&quot; valign=&quot;top&quot;&gt;
																&lt;img height=&quot;340&quot; src=&quot;http://fusionexcel.com/imgnews/news_freddieanak_01.jpg&quot; width=&quot;487&quot; /&gt;&lt;br /&gt;
																&amp;nbsp;&lt;/td&gt;
														&lt;/tr&gt;
														&lt;tr&gt;
															&lt;td class=&quot;content&quot; valign=&quot;top&quot;&gt;
																Freddie Aquilar is the most famous singer/musician of the Philippines. Freddie&amp;#39;s song &amp;quot;Anak&amp;quot; became a worldwide hit and was released in 56 countries in more than 26 different languages and sold over 30 million copies!&lt;br /&gt;
																&lt;br /&gt;
																Photos below show FE&amp;#39;s Philippines Country Licensee, Jeremy Looi doing demos with the Quantum Pendant with Freddie and a proud Freddie wearing FE&amp;#39;s QP.&lt;br /&gt;
																&amp;nbsp;&lt;/td&gt;
														&lt;/tr&gt;
														&lt;tr&gt;
															&lt;td align=&quot;center&quot; valign=&quot;top&quot;&gt;
																&lt;img height=&quot;340&quot; src=&quot;http://fusionexcel.com/imgnews/news_freddieanak_02.jpg&quot; width=&quot;487&quot; /&gt;&lt;br /&gt;
																&lt;br /&gt;
																&lt;img height=&quot;324&quot; src=&quot;http://fusionexcel.com/imgnews/news_freddieanak_03.jpg&quot; width=&quot;487&quot; /&gt;&lt;/td&gt;
														&lt;/tr&gt;
													&lt;/tbody&gt;
												&lt;/table&gt;
											&lt;/td&gt;
										&lt;/tr&gt;
									&lt;/tbody&gt;
								&lt;/table&gt;
							&lt;/td&gt;
						&lt;/tr&gt;
					&lt;/tbody&gt;
				&lt;/table&gt;
			&lt;/td&gt;
		&lt;/tr&gt;
		&lt;tr&gt;
			&lt;td colspan=&quot;3&quot; height=&quot;10&quot;&gt;
				&amp;nbsp;&lt;/td&gt;
		&lt;/tr&gt;
		&lt;tr&gt;
			&lt;td colspan=&quot;3&quot;&gt;
				&amp;nbsp;&lt;/td&gt;
		&lt;/tr&gt;
	&lt;/tbody&gt;
&lt;/table&gt;
&lt;p&gt;
	&amp;nbsp;&lt;/p&gt;
</content><meta><description>Freddie Aquilar is the most famous singer/musician of the Philippines. Freddie's song &amp;quot;Anak&amp;quot; became a worldwide hit and was released in 56 countries in more than 26 different languages and sold over 30 million copies!

Photos below show FE's Philippines Country Licensee, Jeremy Looi doing demos with the Quantum Pendant with Freddie and a proud Freddie wearing FE's QP.</description><keyword>FE Welcomes QP Wearer, Legendary Filipino Singer, Freddie Aquilar &quot;Anak&quot;!</keyword><robots>all</robots><author>klhunter</author></meta></en><bm><title>FE Welcomes QP Wearer, Legendary Filipino Singer, Freddie Aquilar &quot;Anak&quot;!</title><content></content><meta><description>Freddie Aquilar is the most famous singer/musician of the Philippines. Freddie's song &amp;quot;Anak&amp;quot; became a worldwide hit and was released in 56 countries in more than 26 different languages and sold over 30 million copies!

Photos below show FE's Philippines Country Licensee, Jeremy Looi doing demos with the Quantum Pendant with Freddie and a proud Freddie wearing FE's QP.</description><keyword>FE Welcomes QP Wearer, Legendary Filipino Singer, Freddie Aquilar &quot;Anak&quot;!</keyword><robots>all</robots><author>klhunter</author></meta></bm><chi><title>FE Welcomes QP Wearer, Legendary Filipino Singer, Freddie Aquilar &quot;Anak&quot;!</title><content></content><meta><description>Freddie Aquilar is the most famous singer/musician of the Philippines. Freddie's song &amp;quot;Anak&amp;quot; became a worldwide hit and was released in 56 countries in more than 26 different languages and sold over 30 million copies!

Photos below show FE's Philippines Country Licensee, Jeremy Looi doing demos with the Quantum Pendant with Freddie and a proud Freddie wearing FE's QP.</description><keyword>FE Welcomes QP Wearer, Legendary Filipino Singer, Freddie Aquilar &quot;Anak&quot;!</keyword><robots>all</robots><author>klhunter</author></meta></chi></article>