<?xml version='1.0' encoding='utf-8'?><article><en><title>Happy! Healthy &amp; Wealthy with FE! Watch Video!</title><content>&lt;p&gt;
	&lt;br /&gt;
	&lt;br /&gt;
	&lt;a href=&quot;http://www.youtube.com/v/qS-69IMfAe4&amp;amp;hl=en&amp;amp;fs=1&quot; target=&quot;_blank&quot;&gt;&lt;img border=&quot;0&quot; height=&quot;282&quot; src=&quot;http://fusionexcel.com/imgnews/news_happy_youtube.jpg&quot; width=&quot;500&quot; /&gt;&lt;/a&gt;&lt;/p&gt;
</content><meta><description>Happy! Healthy &amp;amp; Wealthy with FE! Watch Video!</description><keyword>Happy! Healthy &amp;amp; Wealthy with FE! Watch Video!</keyword><robots>all</robots><author>klhunter</author></meta></en><bm><title>Happy! Healthy &amp; Wealthy with FE! Watch Video!</title><content></content><meta><description>Happy! Healthy &amp;amp; Wealthy with FE! Watch Video!</description><keyword>Happy! Healthy &amp;amp; Wealthy with FE! Watch Video!</keyword><robots>all</robots><author>klhunter</author></meta></bm><chi><title>Happy! Healthy &amp; Wealthy with FE! Watch Video!</title><content></content><meta><description>Happy! Healthy &amp;amp; Wealthy with FE! Watch Video!</description><keyword>Happy! Healthy &amp;amp; Wealthy with FE! Watch Video!</keyword><robots>all</robots><author>klhunter</author></meta></chi></article>