<?xml version="1.0" encoding="utf-8"?>
<article><en><title>Dr Amir's article on Scalar Energy and Quantum Pendant, Sunday Star 16th March 2008.</title><content>&lt;p&gt;
	&lt;img height="1830" src="http://www.fusionexcel.com/imgnews/news_hopeforhealing.jpg" style="color: rgb(0, 0, 0); font-family: 'Times New Roman'; text-align: -webkit-center; background-color: rgb(238, 240, 252); font-size: medium; " width="718" /&gt;&lt;/p&gt;
</content><meta><description>Dr Amir's article on Scalar Energy and QP, Sunday Star 16 March 2008.</description><keyword></keyword><robots>all</robots><author>klhunter</author></meta></en><bm><title>Deepavali Open House, 05th November 2006.</title><content></content><meta><description>Deepavali Open House, 05th November 2006.</description><keyword>Deepavali Open House</keyword><robots>all</robots><author>klhunter</author></meta></bm><chi><title>Deepavali Open House, 05th November 2006.</title><content></content><meta><description>Deepavali Open House, 05th November 2006.</description><keyword>Deepavali Open House</keyword><robots>all</robots><author>klhunter</author></meta></chi></article>
