<?xml version='1.0' encoding='utf-8'?><article><en><title>FE Congratulates QP Wearers, Egyptian Women Squash Team for Winning World Squash Championshi.</title><content>&lt;table border=&quot;0&quot; cellpadding=&quot;0&quot; cellspacing=&quot;0&quot; width=&quot;100%&quot;&gt;
	&lt;tbody&gt;
		&lt;tr&gt;
			&lt;td valign=&quot;top&quot; width=&quot;740&quot;&gt;
				&lt;table border=&quot;0&quot; cellpadding=&quot;0&quot; cellspacing=&quot;0&quot; width=&quot;100%&quot;&gt;
					&lt;tbody&gt;
						&lt;tr&gt;
							&lt;td bgcolor=&quot;#999999&quot; valign=&quot;top&quot;&gt;
								&lt;table border=&quot;0&quot; cellpadding=&quot;10&quot; cellspacing=&quot;1&quot; width=&quot;100%&quot;&gt;
									&lt;tbody&gt;
										&lt;tr&gt;
											&lt;td bgcolor=&quot;#EEF0FC&quot; height=&quot;943&quot; valign=&quot;top&quot;&gt;
												&lt;table border=&quot;0&quot; cellpadding=&quot;0&quot; cellspacing=&quot;0&quot; width=&quot;100%&quot;&gt;
													&lt;tbody&gt;
														&lt;tr&gt;
															&lt;td valign=&quot;top&quot;&gt;
																&lt;table border=&quot;0&quot; cellpadding=&quot;0&quot; cellspacing=&quot;0&quot; width=&quot;100%&quot;&gt;
																	&lt;tbody&gt;
																		&lt;tr valign=&quot;top&quot;&gt;
																			&lt;td&gt;
																				&lt;img height=&quot;260&quot; src=&quot;http://fusionexcel.com/imgnews/news_squashegypt01.jpg&quot; width=&quot;354&quot; /&gt;&lt;/td&gt;
																			&lt;td align=&quot;right&quot;&gt;
																				&lt;img height=&quot;260&quot; src=&quot;http://fusionexcel.com/imgnews/news_squashegypt05.jpg&quot; width=&quot;354&quot; /&gt;&lt;/td&gt;
																		&lt;/tr&gt;
																		&lt;tr valign=&quot;top&quot;&gt;
																			&lt;td class=&quot;smallhead&quot;&gt;
																				Congratulations! FE Cairo &lt;strong&gt;Stockiest&lt;/strong&gt;, Mr Waleed&lt;br /&gt;
																				Eldebaby With the World Champion Team.&lt;br /&gt;
																				&lt;br /&gt;
																				&amp;nbsp;&lt;/td&gt;
																			&lt;td&gt;
																				&amp;nbsp;&lt;/td&gt;
																		&lt;/tr&gt;
																	&lt;/tbody&gt;
																&lt;/table&gt;
															&lt;/td&gt;
														&lt;/tr&gt;
														&lt;tr&gt;
															&lt;td valign=&quot;top&quot;&gt;
																&lt;table border=&quot;1&quot; cellpadding=&quot;5&quot; cellspacing=&quot;0&quot; width=&quot;100%&quot;&gt;
																	&lt;tbody&gt;
																		&lt;tr&gt;
																			&lt;td align=&quot;center&quot; bgcolor=&quot;#FFFFFF&quot;&gt;
																				&lt;img height=&quot;2760&quot; src=&quot;http://fusionexcel.com/imgnews/news_squashegypt03.gif&quot; width=&quot;688&quot; /&gt;&lt;/td&gt;
																		&lt;/tr&gt;
																	&lt;/tbody&gt;
																&lt;/table&gt;
															&lt;/td&gt;
														&lt;/tr&gt;
													&lt;/tbody&gt;
												&lt;/table&gt;
											&lt;/td&gt;
										&lt;/tr&gt;
									&lt;/tbody&gt;
								&lt;/table&gt;
							&lt;/td&gt;
						&lt;/tr&gt;
					&lt;/tbody&gt;
				&lt;/table&gt;
			&lt;/td&gt;
		&lt;/tr&gt;
	&lt;/tbody&gt;
&lt;/table&gt;
&lt;p&gt;
	&amp;nbsp;&lt;/p&gt;
</content><meta><description>FE Congratulates QP Wearers, Egyptian Women Squash Team for Winning World Squash Championshi</description><keyword>FE Congratulates QP Wearers, Egyptian Women Squash Team for Winning World Squash Championshi.</keyword><robots>all</robots><author>klhunter</author></meta></en><bm><title>FE Congratulates QP Wearers, Egyptian Women Squash Team for Winning World Squash Championshi.</title><content></content><meta><description>FE Congratulates QP Wearers, Egyptian Women Squash Team for Winning World Squash Championshi</description><keyword>FE Congratulates QP Wearers, Egyptian Women Squash Team for Winning World Squash Championshi.</keyword><robots>all</robots><author>klhunter</author></meta></bm><chi><title>FE Congratulates QP Wearers, Egyptian Women Squash Team for Winning World Squash Championshi.</title><content></content><meta><description>FE Congratulates QP Wearers, Egyptian Women Squash Team for Winning World Squash Championshi</description><keyword>FE Congratulates QP Wearers, Egyptian Women Squash Team for Winning World Squash Championshi.</keyword><robots>all</robots><author>klhunter</author></meta></chi></article>