<?xml version='1.0' encoding='utf-8'?><article><en><title>FE Masters Football on SkySports and Astro! Watch Video!</title><content>&lt;table border=&quot;0&quot; cellpadding=&quot;0&quot; cellspacing=&quot;0&quot; width=&quot;100%&quot;&gt;
	&lt;tbody&gt;
		&lt;tr&gt;
			&lt;td valign=&quot;top&quot; width=&quot;740&quot;&gt;
				&lt;table border=&quot;0&quot; cellpadding=&quot;0&quot; cellspacing=&quot;0&quot; width=&quot;100%&quot;&gt;
					&lt;tbody&gt;
						&lt;tr&gt;
							&lt;td bgcolor=&quot;#999999&quot; valign=&quot;top&quot;&gt;
								&lt;table border=&quot;0&quot; cellpadding=&quot;10&quot; cellspacing=&quot;1&quot; width=&quot;100%&quot;&gt;
									&lt;tbody&gt;
										&lt;tr&gt;
											&lt;td bgcolor=&quot;#EEF0FC&quot; height=&quot;943&quot; valign=&quot;top&quot;&gt;
												&lt;table border=&quot;0&quot; cellpadding=&quot;0&quot; cellspacing=&quot;0&quot; width=&quot;100%&quot;&gt;
													&lt;tbody&gt;
														&lt;tr&gt;
															&lt;td class=&quot;content&quot;&gt;
																FE recently sponsored Masters Football in Macau and Malaysia, where 36 UK football legends from Manchester United, Liverpool, Arsenal and EPL All Stars pitched their skills against one another to claim the Malaysian Masters Football Cup 2008. FE was represented by Arsenal with the players proudly wearing FE&amp;#39;s colours, blue with FE&amp;#39;s logo in yellow prominently on the front. The matches were telecast live on SkySports to millions in Europe and repeated the following day on Astro Sports. It was a GREAT branding opportunity for FE and for introducing FE&amp;#39;s Quantum Pendant to football crazy Europe. All the participating UK football legends were presented with the QP and were shown the demos. They were all very impressed and several amongst them wanted to do FE&amp;#39;s network marketing business back in UK! FE&amp;#39;s QP is really going places!&lt;br /&gt;
																&amp;nbsp;&lt;/td&gt;
														&lt;/tr&gt;
														&lt;tr&gt;
															&lt;td align=&quot;center&quot;&gt;
																&lt;a href=&quot;http://www.youtube.com/v/hyR94V9-dZU&amp;amp;hl=en&amp;amp;fs=1&quot; target=&quot;_blank&quot;&gt;&lt;img border=&quot;0&quot; height=&quot;350&quot; src=&quot;http://fusionexcel.com/imgnews/news_master_youtube.jpg&quot; width=&quot;465&quot; /&gt;&lt;/a&gt;&lt;/td&gt;
														&lt;/tr&gt;
													&lt;/tbody&gt;
												&lt;/table&gt;
											&lt;/td&gt;
										&lt;/tr&gt;
									&lt;/tbody&gt;
								&lt;/table&gt;
							&lt;/td&gt;
						&lt;/tr&gt;
					&lt;/tbody&gt;
				&lt;/table&gt;
			&lt;/td&gt;
		&lt;/tr&gt;
	&lt;/tbody&gt;
&lt;/table&gt;
&lt;p&gt;
	&amp;nbsp;&lt;/p&gt;
</content><meta><description>FE recently sponsored Masters Football in Macau and Malaysia, where 36 UK football legends from Manchester United, Liverpool, Arsenal and EPL All Stars pitched their skills against one another to claim the Malaysian Masters Football Cup 2008. FE was represented by Arsenal with the players proudly wearing FE's colours, blue with FE's logo in yellow prominently on the front. The matches were telecast live on SkySports to millions in Europe and repeated the following day on Astro Sports. It was a GREAT branding opportunity for FE and for introducing FE's Quantum Pendant to football crazy Europe. All the participating UK football legends were presented with the QP and were shown the demos. They were all very impressed and several amongst them wanted to do FE's network marketing business back in UK! FE's QP is really going places!</description><keyword>FE Masters Football on SkySports and Astro! Watch Video!</keyword><robots>all</robots><author>klhunter</author></meta></en><bm><title>FE Masters Football on SkySports and Astro! Watch Video!</title><content></content><meta><description>FE recently sponsored Masters Football in Macau and Malaysia, where 36 UK football legends from Manchester United, Liverpool, Arsenal and EPL All Stars pitched their skills against one another to claim the Malaysian Masters Football Cup 2008. FE was represented by Arsenal with the players proudly wearing FE's colours, blue with FE's logo in yellow prominently on the front. The matches were telecast live on SkySports to millions in Europe and repeated the following day on Astro Sports. It was a GREAT branding opportunity for FE and for introducing FE's Quantum Pendant to football crazy Europe. All the participating UK football legends were presented with the QP and were shown the demos. They were all very impressed and several amongst them wanted to do FE's network marketing business back in UK! FE's QP is really going places!</description><keyword>FE Masters Football on SkySports and Astro! Watch Video!</keyword><robots>all</robots><author>klhunter</author></meta></bm><chi><title>FE Masters Football on SkySports and Astro! Watch Video!</title><content></content><meta><description>FE recently sponsored Masters Football in Macau and Malaysia, where 36 UK football legends from Manchester United, Liverpool, Arsenal and EPL All Stars pitched their skills against one another to claim the Malaysian Masters Football Cup 2008. FE was represented by Arsenal with the players proudly wearing FE's colours, blue with FE's logo in yellow prominently on the front. The matches were telecast live on SkySports to millions in Europe and repeated the following day on Astro Sports. It was a GREAT branding opportunity for FE and for introducing FE's Quantum Pendant to football crazy Europe. All the participating UK football legends were presented with the QP and were shown the demos. They were all very impressed and several amongst them wanted to do FE's network marketing business back in UK! FE's QP is really going places!</description><keyword>FE Masters Football on SkySports and Astro! Watch Video!</keyword><robots>all</robots><author>klhunter</author></meta></chi></article>