<?xml version='1.0' encoding='utf-8'?><article><en><title>QP Wearer, Malaysian High Commissioner in United Kingdom, Datuk Abd Aziz Mohd, with FE Leaders Andy Lee and Teddy Chen!</title><content>&lt;p&gt;
	&lt;br /&gt;
	&lt;br /&gt;
	&lt;img height=&quot;338&quot; src=&quot;http://fusionexcel.com/imgnews/news_dabdazizm.jpg&quot; width=&quot;450&quot; /&gt;&lt;/p&gt;
</content><meta><description>QP Wearer, Malaysian High Commissioner in UK, Datuk Abd Aziz Mohd, with FE Leaders Andy Lee and Teddy Chen</description><keyword>QP Wearer, Malaysian High Commissioner in United Kingdom, Datuk Abd Aziz Mohd, with FE Leaders Andy Lee and Teddy Chen!</keyword><robots>all</robots><author>klhunter</author></meta></en><bm><title>QP Wearer, Malaysian High Commissioner in United Kingdom, Datuk Abd Aziz Mohd, with FE Leaders Andy Lee and Teddy Chen!</title><content></content><meta><description>QP Wearer, Malaysian High Commissioner in UK, Datuk Abd Aziz Mohd, with FE Leaders Andy Lee and Teddy Chen</description><keyword>QP Wearer, Malaysian High Commissioner in United Kingdom, Datuk Abd Aziz Mohd, with FE Leaders Andy Lee and Teddy Chen!</keyword><robots>all</robots><author>klhunter</author></meta></bm><chi><title>QP Wearer, Malaysian High Commissioner in United Kingdom, Datuk Abd Aziz Mohd, with FE Leaders Andy Lee and Teddy Chen!</title><content></content><meta><description>QP Wearer, Malaysian High Commissioner in UK, Datuk Abd Aziz Mohd, with FE Leaders Andy Lee and Teddy Chen</description><keyword>QP Wearer, Malaysian High Commissioner in United Kingdom, Datuk Abd Aziz Mohd, with FE Leaders Andy Lee and Teddy Chen!</keyword><robots>all</robots><author>klhunter</author></meta></chi></article>