<?xml version='1.0' encoding='utf-8'?><article><en><title>QP Wearer, Malaysian Trade Commissioner in UK, Encik Abu Bakar Koyakutty, with FE Leaders Mr Sam Sia &amp; Andy Lee</title><content>&lt;p&gt;
	&lt;br /&gt;
	&lt;img height=&quot;450&quot; src=&quot;http://fusionexcel.com/imgnews/news_abubakark.jpg&quot; width=&quot;500&quot; /&gt;&lt;/p&gt;
</content><meta><description>QP Wearer, Malaysian Trade Commissioner in UK, Encik Abu Bakar Koyakutty,
with FE Leaders Mr Sam Sia &amp; Andy Lee</description><keyword>QP Wearer, Malaysian Trade Commissioner in UK, Encik Abu Bakar Koyakutty,
with FE Leaders Mr Sam Sia &amp; Andy Lee</keyword><robots>all</robots><author>klhunter</author></meta></en><bm><title>QP Wearer, Malaysian Trade Commissioner in UK, Encik Abu Bakar Koyakutty, with FE Leaders Mr Sam Sia &amp; Andy Lee</title><content></content><meta><description>QP Wearer, Malaysian Trade Commissioner in UK, Encik Abu Bakar Koyakutty,
with FE Leaders Mr Sam Sia &amp; Andy Lee</description><keyword>QP Wearer, Malaysian Trade Commissioner in UK, Encik Abu Bakar Koyakutty,
with FE Leaders Mr Sam Sia &amp; Andy Lee</keyword><robots>all</robots><author>klhunter</author></meta></bm><chi><title>QP Wearer, Malaysian Trade Commissioner in UK, Encik Abu Bakar Koyakutty, with FE Leaders Mr Sam Sia &amp; Andy Lee</title><content></content><meta><description>QP Wearer, Malaysian Trade Commissioner in UK, Encik Abu Bakar Koyakutty,
with FE Leaders Mr Sam Sia &amp; Andy Lee</description><keyword>QP Wearer, Malaysian Trade Commissioner in UK, Encik Abu Bakar Koyakutty,
with FE Leaders Mr Sam Sia &amp; Andy Lee</keyword><robots>all</robots><author>klhunter</author></meta></chi></article>