<?xml version='1.0' encoding='utf-8'?><article><en><title>FE Welcomes QP Wearer, World Renowned Shoe Designer, Prof Dato Jimmy Choo Together with His Cousin Peter Chow and FE Leaders, Andy Lee and Teddy Chen.</title><content>&lt;table border=&quot;0&quot; cellpadding=&quot;0&quot; cellspacing=&quot;0&quot; width=&quot;100%&quot;&gt;
	&lt;tbody&gt;
		&lt;tr&gt;
			&lt;td class=&quot;conthead&quot; style=&quot;text-align:justify&quot; valign=&quot;top&quot;&gt;
				FE Welcomes QP Wearer, World Renowned Shoe Designer, Prof Dato Jimmy Choo Together with His Cousin Peter Chow and FE Leaders, Andy Lee and Teddy Chen.&lt;br /&gt;
				&amp;nbsp;&lt;/td&gt;
		&lt;/tr&gt;
		&lt;tr&gt;
			&lt;td class=&quot;content&quot; valign=&quot;top&quot;&gt;
				Photo was taken recently in London when Andy was there to promote FE&amp;#39;s Quantum Pendant.&lt;br /&gt;
				&amp;nbsp;&lt;/td&gt;
		&lt;/tr&gt;
		&lt;tr&gt;
			&lt;td align=&quot;center&quot; valign=&quot;top&quot;&gt;
				&lt;img height=&quot;375&quot; src=&quot;http://fusionexcel.com/imgnews/news_jimmychoo.jpg&quot; width=&quot;500&quot; /&gt;&lt;/td&gt;
		&lt;/tr&gt;
	&lt;/tbody&gt;
&lt;/table&gt;
&lt;p&gt;
	&amp;nbsp;&lt;/p&gt;
</content><meta><description>Photo was taken recently in London when Andy was there to promote FE's Quantum Pendant.</description><keyword>FE Welcomes QP Wearer, World Renowned Shoe Designer, Prof Dato Jimmy Choo Together with His Cousin Peter Chow and FE Leaders, Andy Lee and Teddy Chen.</keyword><robots>all</robots><author>klhunter</author></meta></en><bm><title>FE Welcomes QP Wearer, World Renowned Shoe Designer, Prof Dato Jimmy Choo Together with His Cousin Peter Chow and FE Leaders, Andy Lee and Teddy Chen.</title><content></content><meta><description>Photo was taken recently in London when Andy was there to promote FE's Quantum Pendant.</description><keyword>FE Welcomes QP Wearer, World Renowned Shoe Designer, Prof Dato Jimmy Choo Together with His Cousin Peter Chow and FE Leaders, Andy Lee and Teddy Chen.</keyword><robots>all</robots><author>klhunter</author></meta></bm><chi><title>FE Welcomes QP Wearer, World Renowned Shoe Designer, Prof Dato Jimmy Choo Together with His Cousin Peter Chow and FE Leaders, Andy Lee and Teddy Chen.</title><content></content><meta><description>Photo was taken recently in London when Andy was there to promote FE's Quantum Pendant.</description><keyword>FE Welcomes QP Wearer, World Renowned Shoe Designer, Prof Dato Jimmy Choo Together with His Cousin Peter Chow and FE Leaders, Andy Lee and Teddy Chen.</keyword><robots>all</robots><author>klhunter</author></meta></chi></article>