<?xml version='1.0' encoding='utf-8'?><article><en><title>Certificate of Appreciation &quot;Christmas for Payatas&quot;</title><content>&lt;table border=&quot;0&quot; cellpadding=&quot;0&quot; cellspacing=&quot;0&quot; width=&quot;100%&quot;&gt;
	&lt;tbody&gt;
		&lt;tr&gt;
			&lt;td valign=&quot;top&quot; width=&quot;740&quot;&gt;
				&lt;table border=&quot;0&quot; cellpadding=&quot;0&quot; cellspacing=&quot;0&quot; width=&quot;100%&quot;&gt;
					&lt;tbody&gt;
						&lt;tr&gt;
							&lt;td bgcolor=&quot;#999999&quot; valign=&quot;top&quot;&gt;
								&lt;table border=&quot;0&quot; cellpadding=&quot;10&quot; cellspacing=&quot;1&quot; width=&quot;100%&quot;&gt;
									&lt;tbody&gt;
										&lt;tr&gt;
											&lt;td bgcolor=&quot;#EEF0FC&quot; height=&quot;943&quot; valign=&quot;top&quot;&gt;
												&lt;table border=&quot;0&quot; cellpadding=&quot;0&quot; cellspacing=&quot;0&quot; width=&quot;100%&quot;&gt;
													&lt;tbody&gt;
														&lt;tr&gt;
															&lt;td&gt;
																&lt;table border=&quot;1&quot; cellpadding=&quot;5&quot; cellspacing=&quot;0&quot; width=&quot;100%&quot;&gt;
																	&lt;tbody&gt;
																		&lt;tr&gt;
																			&lt;td align=&quot;center&quot; bgcolor=&quot;#FFFFFF&quot;&gt;
																				&lt;img height=&quot;530&quot; src=&quot;http://fusionexcel.com/imgnews/char_certofappreciation.jpg&quot; width=&quot;698&quot; /&gt;&lt;/td&gt;
																		&lt;/tr&gt;
																	&lt;/tbody&gt;
																&lt;/table&gt;
															&lt;/td&gt;
														&lt;/tr&gt;
													&lt;/tbody&gt;
												&lt;/table&gt;
											&lt;/td&gt;
										&lt;/tr&gt;
									&lt;/tbody&gt;
								&lt;/table&gt;
							&lt;/td&gt;
						&lt;/tr&gt;
					&lt;/tbody&gt;
				&lt;/table&gt;
			&lt;/td&gt;
		&lt;/tr&gt;
	&lt;/tbody&gt;
&lt;/table&gt;
&lt;p&gt;
	&amp;nbsp;&lt;/p&gt;
</content><meta><description>Paul Ting received Certificate of Appreciation for establishing &quot;Christmas for Payatas&quot; on 22nd December 2008.</description><keyword>Paul Ting, Certificate of Appreciation &quot;Christmas for Payatas&quot;, 22nd December 2008, Quezon City</keyword><robots>all</robots><author>klhunter</author></meta></en><bm><title>Certificate of Appreciation &quot;Christmas for Payatas&quot;</title><content></content><meta><description>Paul Ting received Certificate of Appreciation for establishing &quot;Christmas for Payatas&quot; on 22nd December 2008.</description><keyword>Paul Ting, Certificate of Appreciation &quot;Christmas for Payatas&quot;, 22nd December 2008, Quezon City</keyword><robots>all</robots><author>klhunter</author></meta></bm><chi><title>Certificate of Appreciation &quot;Christmas for Payatas&quot;</title><content></content><meta><description>Paul Ting received Certificate of Appreciation for establishing &quot;Christmas for Payatas&quot; on 22nd December 2008.</description><keyword>Paul Ting, Certificate of Appreciation &quot;Christmas for Payatas&quot;, 22nd December 2008, Quezon City</keyword><robots>all</robots><author>klhunter</author></meta></chi></article>