<?xml version="1.0" encoding="utf-8"?>
<article><en><title>FusionExcel Achievers Recognition Dinner, 19th April 2008.</title><content>&lt;p style="text-align: center; "&gt;
	&lt;img height="469" src="http://www.fusionexcel.com/imgnews/Recognition-Dinner-Malaysia1.jpg" style="color: rgb(0, 0, 0); font-family: 'Times New Roman'; text-align: -webkit-center; background-color: rgb(238, 240, 252); font-size: medium; " width="632" /&gt;&lt;/p&gt;
</content><meta><description>FusionExcel Achievers Recognition Dinner, 19th April 2008.</description><keyword></keyword><robots>all</robots><author>klhunter</author></meta></en><bm><title>Official Appointment</title><content></content><meta><description>Official Appointment</description><keyword>Official Appointment</keyword><robots>all</robots><author>klhunter</author></meta></bm><chi><title>Official Appointment</title><content></content><meta><description>Official Appointment</description><keyword>Official Appointment</keyword><robots>all</robots><author>klhunter</author></meta></chi></article>
