<?xml version='1.0' encoding='utf-8'?><article><en><title>FusionExcel Congratulates Quantum Pendant Wearers Li Jane &amp; Adrian Ng For Winning All Stars World Bowling Championships!</title><content>&lt;table border=&quot;0&quot; cellpadding=&quot;0&quot; cellspacing=&quot;0&quot; width=&quot;100%&quot;&gt;
	&lt;tbody&gt;
		&lt;tr&gt;
			&lt;td valign=&quot;top&quot; width=&quot;740&quot;&gt;
				&lt;table border=&quot;0&quot; cellpadding=&quot;0&quot; cellspacing=&quot;0&quot; width=&quot;100%&quot;&gt;
					&lt;tbody&gt;
						&lt;tr&gt;
							&lt;td bgcolor=&quot;#999999&quot; valign=&quot;top&quot;&gt;
								&lt;table border=&quot;0&quot; cellpadding=&quot;10&quot; cellspacing=&quot;1&quot; width=&quot;100%&quot;&gt;
									&lt;tbody&gt;
										&lt;tr&gt;
											&lt;td bgcolor=&quot;#EEF0FC&quot; height=&quot;943&quot; valign=&quot;top&quot;&gt;
												&lt;table border=&quot;0&quot; cellpadding=&quot;0&quot; cellspacing=&quot;0&quot; width=&quot;100%&quot;&gt;
													&lt;tbody&gt;
														&lt;tr&gt;
															&lt;td class=&quot;conthead&quot; style=&quot;text-align:justify&quot; valign=&quot;top&quot;&gt;
																&lt;br /&gt;
																&amp;nbsp;&lt;/td&gt;
														&lt;/tr&gt;
														&lt;tr&gt;
															&lt;td align=&quot;center&quot; valign=&quot;top&quot;&gt;
																&lt;img height=&quot;443&quot; src=&quot;http://fusionexcel.com/imgnews/san_1.jpg&quot; width=&quot;350&quot; /&gt;&lt;br /&gt;
																&lt;br /&gt;
																&lt;br /&gt;
																&lt;br /&gt;
																&lt;br /&gt;
																&lt;br /&gt;
																&lt;br /&gt;
																&lt;img height=&quot;2117&quot; src=&quot;http://fusionexcel.com/imgnews/san_2.jpg&quot; width=&quot;698&quot; /&gt;&lt;br /&gt;
																&lt;br /&gt;
																&amp;nbsp;&lt;/td&gt;
														&lt;/tr&gt;
													&lt;/tbody&gt;
												&lt;/table&gt;
											&lt;/td&gt;
										&lt;/tr&gt;
									&lt;/tbody&gt;
								&lt;/table&gt;
							&lt;/td&gt;
						&lt;/tr&gt;
					&lt;/tbody&gt;
				&lt;/table&gt;
			&lt;/td&gt;
		&lt;/tr&gt;
		&lt;tr&gt;
			&lt;td colspan=&quot;3&quot; height=&quot;10&quot;&gt;
				&amp;nbsp;&lt;/td&gt;
		&lt;/tr&gt;
		&lt;tr&gt;
			&lt;td colspan=&quot;3&quot;&gt;
				&amp;nbsp;&lt;/td&gt;
		&lt;/tr&gt;
	&lt;/tbody&gt;
&lt;/table&gt;
&lt;p&gt;
	&amp;nbsp;&lt;/p&gt;
</content><meta><description>FE Congratulates QP Wearers Li Jane &amp;amp; Adrian Ng for winning All Stars World Bowling Championships!</description><keyword>FusionExcel Congratulates Quantum Pendant Wearers Li Jane &amp; Adrian Ng For Winning All Stars World Bowling Championships!</keyword><robots>all</robots><author>klhunter</author></meta></en><bm><title>FusionExcel Congratulates Quantum Pendant Wearers Li Jane &amp; Adrian Ng For Winning All Stars World Bowling Championships!</title><content></content><meta><description>FE Congratulates QP Wearers Li Jane &amp;amp; Adrian Ng for winning All Stars World Bowling Championships!</description><keyword>FusionExcel Congratulates Quantum Pendant Wearers Li Jane &amp; Adrian Ng For Winning All Stars World Bowling Championships!</keyword><robots>all</robots><author>klhunter</author></meta></bm><chi><title>FusionExcel Congratulates Quantum Pendant Wearers Li Jane &amp; Adrian Ng For Winning All Stars World Bowling Championships!</title><content></content><meta><description>FE Congratulates QP Wearers Li Jane &amp;amp; Adrian Ng for winning All Stars World Bowling Championships!</description><keyword>FusionExcel Congratulates Quantum Pendant Wearers Li Jane &amp; Adrian Ng For Winning All Stars World Bowling Championships!</keyword><robots>all</robots><author>klhunter</author></meta></chi></article>