<?xml version='1.0' encoding='utf-8'?><article><en><title>FusionExcel Achievers Recognition Dinner 17th January 2009. </title><content>&lt;table border=&quot;0&quot; cellpadding=&quot;0&quot; cellspacing=&quot;0&quot; width=&quot;100%&quot;&gt;
	&lt;tbody&gt;
		&lt;tr&gt;
			&lt;td valign=&quot;top&quot; width=&quot;740&quot;&gt;
				&lt;table border=&quot;0&quot; cellpadding=&quot;0&quot; cellspacing=&quot;0&quot; width=&quot;100%&quot;&gt;
					&lt;tbody&gt;
						&lt;tr&gt;
							&lt;td bgcolor=&quot;#999999&quot; valign=&quot;top&quot;&gt;
								&lt;table border=&quot;0&quot; cellpadding=&quot;10&quot; cellspacing=&quot;1&quot; width=&quot;100%&quot;&gt;
									&lt;tbody&gt;
										&lt;tr&gt;
											&lt;td bgcolor=&quot;#EEF0FC&quot; height=&quot;943&quot; valign=&quot;top&quot;&gt;
												&lt;table border=&quot;0&quot; cellpadding=&quot;0&quot; cellspacing=&quot;0&quot; width=&quot;100%&quot;&gt;
													&lt;tbody&gt;
														&lt;tr&gt;
															&lt;td class=&quot;smallhead&quot; valign=&quot;top&quot;&gt;
																&lt;table border=&quot;0&quot; cellpadding=&quot;0&quot; cellspacing=&quot;0&quot; width=&quot;100%&quot;&gt;
																	&lt;tbody&gt;
																		&lt;tr&gt;
																			&lt;td align=&quot;center&quot; height=&quot;301&quot; valign=&quot;top&quot; width=&quot;718&quot;&gt;
																				&lt;img height=&quot;354&quot; src=&quot;http://fusionexcel.com/imgnews/maeps1-new.jpg&quot; width=&quot;700&quot; /&gt;&lt;/td&gt;
																		&lt;/tr&gt;
																		&lt;tr&gt;
																			&lt;td align=&quot;center&quot; class=&quot;blacklink&quot; height=&quot;301&quot; valign=&quot;top&quot; width=&quot;718&quot;&gt;
																				&lt;a href=&quot;http://fusionexcel.com/upnews_maeps_map.html&quot; target=&quot;_blank&quot;&gt;&lt;img border=&quot;0&quot; height=&quot;354&quot; src=&quot;http://fusionexcel.com/imgnews/maeps5-new.jpg&quot; width=&quot;700&quot; /&gt;&lt;/a&gt;&lt;br /&gt;
																				&lt;a class=&quot;blacklink&quot; href=&quot;http://fusionexcel.com/upnews_maeps_map.html&quot; target=&quot;_blank&quot;&gt;&amp;lt;Click To Enlarge &amp;gt;&lt;/a&gt;&lt;/td&gt;
																		&lt;/tr&gt;
																		&lt;tr&gt;
																			&lt;td height=&quot;28&quot; valign=&quot;top&quot;&gt;
																				&lt;a class=&quot;blacklink&quot; href=&quot;http://fusionexcel.com/upnews_main.html&quot;&gt;&amp;lt;Back To Summary&amp;gt;&lt;/a&gt;&lt;/td&gt;
																		&lt;/tr&gt;
																	&lt;/tbody&gt;
																&lt;/table&gt;
															&lt;/td&gt;
														&lt;/tr&gt;
													&lt;/tbody&gt;
												&lt;/table&gt;
											&lt;/td&gt;
										&lt;/tr&gt;
									&lt;/tbody&gt;
								&lt;/table&gt;
							&lt;/td&gt;
						&lt;/tr&gt;
					&lt;/tbody&gt;
				&lt;/table&gt;
			&lt;/td&gt;
		&lt;/tr&gt;
		&lt;tr&gt;
			&lt;td colspan=&quot;3&quot; height=&quot;10&quot;&gt;
				&amp;nbsp;&lt;/td&gt;
		&lt;/tr&gt;
		&lt;tr&gt;
			&lt;td colspan=&quot;3&quot;&gt;
				&amp;nbsp;&lt;/td&gt;
		&lt;/tr&gt;
	&lt;/tbody&gt;
&lt;/table&gt;
&lt;p&gt;
	&amp;nbsp;&lt;/p&gt;
</content><meta><description>FusionExcel Achievers Recognition Dinner 17th January 2009</description><keyword>FusionExcel Achievers Recognition Dinner 17th January 2009</keyword><robots>all</robots><author>klhunter</author></meta></en><bm><title>FusionExcel Achievers Recognition Dinner 17th January 2009. </title><content></content><meta><description>FusionExcel Achievers Recognition Dinner 17th January 2009</description><keyword>FusionExcel Achievers Recognition Dinner 17th January 2009</keyword><robots>all</robots><author>klhunter</author></meta></bm><chi><title>FusionExcel Achievers Recognition Dinner 17th January 2009. </title><content></content><meta><description>FusionExcel Achievers Recognition Dinner 17th January 2009</description><keyword>FusionExcel Achievers Recognition Dinner 17th January 2009</keyword><robots>all</robots><author>klhunter</author></meta></chi></article>