<?xml version="1.0" encoding="utf-8"?>
<article><en><title>Hari Raya Open House 11th November 2006.</title><content>&lt;p&gt;
	FusionExcel would like to thank all our Members for making our Hari Raya Open House on Saturday.&lt;br /&gt;
	11th November 2006 a great success!&lt;/p&gt;
&lt;table border="0" cellpadding="0" cellspacing="0" width="100%"&gt;
	&lt;tbody&gt;
		&lt;tr align="center" valign="top"&gt;
			&lt;td width="50"&gt;
				&amp;nbsp;&lt;/td&gt;
		&lt;/tr&gt;
		&lt;tr valign="top"&gt;
			&lt;td&gt;
				&lt;table border="0" cellpadding="0" cellspacing="0" width="100%"&gt;
					&lt;tbody&gt;
						&lt;tr&gt;
							&lt;td&gt;
								&lt;img height="260" src="http://fusionexcel.com/imgnews/raya01.jpg" width="354" /&gt;&lt;/td&gt;
							&lt;td width="10"&gt;
								&amp;nbsp;&lt;/td&gt;
							&lt;td&gt;
								&lt;img height="260" src="http://fusionexcel.com/imgnews/raya02.jpg" width="354" /&gt;&lt;/td&gt;
						&lt;/tr&gt;
					&lt;/tbody&gt;
				&lt;/table&gt;
			&lt;/td&gt;
		&lt;/tr&gt;
		&lt;tr valign="top"&gt;
			&lt;td height="10"&gt;
				&amp;nbsp;&lt;/td&gt;
		&lt;/tr&gt;
		&lt;tr valign="top"&gt;
			&lt;td&gt;
				&lt;table border="0" cellpadding="0" cellspacing="0" width="100%"&gt;
					&lt;tbody&gt;
						&lt;tr&gt;
							&lt;td&gt;
								&lt;img height="260" src="http://fusionexcel.com/imgnews/raya03.jpg" width="354" /&gt;&lt;/td&gt;
							&lt;td width="10"&gt;
								&amp;nbsp;&lt;/td&gt;
							&lt;td&gt;
								&lt;img height="260" src="http://fusionexcel.com/imgnews/raya04.jpg" width="354" /&gt;&lt;/td&gt;
						&lt;/tr&gt;
					&lt;/tbody&gt;
				&lt;/table&gt;
			&lt;/td&gt;
		&lt;/tr&gt;
		&lt;tr valign="top"&gt;
			&lt;td height="10"&gt;
				&amp;nbsp;&lt;/td&gt;
		&lt;/tr&gt;
		&lt;tr valign="top"&gt;
			&lt;td&gt;
				&lt;table border="0" cellpadding="0" cellspacing="0" width="100%"&gt;
					&lt;tbody&gt;
						&lt;tr&gt;
							&lt;td&gt;
								&lt;img height="260" src="http://fusionexcel.com/imgnews/raya05.jpg" width="354" /&gt;&lt;/td&gt;
							&lt;td width="10"&gt;
								&amp;nbsp;&lt;/td&gt;
							&lt;td&gt;
								&lt;img height="260" src="http://fusionexcel.com/imgnews/raya06.jpg" width="354" /&gt;&lt;/td&gt;
						&lt;/tr&gt;
					&lt;/tbody&gt;
				&lt;/table&gt;
			&lt;/td&gt;
		&lt;/tr&gt;
		&lt;tr valign="top"&gt;
			&lt;td height="10"&gt;
				&amp;nbsp;&lt;/td&gt;
		&lt;/tr&gt;
		&lt;tr valign="top"&gt;
			&lt;td&gt;
				&lt;table border="0" cellpadding="0" cellspacing="0" width="100%"&gt;
					&lt;tbody&gt;
						&lt;tr&gt;
							&lt;td&gt;
								&lt;img height="260" src="http://fusionexcel.com/imgnews/raya07.jpg" width="354" /&gt;&lt;/td&gt;
							&lt;td width="10"&gt;
								&amp;nbsp;&lt;/td&gt;
							&lt;td&gt;
								&lt;img height="260" src="http://fusionexcel.com/imgnews/raya08.jpg" width="354" /&gt;&lt;/td&gt;
						&lt;/tr&gt;
					&lt;/tbody&gt;
				&lt;/table&gt;
			&lt;/td&gt;
		&lt;/tr&gt;
		&lt;tr valign="top"&gt;
			&lt;td height="10"&gt;
				&amp;nbsp;&lt;/td&gt;
		&lt;/tr&gt;
		&lt;tr valign="top"&gt;
			&lt;td&gt;
				&lt;table border="0" cellpadding="0" cellspacing="0" width="100%"&gt;
					&lt;tbody&gt;
						&lt;tr&gt;
							&lt;td&gt;
								&lt;img height="260" src="http://fusionexcel.com/imgnews/raya09.jpg" width="354" /&gt;&lt;/td&gt;
							&lt;td width="12"&gt;
								&amp;nbsp;&lt;/td&gt;
							&lt;td&gt;
								&lt;img height="260" src="http://fusionexcel.com/imgnews/raya10.jpg" width="354" /&gt;&lt;/td&gt;
						&lt;/tr&gt;
					&lt;/tbody&gt;
				&lt;/table&gt;
			&lt;/td&gt;
		&lt;/tr&gt;
	&lt;/tbody&gt;
&lt;/table&gt;
&lt;p&gt;
	&amp;nbsp;&lt;/p&gt;
</content><meta><description>FusionExcel would like to thank all our Members for making our Hari Raya Open House on Saturday 11th November 2006 a great success!</description><keyword></keyword><robots>all</robots><author>klhunter</author></meta></en><bm><title>FusionExcel's Welcome Day, Saturday, 20th January 2007 is Packed with Participants. Congratulations! Special Guest: Mr. Malek Noor (Champion Body Builder).</title><content></content><meta><description>Mr. Malek Noor</description><keyword>Mr. Malek Noor</keyword><robots>all</robots><author>klhunter</author></meta></bm><chi><title>FusionExcel's Welcome Day, Saturday, 20th January 2007 is Packed with Participants. Congratulations! Special Guest: Mr. Malek Noor (Champion Body Builder).</title><content></content><meta><description>Mr. Malek Noor</description><keyword>Mr. Malek Noor</keyword><robots>all</robots><author>klhunter</author></meta></chi></article>
