<?xml version='1.0' encoding='utf-8'?><article><en><title>FE Welcomes VIP QP Wearer, Governor of Khon Kaen, Mr Manit Wattanasen! Mr Wattanasen Was The Guest of Honour at FE's Event at Khon Kaen on Friday 9th January 2009. </title><content>&lt;table border=&quot;0&quot; cellpadding=&quot;10&quot; cellspacing=&quot;1&quot; width=&quot;100%&quot;&gt;
	&lt;tbody&gt;
		&lt;tr&gt;
			&lt;td bgcolor=&quot;#EEF0FC&quot; height=&quot;943&quot; valign=&quot;top&quot;&gt;
				&lt;table border=&quot;0&quot; cellpadding=&quot;0&quot; cellspacing=&quot;0&quot; width=&quot;100%&quot;&gt;
					&lt;tbody&gt;
						&lt;tr&gt;
							&lt;td class=&quot;conthead&quot; style=&quot;text-align:justify&quot; valign=&quot;top&quot;&gt;
								&lt;strong&gt;FE Welcomes VIP QP Wearer, Governor of Khon Kaen, Mr Manit Wattanasen!&lt;br /&gt;
								Mr Wattanasen Was The Guest of Honour at FE&amp;#39;s Event at Khon Kaen on Friday 9th January 2009. &lt;/strong&gt;&lt;br /&gt;
								&amp;nbsp;&lt;/td&gt;
						&lt;/tr&gt;
						&lt;tr&gt;
							&lt;td class=&quot;conttable&quot; valign=&quot;top&quot;&gt;
								&lt;table align=&quot;center&quot; border=&quot;0&quot; cellpadding=&quot;0&quot; cellspacing=&quot;0&quot; width=&quot;0&quot;&gt;
									&lt;tbody&gt;
										&lt;tr&gt;
											&lt;th scope=&quot;col&quot;&gt;
												&lt;img height=&quot;336&quot; src=&quot;http://fusionexcel.com/imgnews/news_governor-khon-kaen.jpg&quot; width=&quot;448&quot; /&gt;&lt;/th&gt;
										&lt;/tr&gt;
									&lt;/tbody&gt;
								&lt;/table&gt;
							&lt;/td&gt;
						&lt;/tr&gt;
						&lt;tr&gt;
							&lt;td class=&quot;smallhead&quot; valign=&quot;top&quot;&gt;
								&lt;table border=&quot;0&quot; cellpadding=&quot;0&quot; cellspacing=&quot;0&quot; width=&quot;100%&quot;&gt;
									&lt;tbody&gt;
										&lt;tr&gt;
											&lt;td align=&quot;center&quot; height=&quot;235&quot; valign=&quot;top&quot; width=&quot;359&quot;&gt;
												&lt;img height=&quot;227&quot; src=&quot;http://fusionexcel.com/imgnews/news_governor-khon-kaen-1.jpg&quot; width=&quot;340&quot; /&gt;&lt;/td&gt;
											&lt;td align=&quot;center&quot; valign=&quot;top&quot; width=&quot;359&quot;&gt;
												&lt;img height=&quot;227&quot; src=&quot;http://fusionexcel.com/imgnews/news_governor-khon-kaen-2.jpg&quot; width=&quot;340&quot; /&gt;&lt;/td&gt;
										&lt;/tr&gt;
									&lt;/tbody&gt;
								&lt;/table&gt;
							&lt;/td&gt;
						&lt;/tr&gt;
					&lt;/tbody&gt;
				&lt;/table&gt;
			&lt;/td&gt;
		&lt;/tr&gt;
	&lt;/tbody&gt;
&lt;/table&gt;
&lt;p&gt;
	&amp;nbsp;&lt;/p&gt;
</content><meta><description>FE Welcomes VIP QP Wearer, Governor of Khon Kaen, Mr Manit Wattanasen ! Mr Wattanasen was the guest of honour at FE's event at Khon Kaen on Friday 9th January 2009.</description><keyword>FE Welcomes VIP QP Wearer, Governor of Khon Kaen, Mr Manit Wattanasen! Mr Wattanasen Was The Guest of Honour at FE's Event at Khon Kaen on Friday 9th January 2009. </keyword><robots>all</robots><author>klhunter</author></meta></en><bm><title>FE Welcomes VIP QP Wearer, Governor of Khon Kaen, Mr Manit Wattanasen! Mr Wattanasen Was The Guest of Honour at FE's Event at Khon Kaen on Friday 9th January 2009. </title><content></content><meta><description>FE Welcomes VIP QP Wearer, Governor of Khon Kaen, Mr Manit Wattanasen ! Mr Wattanasen was the guest of honour at FE's event at Khon Kaen on Friday 9th January 2009.</description><keyword>FE Welcomes VIP QP Wearer, Governor of Khon Kaen, Mr Manit Wattanasen! Mr Wattanasen Was The Guest of Honour at FE's Event at Khon Kaen on Friday 9th January 2009. </keyword><robots>all</robots><author>klhunter</author></meta></bm><chi><title>FE Welcomes VIP QP Wearer, Governor of Khon Kaen, Mr Manit Wattanasen! Mr Wattanasen Was The Guest of Honour at FE's Event at Khon Kaen on Friday 9th January 2009. </title><content></content><meta><description>FE Welcomes VIP QP Wearer, Governor of Khon Kaen, Mr Manit Wattanasen ! Mr Wattanasen was the guest of honour at FE's event at Khon Kaen on Friday 9th January 2009.</description><keyword>FE Welcomes VIP QP Wearer, Governor of Khon Kaen, Mr Manit Wattanasen! Mr Wattanasen Was The Guest of Honour at FE's Event at Khon Kaen on Friday 9th January 2009. </keyword><robots>all</robots><author>klhunter</author></meta></chi></article>