<?xml version='1.0' encoding='utf-8'?><article><en><title>FE Congratulates QP Wearer Low Wee Wern for Winning Asian Junior Squash Championship in Chennai! </title><content>&lt;table border=&quot;0&quot; cellpadding=&quot;0&quot; cellspacing=&quot;0&quot; width=&quot;100%&quot;&gt;
	&lt;tbody&gt;
		&lt;tr&gt;
			&lt;td class=&quot;conthead&quot; style=&quot;text-align:justify&quot; valign=&quot;top&quot;&gt;
				&amp;nbsp;&lt;/td&gt;
		&lt;/tr&gt;
		&lt;tr&gt;
			&lt;th scope=&quot;col&quot;&gt;
				&lt;table border=&quot;0&quot; cellpadding=&quot;0&quot; cellspacing=&quot;0&quot; width=&quot;100%&quot;&gt;
					&lt;tbody&gt;
						&lt;tr&gt;
							&lt;td align=&quot;center&quot; height=&quot;301&quot; valign=&quot;top&quot; width=&quot;718&quot;&gt;
								&lt;p&gt;
									&lt;img height=&quot;1611&quot; src=&quot;http://fusionexcel.com/imgnews/news_low_wee_wern.gif&quot; width=&quot;639&quot; /&gt;&lt;/p&gt;
							&lt;/td&gt;
						&lt;/tr&gt;
					&lt;/tbody&gt;
				&lt;/table&gt;
			&lt;/th&gt;
		&lt;/tr&gt;
	&lt;/tbody&gt;
&lt;/table&gt;
&lt;p&gt;
	&amp;nbsp;&lt;/p&gt;
</content><meta><description>FE Congratulates QP Wearer Low Wee Wern for Winning Asian Junior Squash Championship in 
Chennai!</description><keyword>FE Congratulates QP Wearer Low Wee Wern for Winning Asian Junior Squash Championship in Chennai! </keyword><robots>all</robots><author>klhunter</author></meta></en><bm><title>FE Congratulates QP Wearer Low Wee Wern for Winning Asian Junior Squash Championship in Chennai! </title><content></content><meta><description>FE Congratulates QP Wearer Low Wee Wern for Winning Asian Junior Squash Championship in 
Chennai!</description><keyword>FE Congratulates QP Wearer Low Wee Wern for Winning Asian Junior Squash Championship in Chennai! </keyword><robots>all</robots><author>klhunter</author></meta></bm><chi><title>FE Congratulates QP Wearer Low Wee Wern for Winning Asian Junior Squash Championship in Chennai! </title><content></content><meta><description>FE Congratulates QP Wearer Low Wee Wern for Winning Asian Junior Squash Championship in 
Chennai!</description><keyword>FE Congratulates QP Wearer Low Wee Wern for Winning Asian Junior Squash Championship in Chennai! </keyword><robots>all</robots><author>klhunter</author></meta></chi></article>