<?xml version="1.0" encoding="utf-8"?>
<article><en><title>Official Appointment</title><content>&lt;table border="0" cellpadding="0" cellspacing="0" style="color: rgb(0, 0, 0); font-family: 'Times New Roman'; background-color: rgb(238, 240, 252); font-size: medium; " width="100%"&gt;
	&lt;tbody&gt;
		&lt;tr&gt;
			&lt;td class="content" style="font-family: Verdana, Arial, Helvetica, sans-serif; font-size: 13px; text-align: justify; " valign="top"&gt;
				FusionExcel is pleased to announce the official appointment of International Badminton Champion, Foo Kok Keong, as FusionExcel International&amp;nbsp;Sports Advisor&amp;nbsp;for our amazing Quantum Pendant. Foo Kok Keong&amp;#39;s personal experiences and endorsement of FE&amp;#39;s Quantum Pendant will take FusionExcel to the next level of growth. Welcome, Foo Kok Keong!&lt;/td&gt;
		&lt;/tr&gt;
		&lt;tr&gt;
			&lt;td class="content" style="font-family: Verdana, Arial, Helvetica, sans-serif; font-size: 13px; text-align: justify; " valign="top"&gt;
				&amp;nbsp;&lt;/td&gt;
		&lt;/tr&gt;
		&lt;tr&gt;
			&lt;td valign="top"&gt;
				&lt;strong&gt;&lt;a class="content style2" href="http://fusionexcel.com/products_testimonials.html#7" style="font-family: Verdana, Arial, Helvetica, sans-serif; font-size: 13px; color: rgb(255, 0, 0); text-align: justify; "&gt;Click Here to Read Foo Kok Keong&amp;#39;s Testimonial&lt;/a&gt;&lt;/strong&gt;&lt;/td&gt;
		&lt;/tr&gt;
		&lt;tr&gt;
			&lt;td valign="top"&gt;
				&amp;nbsp;&lt;/td&gt;
		&lt;/tr&gt;
		&lt;tr&gt;
			&lt;td valign="top"&gt;
				&lt;table border="0" cellpadding="0" cellspacing="0" width="100%"&gt;
					&lt;tbody&gt;
						&lt;tr&gt;
							&lt;td valign="top" width="25%"&gt;
								&lt;img height="260" src="http://fusionexcel.com/imgnews/news_spokesman_fookokkeong01.jpg" width="225" /&gt;&lt;/td&gt;
							&lt;td align="center" valign="top" width="5%"&gt;
								&amp;nbsp;&lt;/td&gt;
							&lt;td align="right" valign="top" width="70%"&gt;
								&lt;img height="260" src="http://fusionexcel.com/imgnews/news_spokesman_fookokkeong02.jpg" width="480" /&gt;&lt;/td&gt;
						&lt;/tr&gt;
					&lt;/tbody&gt;
				&lt;/table&gt;
			&lt;/td&gt;
		&lt;/tr&gt;
	&lt;/tbody&gt;
&lt;/table&gt;
</content><meta><description>FusionExcel is pleased to announce the official appointment of International Badminton Champion, Foo Kok Keong, as FusionExcel International Sports Advisor for our amazing Quantum Pendant. Foo Kok Keong's personal experiences and endorsement of FE's Quantum Pendant will take FusionExcel to the next level of growth. Welcome, Foo Kok Keong!</description><keyword></keyword><robots>all</robots><author>klhunter</author></meta></en><bm><title>FE Welcomes QP Wearer, Muay Thai Boxing Champion Narunat!</title><content></content><meta><description>FE is proud to present FE's Quantum Pendant to Muay Thai Boxing Champion Narunat after his knock-out win in front of 4,000 audience in Bangkok recently. Presenting the Quantum Pendant was FE's Thai Country Licensee, Don Chan. The fight was broadcast live to 20 million viewers on Thailand's popular Channel 7.</description><keyword>FE Welcomes QP Wearer, Muay Thai Boxing Champion Narunat!</keyword><robots>all</robots><author>klhunter</author></meta></bm><chi><title>FE Welcomes QP Wearer, Muay Thai Boxing Champion Narunat!</title><content></content><meta><description>FE is proud to present FE's Quantum Pendant to Muay Thai Boxing Champion Narunat after his knock-out win in front of 4,000 audience in Bangkok recently. Presenting the Quantum Pendant was FE's Thai Country Licensee, Don Chan. The fight was broadcast live to 20 million viewers on Thailand's popular Channel 7.</description><keyword>FE Welcomes QP Wearer, Muay Thai Boxing Champion Narunat!</keyword><robots>all</robots><author>klhunter</author></meta></chi></article>
