<?xml version="1.0" encoding="utf-8"?>
<article><en><title>Official Appoinment</title><content>&lt;table border="0" cellpadding="0" cellspacing="0" style="color: rgb(0, 0, 0); font-family: 'Times New Roman'; background-color: rgb(238, 240, 252); font-size: medium; " width="100%"&gt;
	&lt;tbody&gt;
		&lt;tr&gt;
			&lt;td class="content" style="font-family: Verdana, Arial, Helvetica, sans-serif; font-size: 13px; text-align: justify; " valign="top"&gt;
				FusionExcel is pleased to announce the official appointment of Champion Body Builder, Malek Noor, as our company&amp;#39;s spokesman for our amazing Quantum Pendant. Malek Noor&amp;#39;s personal experiences and endorsement of FE&amp;#39;s Quantum Pendant will take FusionExcel to the next level of growth. It is a great way to start New Year 2007! Welcome, Malek!&lt;/td&gt;
		&lt;/tr&gt;
		&lt;tr&gt;
			&lt;td valign="top"&gt;
				&amp;nbsp;&lt;/td&gt;
		&lt;/tr&gt;
		&lt;tr&gt;
			&lt;td valign="top"&gt;
				&lt;strong&gt;&lt;a class="style1" href="http://fusionexcel.com/products_testimonials.html#5" style="color: rgb(255, 0, 0); "&gt;Click Here to Read Malek Noor&amp;#39;s Testimonial&lt;/a&gt;&lt;/strong&gt;&lt;/td&gt;
		&lt;/tr&gt;
		&lt;tr&gt;
			&lt;td valign="top"&gt;
				&amp;nbsp;&lt;/td&gt;
		&lt;/tr&gt;
		&lt;tr&gt;
			&lt;td valign="top"&gt;
				&lt;img height="274" src="http://fusionexcel.com/imgnews/news_spokesman_maleknoor.jpg" width="366" /&gt;&lt;/td&gt;
		&lt;/tr&gt;
	&lt;/tbody&gt;
&lt;/table&gt;
&lt;p&gt;
	&amp;nbsp;&lt;/p&gt;
</content><meta><description>FusionExcel is pleased to announce the official appointment of Champion Body Builder, Malek Noor, as our company's spokesman for our amazing Quantum Pendant. Malek Noor's personal experiences and endorsement of FE's Quantum Pendant will take FusionExcel to the next level of growth. It is a great way to start New Year 2007! Welcome, Malek</description><keyword></keyword><robots>all</robots><author>klhunter</author></meta><alt_title>Malek Noor, FusionExcel Spokesman.</alt_title></en><bm><title>Official Appointment</title><content></content><meta><description>fookokkeong</description><keyword>fookokkeong</keyword><robots>all</robots><author>klhunter</author></meta><alt_title></alt_title></bm><chi><title>Official Appointment</title><content></content><meta><description>fookokkeong</description><keyword>fookokkeong</keyword><robots>all</robots><author>klhunter</author></meta><alt_title></alt_title></chi></article>
