<?xml version='1.0' encoding='utf-8'?><article><en><title>FE Welcomes QP Wearer, Benigno N. Ricafort, President &amp; CEO, Clark Development Corporation, Philippines! </title><content>&lt;table border=&quot;0&quot; cellpadding=&quot;0&quot; cellspacing=&quot;0&quot; width=&quot;100%&quot;&gt;
	&lt;tbody&gt;
		&lt;tr&gt;
			&lt;td valign=&quot;top&quot; width=&quot;740&quot;&gt;
				&lt;table border=&quot;0&quot; cellpadding=&quot;0&quot; cellspacing=&quot;0&quot; width=&quot;100%&quot;&gt;
					&lt;tbody&gt;
						&lt;tr&gt;
							&lt;td bgcolor=&quot;#999999&quot; valign=&quot;top&quot;&gt;
								&lt;table border=&quot;0&quot; cellpadding=&quot;10&quot; cellspacing=&quot;1&quot; width=&quot;100%&quot;&gt;
									&lt;tbody&gt;
										&lt;tr&gt;
											&lt;td bgcolor=&quot;#EEF0FC&quot; height=&quot;943&quot; valign=&quot;top&quot;&gt;
												&lt;table border=&quot;0&quot; cellpadding=&quot;0&quot; cellspacing=&quot;0&quot; width=&quot;100%&quot;&gt;
													&lt;tbody&gt;
														&lt;tr&gt;
															&lt;td class=&quot;content&quot; valign=&quot;top&quot;&gt;
																FE Welcomes QP Wearer, Benigno N. Ricafort, President &amp;amp; CEO of Clark Development Corporation, Philippines (which operates Clark Freeport and Airport). Benigno was a former Rotary District Governor of Metro Manila. He is seen here doing demos with FE&amp;#39;s Quantum Pendant together with FE&amp;#39;s CEO Paul Ting, Thai Country Licensee, Don Chan, PD Art Medina, PD Judge Medina and FE Leader Mae Heredia (Architect). Benigno was with FE to discuss the &amp;quot;Hope For Children&amp;quot; Charity Drive initiated by FE.&lt;br /&gt;
																&amp;nbsp;&lt;/td&gt;
														&lt;/tr&gt;
														&lt;tr&gt;
															&lt;td class=&quot;content&quot; valign=&quot;top&quot;&gt;
																&lt;table border=&quot;0&quot; cellpadding=&quot;0&quot; cellspacing=&quot;0&quot; class=&quot;content&quot; width=&quot;100%&quot;&gt;
																	&lt;tbody&gt;
																		&lt;tr&gt;
																			&lt;td align=&quot;left&quot; height=&quot;226&quot; valign=&quot;top&quot;&gt;
																				&lt;img height=&quot;266&quot; src=&quot;http://fusionexcel.com/imgnews/news_benigno_1.jpg&quot; width=&quot;354&quot; /&gt;&lt;/td&gt;
																			&lt;td align=&quot;right&quot; height=&quot;226&quot; valign=&quot;top&quot;&gt;
																				&lt;img height=&quot;266&quot; src=&quot;http://fusionexcel.com/imgnews/news_benigno_2.jpg&quot; width=&quot;354&quot; /&gt;&lt;/td&gt;
																		&lt;/tr&gt;
																		&lt;tr&gt;
																			&lt;td align=&quot;center&quot; colspan=&quot;2&quot; height=&quot;226&quot; valign=&quot;top&quot;&gt;
																				&lt;img height=&quot;336&quot; src=&quot;http://fusionexcel.com/imgnews/news_benigno_3.jpg&quot; width=&quot;448&quot; /&gt;&lt;/td&gt;
																		&lt;/tr&gt;
																	&lt;/tbody&gt;
																&lt;/table&gt;
															&lt;/td&gt;
														&lt;/tr&gt;
													&lt;/tbody&gt;
												&lt;/table&gt;
											&lt;/td&gt;
										&lt;/tr&gt;
									&lt;/tbody&gt;
								&lt;/table&gt;
							&lt;/td&gt;
						&lt;/tr&gt;
					&lt;/tbody&gt;
				&lt;/table&gt;
			&lt;/td&gt;
		&lt;/tr&gt;
	&lt;/tbody&gt;
&lt;/table&gt;
&lt;p&gt;
	&amp;nbsp;&lt;/p&gt;
</content><meta><description>FE Welcomes QP Wearer, Benigno N. Ricafort, President &amp;amp; CEO of Clark Development Corporation, Philippines (which operates Clark Freeport and Airport). Benigno was a former Rotary District Governor of Metro Manila. He is seen here doing demos with FE's Quantum Pendant together with FE's CEO Paul Ting, Thai Country Licensee, Don Chan, PD Art Medina, PD Judge Medina and FE Leader Mae Heredia (Architect). Benigno was with FE to discuss the &amp;quot;Hope For Children&amp;quot; Charity Drive initiated by FE.</description><keyword>FE Welcomes QP Wearer, Benigno N. Ricafort, President &amp; CEO, Clark Development Corporation, Philippines! </keyword><robots>all</robots><author>klhunter</author></meta></en><bm><title>FE Welcomes QP Wearer, Benigno N. Ricafort, President &amp; CEO, Clark Development Corporation, Philippines! </title><content></content><meta><description>FE Welcomes QP Wearer, Benigno N. Ricafort, President &amp;amp; CEO of Clark Development Corporation, Philippines (which operates Clark Freeport and Airport). Benigno was a former Rotary District Governor of Metro Manila. He is seen here doing demos with FE's Quantum Pendant together with FE's CEO Paul Ting, Thai Country Licensee, Don Chan, PD Art Medina, PD Judge Medina and FE Leader Mae Heredia (Architect). Benigno was with FE to discuss the &amp;quot;Hope For Children&amp;quot; Charity Drive initiated by FE.</description><keyword>FE Welcomes QP Wearer, Benigno N. Ricafort, President &amp; CEO, Clark Development Corporation, Philippines! </keyword><robots>all</robots><author>klhunter</author></meta></bm><chi><title>FE Welcomes QP Wearer, Benigno N. Ricafort, President &amp; CEO, Clark Development Corporation, Philippines! </title><content></content><meta><description>FE Welcomes QP Wearer, Benigno N. Ricafort, President &amp;amp; CEO of Clark Development Corporation, Philippines (which operates Clark Freeport and Airport). Benigno was a former Rotary District Governor of Metro Manila. He is seen here doing demos with FE's Quantum Pendant together with FE's CEO Paul Ting, Thai Country Licensee, Don Chan, PD Art Medina, PD Judge Medina and FE Leader Mae Heredia (Architect). Benigno was with FE to discuss the &amp;quot;Hope For Children&amp;quot; Charity Drive initiated by FE.</description><keyword>FE Welcomes QP Wearer, Benigno N. Ricafort, President &amp; CEO, Clark Development Corporation, Philippines! </keyword><robots>all</robots><author>klhunter</author></meta></chi></article>