<?xml version="1.0" encoding="utf-8"?>
<article><en><title>Malek Noor in Kuching, 08th February 2007.</title><content>&lt;p&gt;
	&amp;nbsp;&lt;/p&gt;
&lt;table border="0" cellpadding="0" cellspacing="0" style="color: rgb(0, 0, 0); font-family: 'Times New Roman'; font-size: medium; " width="100%"&gt;
	&lt;tbody&gt;
		&lt;tr&gt;
			&lt;td valign="top" width="740"&gt;
				&lt;table border="0" cellpadding="0" cellspacing="0" width="100%"&gt;
					&lt;tbody&gt;
						&lt;tr&gt;
							&lt;td bgcolor="#999999" valign="top"&gt;
								&lt;table border="0" cellpadding="10" cellspacing="1" width="100%"&gt;
									&lt;tbody&gt;
										&lt;tr&gt;
											&lt;td bgcolor="#EEF0FC" height="943" valign="top"&gt;
												&lt;table border="0" cellpadding="0" cellspacing="0" width="100%"&gt;
													&lt;tbody&gt;
														&lt;tr&gt;
															&lt;td class="style1" style="font-family: Arial, Helvetica, sans-serif; text-align: justify; font-size: 14px; color: rgb(0, 0, 255); " valign="top"&gt;
																&lt;span class="content" style="font-family: Verdana, Arial, Helvetica, sans-serif; font-size: 13px; color: rgb(0, 0, 0); "&gt;Malek Noor is the guest of honour at FE&amp;#39;s Quantum Pendant Event with&amp;nbsp;&lt;br /&gt;
																Koperasi Serbaguna Pekerja - Pekerja (M) Bhd on&amp;nbsp;Thursday, 08th February 2007, 7.30 pm at Harbour View Hotel, Lorong Temple, Kuching,Malaysia.&lt;/span&gt;&lt;/td&gt;
														&lt;/tr&gt;
														&lt;tr&gt;
															&lt;td class="content" style="font-family: Verdana, Arial, Helvetica, sans-serif; font-size: 13px; text-align: justify; " valign="top"&gt;
																&lt;table border="0" cellpadding="0" cellspacing="0" width="100%"&gt;
																	&lt;tbody&gt;
																		&lt;tr valign="top"&gt;
																			&lt;td&gt;
																				&lt;table border="0" cellpadding="0" cellspacing="0" width="100%"&gt;
																					&lt;tbody&gt;
																						&lt;tr&gt;
																							&lt;td&gt;
																								&lt;img height="240" src="http://fusionexcel.com/imgnews/maleknoorkuching01.jpg" width="354" /&gt;&lt;/td&gt;
																							&lt;td align="right"&gt;
																								&lt;img height="240" src="http://fusionexcel.com/imgnews/maleknoorkuching02.jpg" width="354" /&gt;&lt;/td&gt;
																						&lt;/tr&gt;
																					&lt;/tbody&gt;
																				&lt;/table&gt;
																			&lt;/td&gt;
																		&lt;/tr&gt;
																		&lt;tr valign="top"&gt;
																			&lt;td&gt;
																				&lt;table border="0" cellpadding="0" cellspacing="0" width="100%"&gt;
																					&lt;tbody&gt;
																						&lt;tr&gt;
																							&lt;td&gt;
																								&lt;img height="240" src="http://fusionexcel.com/imgnews/maleknoorkuching03.jpg" width="354" /&gt;&lt;/td&gt;
																							&lt;td align="right"&gt;
																								&lt;img height="240" src="http://fusionexcel.com/imgnews/maleknoorkuching04.jpg" width="354" /&gt;&lt;/td&gt;
																						&lt;/tr&gt;
																					&lt;/tbody&gt;
																				&lt;/table&gt;
																			&lt;/td&gt;
																		&lt;/tr&gt;
																		&lt;tr valign="top"&gt;
																			&lt;td&gt;
																				&lt;table border="0" cellpadding="0" cellspacing="0" width="100%"&gt;
																					&lt;tbody&gt;
																						&lt;tr&gt;
																							&lt;td&gt;
																								&lt;img height="240" src="http://fusionexcel.com/imgnews/maleknoorkuching05.jpg" width="354" /&gt;&lt;/td&gt;
																							&lt;td align="right"&gt;
																								&lt;img height="240" src="http://fusionexcel.com/imgnews/maleknoorkuching06.jpg" width="354" /&gt;&lt;/td&gt;
																						&lt;/tr&gt;
																					&lt;/tbody&gt;
																				&lt;/table&gt;
																			&lt;/td&gt;
																		&lt;/tr&gt;
																	&lt;/tbody&gt;
																&lt;/table&gt;
															&lt;/td&gt;
														&lt;/tr&gt;
													&lt;/tbody&gt;
												&lt;/table&gt;
											&lt;/td&gt;
										&lt;/tr&gt;
									&lt;/tbody&gt;
								&lt;/table&gt;
							&lt;/td&gt;
						&lt;/tr&gt;
					&lt;/tbody&gt;
				&lt;/table&gt;
			&lt;/td&gt;
		&lt;/tr&gt;
		&lt;tr&gt;
		&lt;/tr&gt;
	&lt;/tbody&gt;
&lt;/table&gt;
</content><meta><description>Jean Daniels at Headquarter</description><keyword>Jean Daniels at Headquarter</keyword><robots>all</robots><author>klhunter</author></meta></en><bm><title>Jean Daniels at Headquarter.</title><content></content><meta><description>Jean Daniels at Headquarter</description><keyword>Jean Daniels at Headquarter</keyword><robots>all</robots><author>klhunter</author></meta></bm><chi><title>Jean Daniels at Headquarter.</title><content></content><meta><description>Jean Daniels at Headquarter</description><keyword>Jean Daniels at Headquarter</keyword><robots>all</robots><author>klhunter</author></meta></chi></article>
