<?xml version='1.0' encoding='utf-8'?><article><en><title>Testimonial - Quantum Pendant</title><content>&lt;p&gt;
	Champion Aussie Boxer Daniel &amp;quot;The Rock&amp;quot; Dawson .&lt;/p&gt;
&lt;table border=&quot;0&quot; cellpadding=&quot;0&quot; cellspacing=&quot;0&quot; height=&quot;1000&quot; width=&quot;100%&quot;&gt;
	&lt;tbody&gt;
		&lt;tr&gt;
			&lt;td class=&quot;content&quot; valign=&quot;top&quot;&gt;
				&lt;table border=&quot;0&quot; cellpadding=&quot;0&quot; cellspacing=&quot;0&quot; width=&quot;100%&quot;&gt;
					&lt;tbody&gt;
						&lt;tr&gt;
							&lt;td colspan=&quot;3&quot; height=&quot;10&quot;&gt;
								Please watch Champion Aussie Boxer Daniel &amp;quot;The Rock&amp;quot; Dawson&amp;#39;s fight highlights and his drinking of energized water from FusionExcel&amp;#39;s Quantum Flask in the boxing ring during his victorious last fight and endorsement of FusionExcel products in his victory speech!&lt;/td&gt;
						&lt;/tr&gt;
						&lt;tr&gt;
							&lt;td width=&quot;10&quot;&gt;
								&amp;nbsp;&lt;/td&gt;
							&lt;td&gt;
								&lt;table border=&quot;0&quot; cellpadding=&quot;0&quot; cellspacing=&quot;0&quot; width=&quot;100%&quot;&gt;
									&lt;tbody&gt;
										&lt;tr&gt;
											&lt;td width=&quot;50%&quot;&gt;
												&lt;img height=&quot;266&quot; src=&quot;http://fusionexcel.com/imgnews/testimonial_daniel_dawson.jpg&quot; width=&quot;352&quot; /&gt;&lt;/td&gt;
											&lt;td align=&quot;right&quot; width=&quot;50%&quot;&gt;
												&lt;img height=&quot;266&quot; src=&quot;http://fusionexcel.com/imgnews/testimonial_daniel_dawson_1.jpg&quot; width=&quot;352&quot; /&gt;&lt;/td&gt;
										&lt;/tr&gt;
										&lt;tr&gt;
											&lt;td colspan=&quot;2&quot; height=&quot;10&quot;&gt;
												&amp;nbsp;&lt;/td&gt;
										&lt;/tr&gt;
										&lt;tr&gt;
											&lt;td class=&quot;content&quot; colspan=&quot;2&quot; height=&quot;10&quot;&gt;
												&lt;a href=&quot;http://www.youtube.com/watch?v=FgrpGsnNlh0&quot; target=&quot;_blank&quot;&gt;&lt;strong&gt;&amp;gt;&amp;gt; Watch Daniel Dawson Fight &lt;/strong&gt;&lt;/a&gt;&lt;br /&gt;
												&lt;br /&gt;
												&lt;strong&gt;&lt;strong&gt;&lt;a href=&quot;http://fusionexcel.com/news_daniel_dawson.html&quot;&gt;&lt;strong&gt;&amp;gt;&amp;gt; Check out Daniel Dawson &amp;ldquo;The Rock&amp;rdquo; Wins Fight in Perth! &lt;/strong&gt;&lt;/a&gt;&lt;/strong&gt;&lt;/strong&gt;&lt;/td&gt;
										&lt;/tr&gt;
									&lt;/tbody&gt;
								&lt;/table&gt;
							&lt;/td&gt;
						&lt;/tr&gt;
					&lt;/tbody&gt;
				&lt;/table&gt;
			&lt;/td&gt;
		&lt;/tr&gt;
	&lt;/tbody&gt;
&lt;/table&gt;
&lt;p&gt;
	&amp;nbsp;&lt;/p&gt;
</content><meta><description>Champion Aussie Boxer Daniel &quot;The Rock&quot; Dawson.</description><keyword>Champion Aussie Boxer, Daniel &quot;The Rock&quot; Dawson, FusionExcel's Quantum Flask.</keyword><robots>all</robots><author>klhunter</author></meta></en><bm><title>Testimonial - Quantum Pendant</title><content></content><meta><description>Champion Aussie Boxer Daniel &quot;The Rock&quot; Dawson.</description><keyword>Champion Aussie Boxer, Daniel &quot;The Rock&quot; Dawson, FusionExcel's Quantum Flask.</keyword><robots>all</robots><author>klhunter</author></meta></bm><chi><title>Testimonial - Quantum Pendant</title><content></content><meta><description>Champion Aussie Boxer Daniel &quot;The Rock&quot; Dawson.</description><keyword>Champion Aussie Boxer, Daniel &quot;The Rock&quot; Dawson, FusionExcel's Quantum Flask.</keyword><robots>all</robots><author>klhunter</author></meta></chi></article>