<?xml version='1.0' encoding='utf-8'?><article><en><title>FE Donates Baht 100,000 to Thailand Assoc of The Blind 20th February 2009!!</title><content>&lt;div align=&quot;center&quot;&gt;
	&lt;img src=&quot;http://fusionexcel.com/imgnews/char_blind_thailand.jpg&quot; /&gt;&lt;/div&gt;
&lt;p&gt;
	FE continues to support the less fortunate of society. At the recent Thailand Achievers Recognition Dinner on 20th February 2009, FE donated Baht 100,000 to the Thailand Association of The Blind. By taking the lead to support and help the less fortunate of society FE hopes to developed a culture of caring, sharing and giving amongst FE&amp;#39;s members. The multiplier effects of such social entrepreneurship on society can be enormous. FE hopes to build a legacy that will continue well into the future, something we can all be very proud of!&lt;/p&gt;
</content><meta><description>At the recent Thailand Achievers Recognition Dinner on 20th February 2009, FusionExcel donated Baht 100,000 to the Thailand Association of The Blind. By taking the lead to support and help the less fortunate of society FusionExcel hopes to develop a culture of caring, sharing and giving amongst FusionExcel's members. FusionExcel hopes to build a legacy that will continue well into the future, something we can all be very proud of!</description><keyword>Thailand Achievers Recognition Dinner, donated Baht 100,000, Thailand Association of The Blind, caring culture, build a legacy</keyword><robots>all</robots><author>klhunter</author></meta></en><bm><title>FE Donates Baht 100,000 to Thailand Assoc of The Blind 20th February 2009!!</title><content></content><meta><description>At the recent Thailand Achievers Recognition Dinner on 20th February 2009, FusionExcel donated Baht 100,000 to the Thailand Association of The Blind. By taking the lead to support and help the less fortunate of society FusionExcel hopes to develop a culture of caring, sharing and giving amongst FusionExcel's members. FusionExcel hopes to build a legacy that will continue well into the future, something we can all be very proud of!</description><keyword>Thailand Achievers Recognition Dinner, donated Baht 100,000, Thailand Association of The Blind, caring culture, build a legacy</keyword><robots>all</robots><author>klhunter</author></meta></bm><chi><title>FE Donates Baht 100,000 to Thailand Assoc of The Blind 20th February 2009!!</title><content></content><meta><description>At the recent Thailand Achievers Recognition Dinner on 20th February 2009, FusionExcel donated Baht 100,000 to the Thailand Association of The Blind. By taking the lead to support and help the less fortunate of society FusionExcel hopes to develop a culture of caring, sharing and giving amongst FusionExcel's members. FusionExcel hopes to build a legacy that will continue well into the future, something we can all be very proud of!</description><keyword>Thailand Achievers Recognition Dinner, donated Baht 100,000, Thailand Association of The Blind, caring culture, build a legacy</keyword><robots>all</robots><author>klhunter</author></meta></chi></article>