<?xml version='1.0' encoding='utf-8'?><article><en><title>FE Welcomes QP Wearer, Michael Thomas, Former Player of Liverpool Football Club, United Kingdom!</title><content>&lt;table border=&quot;0&quot; cellpadding=&quot;0&quot; cellspacing=&quot;0&quot; width=&quot;100%&quot;&gt;
	&lt;tbody&gt;
		&lt;tr&gt;
			&lt;td class=&quot;content&quot; valign=&quot;top&quot;&gt;
				&lt;div align=&quot;center&quot;&gt;
					&lt;img src=&quot;http://fusionexcel.com/imgnews/news_michael_thomas.jpg&quot; /&gt;&lt;/div&gt;
				&lt;br /&gt;
				Michael Thomas with FE Founder CEO Paul Ting, PD KC Phoon, PD James Ng and Leader Caroline Houlahan.&lt;br /&gt;
				&amp;nbsp;&lt;/td&gt;
		&lt;/tr&gt;
	&lt;/tbody&gt;
&lt;/table&gt;
&lt;p&gt;
	&amp;nbsp;&lt;/p&gt;
</content><meta><description>Michael Thomas with FE Founder CEO Paul Ting, PD KC Phoon, PD James Ng and Leader Caroline Houlahan.</description><keyword>FE Welcomes QP Wearer, Michael Thomas, Former Player of Liverpool Football Club, United Kingdom!</keyword><robots>all</robots><author>klhunter</author></meta></en><bm><title>FE Welcomes QP Wearer, Michael Thomas, Former Player of Liverpool Football Club, United Kingdom!</title><content></content><meta><description>Michael Thomas with FE Founder CEO Paul Ting, PD KC Phoon, PD James Ng and Leader Caroline Houlahan.</description><keyword>FE Welcomes QP Wearer, Michael Thomas, Former Player of Liverpool Football Club, United Kingdom!</keyword><robots>all</robots><author>klhunter</author></meta></bm><chi><title>FE Welcomes QP Wearer, Michael Thomas, Former Player of Liverpool Football Club, United Kingdom!</title><content></content><meta><description>Michael Thomas with FE Founder CEO Paul Ting, PD KC Phoon, PD James Ng and Leader Caroline Houlahan.</description><keyword>FE Welcomes QP Wearer, Michael Thomas, Former Player of Liverpool Football Club, United Kingdom!</keyword><robots>all</robots><author>klhunter</author></meta></chi></article>