<?xml version='1.0' encoding='utf-8'?><article><en><title>FusionExcel Sponsors Pahang Wheelchair Basketball Team!</title><content>&lt;table border=&quot;0&quot; cellpadding=&quot;0&quot; cellspacing=&quot;0&quot; width=&quot;100%&quot;&gt;
	&lt;tbody&gt;
		&lt;tr&gt;
			&lt;td class=&quot;conthead&quot; style=&quot;text-align:justify&quot; valign=&quot;top&quot;&gt;
				&amp;nbsp;&lt;/td&gt;
		&lt;/tr&gt;
		&lt;tr&gt;
			&lt;td&gt;
				&lt;div align=&quot;center&quot;&gt;
					&lt;img src=&quot;http://fusionexcel.com/imgnews/spn_wheelchair.jpg&quot; /&gt;&lt;/div&gt;
			&lt;/td&gt;
		&lt;/tr&gt;
		&lt;tr&gt;
			&lt;td class=&quot;content&quot;&gt;
				&lt;br /&gt;
				FusionExcel is proud to sponsor the Pahang Wheelchair Basketball Team in the Wheelchair Basketball National League Competition. The mockup cheque of RM 6,000 was presented by FusionExcel Founder CEO Paul Ting and Founder Director KS Lee to the team&amp;#39;s manager Chong Tuck Meng, who is also the Founder of Perwira K9. FusionExcel wishes the team great success in the competition!&lt;br /&gt;
				&lt;br /&gt;
				Note: Mr Chong, in his speech, was proud to announce that the Perwira K9 Wheelchair Basketball Junior Team sponsored by FusionExcel recently qualified for the World Wheelchair Basketball Competition in France this year! Congratulations!&lt;/td&gt;
		&lt;/tr&gt;
	&lt;/tbody&gt;
&lt;/table&gt;
&lt;p&gt;
	&amp;nbsp;&lt;/p&gt;
</content><meta><description>FusionExcel is proud to sponsor the Pahang Wheelchair Basketball Team in the Wheelchair Basketball National League Competition.</description><keyword>

FusionExcel is proud to sponsor the Pahang Wheelchair Basketball Team in the Wheelchair Basketball National League Competition. The mockup cheque of RM 6,000 was presented by FusionExcel Founder CEO Paul Ting and Founder Director KS Lee to the team's manager Chong Tuck Meng, who is also the Founder of Perwira K9. FusionExcel wishes the team great success in the competition!

Note: Mr Chong, in his speech, was proud to announce that the Perwira K9 Wheelchair Basketball Junior Team sponsored by FusionExcel recently qualified for the World Wheelchair Basketball Competition in France this year! Congratulations!
</keyword><robots>all</robots><author>klhunter</author></meta></en><bm><title>FusionExcel Sponsors Pahang Wheelchair Basketball Team!</title><content></content><meta><description>FusionExcel is proud to sponsor the Pahang Wheelchair Basketball Team in the Wheelchair Basketball National League Competition.</description><keyword>

FusionExcel is proud to sponsor the Pahang Wheelchair Basketball Team in the Wheelchair Basketball National League Competition. The mockup cheque of RM 6,000 was presented by FusionExcel Founder CEO Paul Ting and Founder Director KS Lee to the team's manager Chong Tuck Meng, who is also the Founder of Perwira K9. FusionExcel wishes the team great success in the competition!

Note: Mr Chong, in his speech, was proud to announce that the Perwira K9 Wheelchair Basketball Junior Team sponsored by FusionExcel recently qualified for the World Wheelchair Basketball Competition in France this year! Congratulations!
</keyword><robots>all</robots><author>klhunter</author></meta></bm><chi><title>FusionExcel Sponsors Pahang Wheelchair Basketball Team!</title><content></content><meta><description>FusionExcel is proud to sponsor the Pahang Wheelchair Basketball Team in the Wheelchair Basketball National League Competition.</description><keyword>

FusionExcel is proud to sponsor the Pahang Wheelchair Basketball Team in the Wheelchair Basketball National League Competition. The mockup cheque of RM 6,000 was presented by FusionExcel Founder CEO Paul Ting and Founder Director KS Lee to the team's manager Chong Tuck Meng, who is also the Founder of Perwira K9. FusionExcel wishes the team great success in the competition!

Note: Mr Chong, in his speech, was proud to announce that the Perwira K9 Wheelchair Basketball Junior Team sponsored by FusionExcel recently qualified for the World Wheelchair Basketball Competition in France this year! Congratulations!
</keyword><robots>all</robots><author>klhunter</author></meta></chi></article>