<?xml version='1.0' encoding='utf-8'?><article><en><title>FE Welcomes QP Wearer, Philippines' Former First Lady Imelda Marcos!</title><content>&lt;table border=&quot;0&quot; cellpadding=&quot;0&quot; cellspacing=&quot;0&quot; width=&quot;100%&quot;&gt;
	&lt;tbody&gt;
		&lt;tr&gt;
			&lt;td valign=&quot;top&quot; width=&quot;740&quot;&gt;
				&lt;table border=&quot;0&quot; cellpadding=&quot;0&quot; cellspacing=&quot;0&quot; width=&quot;100%&quot;&gt;
					&lt;tbody&gt;
						&lt;tr&gt;
							&lt;td bgcolor=&quot;#999999&quot; valign=&quot;top&quot;&gt;
								&lt;table border=&quot;0&quot; cellpadding=&quot;10&quot; cellspacing=&quot;1&quot; width=&quot;100%&quot;&gt;
									&lt;tbody&gt;
										&lt;tr&gt;
											&lt;td bgcolor=&quot;#EEF0FC&quot; valign=&quot;top&quot;&gt;
												&lt;table border=&quot;0&quot; cellpadding=&quot;0&quot; cellspacing=&quot;0&quot; width=&quot;100%&quot;&gt;
													&lt;tbody&gt;
														&lt;tr&gt;
															&lt;td class=&quot;content&quot; valign=&quot;top&quot;&gt;
																Philippines&amp;#39; former First Lady Imelda R. Marcos is now a happy wearer and endorser of FE&amp;#39;s Quantum Products.&lt;br /&gt;
																&lt;br /&gt;
																Mrs Imelda R. Marcos congratulates FusionExcel International for bringing Quantum Science Products such as Quantum Pendant, Bracelets and Sports Flask that produce natural Scalar Energy which is promoting good health to our body.&lt;br /&gt;
																&lt;br /&gt;
																Photo shows FE Presidential Director Pastor Art Medina, FE Leader Jimmy Dee, ED Em Torre, Former First Lady Imelda R. Marcos, Director Mae Heredia, Mrs Sonia Mathay, and Former Congressman Chuck Mathay.&lt;br /&gt;
																&amp;nbsp;&lt;/td&gt;
														&lt;/tr&gt;
														&lt;tr&gt;
															&lt;td class=&quot;content&quot; valign=&quot;top&quot;&gt;
																&lt;table border=&quot;0&quot; cellpadding=&quot;0&quot; cellspacing=&quot;0&quot; width=&quot;100%&quot;&gt;
																	&lt;tbody&gt;
																		&lt;tr&gt;
																			&lt;td align=&quot;center&quot;&gt;
																				&lt;img height=&quot;298&quot; src=&quot;http://fusionexcel.com/imgnews/news_former_first_lady_1.jpg&quot; width=&quot;448&quot; /&gt;&lt;/td&gt;
																		&lt;/tr&gt;
																		&lt;tr&gt;
																			&lt;td align=&quot;center&quot;&gt;
																				&lt;img height=&quot;298&quot; src=&quot;http://fusionexcel.com/imgnews/news_former_first_lady_2.jpg&quot; width=&quot;448&quot; /&gt;&lt;/td&gt;
																		&lt;/tr&gt;
																		&lt;tr&gt;
																			&lt;td align=&quot;center&quot;&gt;
																				&lt;img alt=&quot;&quot; height=&quot;298&quot; src=&quot;http://fusionexcel.com/imgnews/news_former_first_lady_3.jpg&quot; width=&quot;448&quot; /&gt;&lt;/td&gt;
																		&lt;/tr&gt;
																	&lt;/tbody&gt;
																&lt;/table&gt;
															&lt;/td&gt;
														&lt;/tr&gt;
													&lt;/tbody&gt;
												&lt;/table&gt;
											&lt;/td&gt;
										&lt;/tr&gt;
									&lt;/tbody&gt;
								&lt;/table&gt;
							&lt;/td&gt;
						&lt;/tr&gt;
					&lt;/tbody&gt;
				&lt;/table&gt;
			&lt;/td&gt;
		&lt;/tr&gt;
	&lt;/tbody&gt;
&lt;/table&gt;
&lt;p&gt;
	&amp;nbsp;&lt;/p&gt;
</content><meta><description>Philippines' former First Lady Imelda R. Marcos is now a happy wearer and endorser of FE's Quantum Products.

Mrs Imelda R. Marcos congratulates FusionExcel International for bringing Quantum Science Products such as Quantum Pendant, Bracelets and Sports Flask that produce natural Scalar Energy which is promoting good health to our body.

Photo shows FE Presidential Director Pastor Art Medina, FE Leader Jimmy Dee, ED Em Torre, Former First Lady Imelda R. Marcos, Director Mae Heredia, Mrs Sonia Mathay, and Former Congressman Chuck Mathay.</description><keyword>FE Welcomes QP Wearer, Philippines' Former First Lady Imelda Marcos!</keyword><robots>all</robots><author>klhunter</author></meta></en><bm><title>FE Welcomes QP Wearer, Philippines' Former First Lady Imelda Marcos!</title><content></content><meta><description>Philippines' former First Lady Imelda R. Marcos is now a happy wearer and endorser of FE's Quantum Products.

Mrs Imelda R. Marcos congratulates FusionExcel International for bringing Quantum Science Products such as Quantum Pendant, Bracelets and Sports Flask that produce natural Scalar Energy which is promoting good health to our body.

Photo shows FE Presidential Director Pastor Art Medina, FE Leader Jimmy Dee, ED Em Torre, Former First Lady Imelda R. Marcos, Director Mae Heredia, Mrs Sonia Mathay, and Former Congressman Chuck Mathay.</description><keyword>FE Welcomes QP Wearer, Philippines' Former First Lady Imelda Marcos!</keyword><robots>all</robots><author>klhunter</author></meta></bm><chi><title>FE Welcomes QP Wearer, Philippines' Former First Lady Imelda Marcos!</title><content></content><meta><description>Philippines' former First Lady Imelda R. Marcos is now a happy wearer and endorser of FE's Quantum Products.

Mrs Imelda R. Marcos congratulates FusionExcel International for bringing Quantum Science Products such as Quantum Pendant, Bracelets and Sports Flask that produce natural Scalar Energy which is promoting good health to our body.

Photo shows FE Presidential Director Pastor Art Medina, FE Leader Jimmy Dee, ED Em Torre, Former First Lady Imelda R. Marcos, Director Mae Heredia, Mrs Sonia Mathay, and Former Congressman Chuck Mathay.</description><keyword>FE Welcomes QP Wearer, Philippines' Former First Lady Imelda Marcos!</keyword><robots>all</robots><author>klhunter</author></meta></chi></article>