<?xml version="1.0" encoding="utf-8"?>
<article><en><title>Deepavali Open House, 05th November 2006.</title><content>&lt;p style="text-align: justify;"&gt;
	&amp;nbsp;FusionExcel would like to thank all our members for making our Deepavali Open House a great success!&lt;/p&gt;
&lt;table border="0" cellpadding="0" cellspacing="0" width="100%"&gt;
	&lt;tbody&gt;
		&lt;tr align="center" valign="top"&gt;
			&lt;td width="50"&gt;
				&amp;nbsp;&lt;/td&gt;
		&lt;/tr&gt;
		&lt;tr valign="top"&gt;
			&lt;td&gt;
				&lt;table border="0" cellpadding="0" cellspacing="0" width="100%"&gt;
					&lt;tbody&gt;
						&lt;tr&gt;
							&lt;td width="20"&gt;
								&lt;img height="263" src="http://fusionexcel.com/imgnews/deepavali01.jpg" width="354" /&gt;&lt;/td&gt;
							&lt;td width="10"&gt;
								&amp;nbsp;&lt;/td&gt;
							&lt;td width="20"&gt;
								&lt;img height="263" src="http://fusionexcel.com/imgnews/deepavali02.jpg" width="354" /&gt;&lt;/td&gt;
						&lt;/tr&gt;
					&lt;/tbody&gt;
				&lt;/table&gt;
			&lt;/td&gt;
		&lt;/tr&gt;
		&lt;tr valign="top"&gt;
			&lt;td&gt;
				&lt;table border="0" cellpadding="0" cellspacing="0" width="100%"&gt;
					&lt;tbody&gt;
						&lt;tr&gt;
							&lt;td&gt;
								&lt;img height="263" src="http://fusionexcel.com/imgnews/deepavali03.jpg" width="354" /&gt;&lt;/td&gt;
							&lt;td width="10"&gt;
								&lt;p&gt;
									&amp;nbsp;&lt;/p&gt;
							&lt;/td&gt;
							&lt;td&gt;
								&lt;img height="263" src="http://fusionexcel.com/imgnews/deepavali04.jpg" width="354" /&gt;&lt;/td&gt;
						&lt;/tr&gt;
					&lt;/tbody&gt;
				&lt;/table&gt;
			&lt;/td&gt;
		&lt;/tr&gt;
		&lt;tr valign="top"&gt;
			&lt;td&gt;
				&lt;table border="0" cellpadding="0" cellspacing="0" width="100%"&gt;
					&lt;tbody&gt;
						&lt;tr&gt;
							&lt;td&gt;
								&lt;img height="263" src="http://fusionexcel.com/imgnews/deepavali05.jpg" width="354" /&gt;&lt;/td&gt;
							&lt;td width="10"&gt;
								&amp;nbsp;&lt;/td&gt;
							&lt;td&gt;
								&lt;img height="263" src="http://fusionexcel.com/imgnews/deepavali06.jpg" width="354" /&gt;&lt;/td&gt;
						&lt;/tr&gt;
					&lt;/tbody&gt;
				&lt;/table&gt;
			&lt;/td&gt;
		&lt;/tr&gt;
		&lt;tr valign="top"&gt;
			&lt;td&gt;
				&lt;table border="0" cellpadding="0" cellspacing="0" width="100%"&gt;
					&lt;tbody&gt;
						&lt;tr&gt;
							&lt;td&gt;
								&lt;img height="263" src="http://fusionexcel.com/imgnews/deepavali07.jpg" width="354" /&gt;&lt;/td&gt;
							&lt;td width="10"&gt;
								&amp;nbsp;&lt;/td&gt;
							&lt;td&gt;
								&lt;img height="263" src="http://fusionexcel.com/imgnews/deepavali08.jpg" width="354" /&gt;&lt;/td&gt;
						&lt;/tr&gt;
					&lt;/tbody&gt;
				&lt;/table&gt;
			&lt;/td&gt;
		&lt;/tr&gt;
		&lt;tr valign="top"&gt;
			&lt;td&gt;
				&lt;table border="0" cellpadding="0" cellspacing="0" width="100%"&gt;
					&lt;tbody&gt;
						&lt;tr&gt;
							&lt;td&gt;
								&lt;img height="263" src="http://fusionexcel.com/imgnews/deepavali09.jpg" width="354" /&gt;&lt;/td&gt;
							&lt;td width="10"&gt;
								&lt;p&gt;
									&amp;nbsp;&lt;/p&gt;
							&lt;/td&gt;
							&lt;td&gt;
								&lt;img height="263" src="http://fusionexcel.com/imgnews/deepavali10.jpg" width="354" /&gt;&lt;/td&gt;
						&lt;/tr&gt;
					&lt;/tbody&gt;
				&lt;/table&gt;
			&lt;/td&gt;
		&lt;/tr&gt;
		&lt;tr valign="top"&gt;
			&lt;td height="10"&gt;
				&amp;nbsp;&lt;/td&gt;
		&lt;/tr&gt;
	&lt;/tbody&gt;
&lt;/table&gt;
</content><meta><description>FusionExcel would like to thank all our members for making our Deepavali Open House a great success!</description><keyword></keyword><robots>all</robots><author>klhunter</author></meta></en><bm><title>Sales Cancellations Policy.</title><content></content><meta><description>Sales Cancellations Policy.</description><keyword>Sales Cancellations Policy.</keyword><robots>all</robots><author>klhunter</author></meta></bm><chi><title>Sales Cancellations Policy.</title><content></content><meta><description>Sales Cancellations Policy.</description><keyword>Sales Cancellations Policy.</keyword><robots>all</robots><author>klhunter</author></meta></chi></article>
