<?xml version='1.0' encoding='utf-8'?><article><en><title>FE Welcomes VIP QP Wearer, Ambassador Preciosa Soliven of the Philippines! </title><content>&lt;table border=&quot;0&quot; cellpadding=&quot;0&quot; cellspacing=&quot;0&quot; width=&quot;100%&quot;&gt;
	&lt;tbody&gt;
		&lt;tr&gt;
			&lt;td valign=&quot;top&quot; width=&quot;740&quot;&gt;
				&lt;table border=&quot;0&quot; cellpadding=&quot;0&quot; cellspacing=&quot;0&quot; width=&quot;100%&quot;&gt;
					&lt;tbody&gt;
						&lt;tr&gt;
							&lt;td bgcolor=&quot;#999999&quot; valign=&quot;top&quot;&gt;
								&lt;table border=&quot;0&quot; cellpadding=&quot;10&quot; cellspacing=&quot;1&quot; width=&quot;100%&quot;&gt;
									&lt;tbody&gt;
										&lt;tr&gt;
											&lt;td bgcolor=&quot;#EEF0FC&quot; valign=&quot;top&quot;&gt;
												&lt;table border=&quot;0&quot; cellpadding=&quot;0&quot; cellspacing=&quot;0&quot; width=&quot;100%&quot;&gt;
													&lt;tbody&gt;
														&lt;tr&gt;
															&lt;td class=&quot;content&quot; valign=&quot;top&quot;&gt;
																&lt;table border=&quot;0&quot; cellpadding=&quot;0&quot; cellspacing=&quot;0&quot; class=&quot;content&quot; width=&quot;100%&quot;&gt;
																	&lt;tbody&gt;
																		&lt;tr&gt;
																			&lt;td align=&quot;center&quot; colspan=&quot;2&quot; height=&quot;226&quot; valign=&quot;top&quot;&gt;
																				&lt;img height=&quot;350&quot; src=&quot;http://fusionexcel.com/imgnews/news_ambassador_precisosa_1.jpg&quot; width=&quot;618&quot; /&gt;&lt;/td&gt;
																		&lt;/tr&gt;
																		&lt;tr&gt;
																			&lt;td align=&quot;center&quot; class=&quot;header_title&quot; colspan=&quot;2&quot; height=&quot;83&quot;&gt;
																				&lt;div align=&quot;center&quot;&gt;
																					Jeremy Looi, Ambassador Preciosa S. Soliven, FE Founder Director KS Lee and Judge Lorenzo. Ambassador Soliven founded the O.B. Montessori Center (Philippines) in 1975, the largest Montessori Center in the world with 5,000 students in four branches. As Secretary General of UNESCO (United Nations Educational Scientific and Cultural Organization) National Commission of the Philippines, she helped preserve the Banaue Rice Terraces by having it declared a World Heritage Site.&lt;/div&gt;
																			&lt;/td&gt;
																		&lt;/tr&gt;
																		&lt;tr&gt;
																			&lt;td align=&quot;left&quot; height=&quot;226&quot; valign=&quot;top&quot; width=&quot;51%&quot;&gt;
																				&lt;img height=&quot;474&quot; src=&quot;http://fusionexcel.com/imgnews/news_ambassador_precisosa_2.jpg&quot; width=&quot;354&quot; /&gt;&lt;/td&gt;
																			&lt;td align=&quot;center&quot; valign=&quot;top&quot; width=&quot;49%&quot;&gt;
																				&lt;img height=&quot;278&quot; src=&quot;http://fusionexcel.com/imgnews/news_ambassador_precisosa_3.jpg&quot; width=&quot;354&quot; /&gt;&lt;/td&gt;
																		&lt;/tr&gt;
																		&lt;tr&gt;
																			&lt;td align=&quot;center&quot; class=&quot;header_title&quot; colspan=&quot;2&quot; height=&quot;40&quot;&gt;
																				&lt;div align=&quot;center&quot;&gt;
																					Her numerous awards include the UNESCO Silver Medal as Executive Council Member and the Leadership Award in the Drug Free Campaign. FE is proud to have someone of such caliber with FE!&lt;/div&gt;
																			&lt;/td&gt;
																		&lt;/tr&gt;
																	&lt;/tbody&gt;
																&lt;/table&gt;
															&lt;/td&gt;
														&lt;/tr&gt;
													&lt;/tbody&gt;
												&lt;/table&gt;
											&lt;/td&gt;
										&lt;/tr&gt;
									&lt;/tbody&gt;
								&lt;/table&gt;
							&lt;/td&gt;
						&lt;/tr&gt;
					&lt;/tbody&gt;
				&lt;/table&gt;
			&lt;/td&gt;
		&lt;/tr&gt;
	&lt;/tbody&gt;
&lt;/table&gt;
&lt;p&gt;
	&amp;nbsp;&lt;/p&gt;
</content><meta><description>FE Welcomes VIP QP Wearer, Ambassador Preciosa Soliven of the Philippines!</description><keyword>FE Welcomes VIP QP Wearer, Ambassador Preciosa Soliven of the Philippines!</keyword><robots>all</robots><author>klhunter</author></meta></en><bm><title>FE Welcomes VIP QP Wearer, Ambassador Preciosa Soliven of the Philippines! </title><content></content><meta><description>FE Welcomes VIP QP Wearer, Ambassador Preciosa Soliven of the Philippines!</description><keyword>FE Welcomes VIP QP Wearer, Ambassador Preciosa Soliven of the Philippines!</keyword><robots>all</robots><author>klhunter</author></meta></bm><chi><title>FE Welcomes VIP QP Wearer, Ambassador Preciosa Soliven of the Philippines! </title><content></content><meta><description>FE Welcomes VIP QP Wearer, Ambassador Preciosa Soliven of the Philippines!</description><keyword>FE Welcomes VIP QP Wearer, Ambassador Preciosa Soliven of the Philippines!</keyword><robots>all</robots><author>klhunter</author></meta></chi></article>