<?xml version='1.0' encoding='utf-8'?><article><en><title>FusionExcel Sponsors RM 10,000 to Vietnam Paralympics Team!</title><content>&lt;table border=&quot;0&quot; cellpadding=&quot;0&quot; cellspacing=&quot;0&quot; width=&quot;100%&quot;&gt;
	&lt;tbody&gt;
		&lt;tr&gt;
			&lt;td valign=&quot;top&quot; width=&quot;740&quot;&gt;
				&lt;table border=&quot;0&quot; cellpadding=&quot;0&quot; cellspacing=&quot;0&quot; width=&quot;100%&quot;&gt;
					&lt;tbody&gt;
						&lt;tr&gt;
							&lt;td bgcolor=&quot;#999999&quot; valign=&quot;top&quot;&gt;
								&lt;table border=&quot;0&quot; cellpadding=&quot;10&quot; cellspacing=&quot;1&quot; width=&quot;100%&quot;&gt;
									&lt;tbody&gt;
										&lt;tr&gt;
											&lt;td bgcolor=&quot;#EEF0FC&quot; height=&quot;943&quot; valign=&quot;top&quot;&gt;
												&lt;table border=&quot;0&quot; cellpadding=&quot;0&quot; cellspacing=&quot;0&quot; width=&quot;100%&quot;&gt;
													&lt;tbody&gt;
														&lt;tr&gt;
															&lt;td class=&quot;content&quot;&gt;
																FusionExcel is proud to sponsor RM 10,000 to the Vietnamese Paralympics Team. At the FusionExcel Vietnam Recognition Dinner held recently at Dai Khanh Restaurant, Ho Chi Minh City. FusionExcel&amp;#39;s Founder CEO Paul Ting presented the mockup cheque to the Paralympics Team. Each member of the team was also presented with a Quantum Pendant.&lt;br /&gt;
																&amp;nbsp;&lt;/td&gt;
														&lt;/tr&gt;
														&lt;tr&gt;
															&lt;td&gt;
																&lt;table border=&quot;0&quot; cellpadding=&quot;0&quot; cellspacing=&quot;0&quot; class=&quot;content&quot; width=&quot;100%&quot;&gt;
																	&lt;tbody&gt;
																		&lt;tr&gt;
																			&lt;td align=&quot;center&quot; colspan=&quot;2&quot; height=&quot;226&quot; valign=&quot;top&quot;&gt;
																				&lt;img height=&quot;316&quot; src=&quot;http://fusionexcel.com/imgnews/spn_vietnam_paralympic_1.jpg&quot; width=&quot;448&quot; /&gt;&lt;/td&gt;
																		&lt;/tr&gt;
																		&lt;tr&gt;
																			&lt;td align=&quot;left&quot; height=&quot;226&quot; valign=&quot;top&quot;&gt;
																				&lt;img height=&quot;250&quot; src=&quot;http://fusionexcel.com/imgnews/spn_vietnam_paralympic_2.jpg&quot; width=&quot;354&quot; /&gt;&lt;/td&gt;
																			&lt;td align=&quot;right&quot; valign=&quot;top&quot;&gt;
																				&lt;img height=&quot;250&quot; src=&quot;http://fusionexcel.com/imgnews/spn_vietnam_paralympic_3.jpg&quot; width=&quot;354&quot; /&gt;&lt;/td&gt;
																		&lt;/tr&gt;
																		&lt;tr&gt;
																			&lt;td align=&quot;left&quot; height=&quot;224&quot; valign=&quot;top&quot;&gt;
																				&lt;img height=&quot;250&quot; src=&quot;http://fusionexcel.com/imgnews/spn_vietnam_paralympic_4.jpg&quot; width=&quot;354&quot; /&gt;&lt;/td&gt;
																			&lt;td align=&quot;right&quot; valign=&quot;top&quot;&gt;
																				&lt;img height=&quot;250&quot; src=&quot;http://fusionexcel.com/imgnews/spn_vietnam_paralympic_5.jpg&quot; width=&quot;354&quot; /&gt;&lt;/td&gt;
																		&lt;/tr&gt;
																	&lt;/tbody&gt;
																&lt;/table&gt;
															&lt;/td&gt;
														&lt;/tr&gt;
													&lt;/tbody&gt;
												&lt;/table&gt;
											&lt;/td&gt;
										&lt;/tr&gt;
									&lt;/tbody&gt;
								&lt;/table&gt;
							&lt;/td&gt;
						&lt;/tr&gt;
					&lt;/tbody&gt;
				&lt;/table&gt;
			&lt;/td&gt;
		&lt;/tr&gt;
	&lt;/tbody&gt;
&lt;/table&gt;
&lt;p&gt;
	&amp;nbsp;&lt;/p&gt;
</content><meta><description>FusionExcel, RM 10,000 to Vietnam Paralympics Team, FusionExcel Vietnam Recognition Dinner, Dai Khanh Restaurant, Ho Chi Minh City, CEP Paul Ting, Quantum Pendnt.</description><keyword>FusionExcel is proud to sponsor RM 10,000 to the Vietnamese Paralympics Team. At the FusionExcel Vietnam Recognition Dinner held recently at Dai Khanh Restaurant, Ho Chi Minh City.</keyword><robots>all</robots><author>klhunter</author></meta></en><bm><title>FusionExcel Sponsors RM 10,000 to Vietnam Paralympics Team!</title><content></content><meta><description>FusionExcel, RM 10,000 to Vietnam Paralympics Team, FusionExcel Vietnam Recognition Dinner, Dai Khanh Restaurant, Ho Chi Minh City, CEP Paul Ting, Quantum Pendnt.</description><keyword>FusionExcel is proud to sponsor RM 10,000 to the Vietnamese Paralympics Team. At the FusionExcel Vietnam Recognition Dinner held recently at Dai Khanh Restaurant, Ho Chi Minh City.</keyword><robots>all</robots><author>klhunter</author></meta></bm><chi><title>FusionExcel Sponsors RM 10,000 to Vietnam Paralympics Team!</title><content></content><meta><description>FusionExcel, RM 10,000 to Vietnam Paralympics Team, FusionExcel Vietnam Recognition Dinner, Dai Khanh Restaurant, Ho Chi Minh City, CEP Paul Ting, Quantum Pendnt.</description><keyword>FusionExcel is proud to sponsor RM 10,000 to the Vietnamese Paralympics Team. At the FusionExcel Vietnam Recognition Dinner held recently at Dai Khanh Restaurant, Ho Chi Minh City.</keyword><robots>all</robots><author>klhunter</author></meta></chi></article>