<?xml version='1.0' encoding='utf-8'?><article><en><title>FE Presents Quantum Science Products to HRH Prince Norodom Chakrapong of Cambodia! </title><content>&lt;table border=&quot;0&quot; cellpadding=&quot;0&quot; cellspacing=&quot;0&quot; width=&quot;100%&quot;&gt;
	&lt;tbody&gt;
		&lt;tr&gt;
			&lt;td valign=&quot;top&quot; width=&quot;740&quot;&gt;
				&lt;table border=&quot;0&quot; cellpadding=&quot;0&quot; cellspacing=&quot;0&quot; width=&quot;100%&quot;&gt;
					&lt;tbody&gt;
						&lt;tr&gt;
							&lt;td bgcolor=&quot;#999999&quot; valign=&quot;top&quot;&gt;
								&lt;table border=&quot;0&quot; cellpadding=&quot;10&quot; cellspacing=&quot;1&quot; width=&quot;100%&quot;&gt;
									&lt;tbody&gt;
										&lt;tr&gt;
											&lt;td bgcolor=&quot;#EEF0FC&quot; valign=&quot;top&quot;&gt;
												&lt;table border=&quot;0&quot; cellpadding=&quot;0&quot; cellspacing=&quot;0&quot; width=&quot;100%&quot;&gt;
													&lt;tbody&gt;
														&lt;tr&gt;
															&lt;td class=&quot;content&quot; valign=&quot;top&quot;&gt;
																FE&amp;#39;s Thailand Country Licensee and Presidential Director Don Chan recently visited Cambodia and presented FE&amp;#39;s Quantum Science products to HRH Prince Norodom Chakrapong of Cambodia. Prince Norodom is the High Privy Advisor to his Majesty the King of Cambodia. HRH Prince Norodom is highly impressed by FE&amp;#39;s Quantum Science products and FE&amp;#39;s principle of compassion which has helped many less fortunate of society to lead a better life.&lt;br /&gt;
																&amp;nbsp;&lt;/td&gt;
														&lt;/tr&gt;
														&lt;tr&gt;
															&lt;td class=&quot;content&quot; valign=&quot;top&quot;&gt;
																&lt;table border=&quot;0&quot; cellpadding=&quot;0&quot; cellspacing=&quot;0&quot; class=&quot;content&quot; width=&quot;100%&quot;&gt;
																	&lt;tbody&gt;
																		&lt;tr&gt;
																			&lt;td align=&quot;left&quot; height=&quot;226&quot; valign=&quot;top&quot;&gt;
																				&lt;img height=&quot;266&quot; src=&quot;http://fusionexcel.com/imgnews/news_cambodia_1.jpg&quot; width=&quot;354&quot; /&gt;&lt;/td&gt;
																			&lt;td align=&quot;right&quot; height=&quot;226&quot; valign=&quot;top&quot;&gt;
																				&lt;img height=&quot;266&quot; src=&quot;http://fusionexcel.com/imgnews/news_cambodia_2.jpg&quot; width=&quot;354&quot; /&gt;&lt;/td&gt;
																		&lt;/tr&gt;
																		&lt;tr&gt;
																			&lt;td align=&quot;left&quot; height=&quot;226&quot; valign=&quot;top&quot;&gt;
																				&lt;img height=&quot;266&quot; src=&quot;http://fusionexcel.com/imgnews/news_cambodia_3.jpg&quot; width=&quot;354&quot; /&gt;&lt;/td&gt;
																			&lt;td align=&quot;right&quot; valign=&quot;top&quot;&gt;
																				&lt;img height=&quot;266&quot; src=&quot;http://fusionexcel.com/imgnews/news_cambodia_4.jpg&quot; width=&quot;354&quot; /&gt;&lt;/td&gt;
																		&lt;/tr&gt;
																		&lt;tr&gt;
																			&lt;td align=&quot;center&quot; colspan=&quot;2&quot; height=&quot;10&quot;&gt;
																				&lt;img height=&quot;336&quot; src=&quot;http://fusionexcel.com/imgnews/news_cambodia_5.jpg&quot; width=&quot;448&quot; /&gt;&lt;/td&gt;
																		&lt;/tr&gt;
																	&lt;/tbody&gt;
																&lt;/table&gt;
															&lt;/td&gt;
														&lt;/tr&gt;
													&lt;/tbody&gt;
												&lt;/table&gt;
											&lt;/td&gt;
										&lt;/tr&gt;
									&lt;/tbody&gt;
								&lt;/table&gt;
							&lt;/td&gt;
						&lt;/tr&gt;
					&lt;/tbody&gt;
				&lt;/table&gt;
			&lt;/td&gt;
		&lt;/tr&gt;
	&lt;/tbody&gt;
&lt;/table&gt;
&lt;p&gt;
	&amp;nbsp;&lt;/p&gt;
</content><meta><description>FE's Thailand Country Licensee and Presidential Director Don Chan recently visited Cambodia and presented FE's Quantum Science products to HRH Prince Norodom Chakrapong of Cambodia. Prince Norodom is the High Privy Advisor to his Majesty the King of Cambodia. HRH Prince Norodom is highly impressed by FE's Quantum Science products and FE's principle of compassion which has helped many less fortunate of society to lead a better life.</description><keyword>FE Presents Quantum Science Products to HRH Prince Norodom Chakrapong of Cambodia! </keyword><robots>all</robots><author>klhunter</author></meta></en><bm><title>FE Presents Quantum Science Products to HRH Prince Norodom Chakrapong of Cambodia! </title><content></content><meta><description>FE's Thailand Country Licensee and Presidential Director Don Chan recently visited Cambodia and presented FE's Quantum Science products to HRH Prince Norodom Chakrapong of Cambodia. Prince Norodom is the High Privy Advisor to his Majesty the King of Cambodia. HRH Prince Norodom is highly impressed by FE's Quantum Science products and FE's principle of compassion which has helped many less fortunate of society to lead a better life.</description><keyword>FE Presents Quantum Science Products to HRH Prince Norodom Chakrapong of Cambodia! </keyword><robots>all</robots><author>klhunter</author></meta></bm><chi><title>FE Presents Quantum Science Products to HRH Prince Norodom Chakrapong of Cambodia! </title><content></content><meta><description>FE's Thailand Country Licensee and Presidential Director Don Chan recently visited Cambodia and presented FE's Quantum Science products to HRH Prince Norodom Chakrapong of Cambodia. Prince Norodom is the High Privy Advisor to his Majesty the King of Cambodia. HRH Prince Norodom is highly impressed by FE's Quantum Science products and FE's principle of compassion which has helped many less fortunate of society to lead a better life.</description><keyword>FE Presents Quantum Science Products to HRH Prince Norodom Chakrapong of Cambodia! </keyword><robots>all</robots><author>klhunter</author></meta></chi></article>