<?xml version='1.0' encoding='utf-8'?><article><en><title>FusionExcel Supports JKRT Sarikei, Sarawak!</title><content>&lt;table border=&quot;0&quot; cellpadding=&quot;0&quot; cellspacing=&quot;0&quot; width=&quot;100%&quot;&gt;
	&lt;tbody&gt;
		&lt;tr&gt;
			&lt;td valign=&quot;top&quot; width=&quot;740&quot;&gt;
				&lt;table border=&quot;0&quot; cellpadding=&quot;0&quot; cellspacing=&quot;0&quot; width=&quot;100%&quot;&gt;
					&lt;tbody&gt;
						&lt;tr&gt;
							&lt;td bgcolor=&quot;#999999&quot; valign=&quot;top&quot;&gt;
								&lt;table border=&quot;0&quot; cellpadding=&quot;10&quot; cellspacing=&quot;1&quot; width=&quot;100%&quot;&gt;
									&lt;tbody&gt;
										&lt;tr&gt;
											&lt;td bgcolor=&quot;#EEF0FC&quot; height=&quot;943&quot; valign=&quot;top&quot;&gt;
												&lt;table border=&quot;0&quot; cellpadding=&quot;0&quot; cellspacing=&quot;0&quot; width=&quot;100%&quot;&gt;
													&lt;tbody&gt;
														&lt;tr&gt;
															&lt;td class=&quot;content&quot;&gt;
																FusionExcel&amp;#39;s Executive Director John Jali recently organized an event at Hotel Wawasan, Sarikei, Sarawak with FusionExcel&amp;#39;s Spokesman Master Bahauddin Yap. Everyone who attended was amazed by Master Yap&amp;#39;s talk and demonstrations with FusionExcel&amp;#39;s Quantum Pendant! At the event FusionExcel donated RM 1,000 to the Jawatan Kuasa Rukun Tetangga (JKRT) Sarikei.&lt;br /&gt;
																&amp;nbsp;&lt;/td&gt;
														&lt;/tr&gt;
														&lt;tr&gt;
															&lt;td&gt;
																&lt;table border=&quot;0&quot; cellpadding=&quot;0&quot; cellspacing=&quot;0&quot; class=&quot;content&quot; width=&quot;100%&quot;&gt;
																	&lt;tbody&gt;
																		&lt;tr&gt;
																			&lt;td align=&quot;center&quot; colspan=&quot;2&quot; height=&quot;226&quot; valign=&quot;top&quot;&gt;
																				&lt;img height=&quot;336&quot; src=&quot;http://fusionexcel.com/imgnews/spn_sarikei_1.jpg&quot; width=&quot;448&quot; /&gt;&lt;/td&gt;
																		&lt;/tr&gt;
																		&lt;tr&gt;
																			&lt;td align=&quot;left&quot; height=&quot;226&quot; valign=&quot;top&quot;&gt;
																				&lt;img height=&quot;266&quot; src=&quot;http://fusionexcel.com/imgnews/spn_sarikei_2.jpg&quot; width=&quot;354&quot; /&gt;&lt;/td&gt;
																			&lt;td align=&quot;right&quot; valign=&quot;top&quot;&gt;
																				&lt;img height=&quot;266&quot; src=&quot;http://fusionexcel.com/imgnews/spn_sarikei_3.jpg&quot; width=&quot;354&quot; /&gt;&lt;/td&gt;
																		&lt;/tr&gt;
																		&lt;tr&gt;
																			&lt;td align=&quot;left&quot; height=&quot;224&quot; valign=&quot;top&quot;&gt;
																				&lt;img height=&quot;266&quot; src=&quot;http://fusionexcel.com/imgnews/spn_sarikei_4.jpg&quot; width=&quot;354&quot; /&gt;&lt;/td&gt;
																			&lt;td align=&quot;right&quot; valign=&quot;top&quot;&gt;
																				&lt;img height=&quot;266&quot; src=&quot;http://fusionexcel.com/imgnews/spn_sarikei_5.jpg&quot; width=&quot;354&quot; /&gt;&lt;/td&gt;
																		&lt;/tr&gt;
																		&lt;tr&gt;
																			&lt;td align=&quot;left&quot; height=&quot;10&quot;&gt;
																				&lt;img height=&quot;266&quot; src=&quot;http://fusionexcel.com/imgnews/spn_sarikei_6.jpg&quot; width=&quot;354&quot; /&gt;&lt;/td&gt;
																			&lt;td align=&quot;right&quot;&gt;
																				&lt;img height=&quot;266&quot; src=&quot;http://fusionexcel.com/imgnews/spn_sarikei_7.jpg&quot; width=&quot;354&quot; /&gt;&lt;/td&gt;
																		&lt;/tr&gt;
																		&lt;tr&gt;
																			&lt;td align=&quot;left&quot; height=&quot;10&quot;&gt;
																				&lt;img height=&quot;266&quot; src=&quot;http://fusionexcel.com/imgnews/spn_sarikei_8.jpg&quot; width=&quot;354&quot; /&gt;&lt;/td&gt;
																			&lt;td align=&quot;right&quot;&gt;
																				&lt;img height=&quot;266&quot; src=&quot;http://fusionexcel.com/imgnews/spn_sarikei_9.jpg&quot; width=&quot;354&quot; /&gt;&lt;/td&gt;
																		&lt;/tr&gt;
																	&lt;/tbody&gt;
																&lt;/table&gt;
															&lt;/td&gt;
														&lt;/tr&gt;
													&lt;/tbody&gt;
												&lt;/table&gt;
											&lt;/td&gt;
										&lt;/tr&gt;
									&lt;/tbody&gt;
								&lt;/table&gt;
							&lt;/td&gt;
						&lt;/tr&gt;
					&lt;/tbody&gt;
				&lt;/table&gt;
			&lt;/td&gt;
		&lt;/tr&gt;
	&lt;/tbody&gt;
&lt;/table&gt;
&lt;p&gt;
	&amp;nbsp;&lt;/p&gt;
</content><meta><description>FusionExcel's Executive Director John Jali recently organized an event at Hotel Wawasan, Sarikei, Sarawak with FusionExcel's Spokesman Master Bahauddin Yap.</description><keyword>FusionExcel, JKRT Sarikei, Sarawak, Spokesman Master Bahauddin Yap, Master Yap, RM 1,000, Executive Director John Jali, Master Yap, Jawatan Kuasa Rukun Tetangga (JKRT).</keyword><robots>all</robots><author>klhunter</author></meta></en><bm><title>FusionExcel Supports JKRT Sarikei, Sarawak!</title><content></content><meta><description>FusionExcel's Executive Director John Jali recently organized an event at Hotel Wawasan, Sarikei, Sarawak with FusionExcel's Spokesman Master Bahauddin Yap.</description><keyword>FusionExcel, JKRT Sarikei, Sarawak, Spokesman Master Bahauddin Yap, Master Yap, RM 1,000, Executive Director John Jali, Master Yap, Jawatan Kuasa Rukun Tetangga (JKRT).</keyword><robots>all</robots><author>klhunter</author></meta></bm><chi><title>FusionExcel Supports JKRT Sarikei, Sarawak!</title><content></content><meta><description>FusionExcel's Executive Director John Jali recently organized an event at Hotel Wawasan, Sarikei, Sarawak with FusionExcel's Spokesman Master Bahauddin Yap.</description><keyword>FusionExcel, JKRT Sarikei, Sarawak, Spokesman Master Bahauddin Yap, Master Yap, RM 1,000, Executive Director John Jali, Master Yap, Jawatan Kuasa Rukun Tetangga (JKRT).</keyword><robots>all</robots><author>klhunter</author></meta></chi></article>