<?xml version='1.0' encoding='utf-8'?><article><en><title>FusionExcel Sponsors Paramotor Event, Bangkok, Thailand!</title><content>&lt;table border=&quot;0&quot; cellpadding=&quot;0&quot; cellspacing=&quot;0&quot; width=&quot;100%&quot;&gt;
	&lt;tbody&gt;
		&lt;tr&gt;
			&lt;td valign=&quot;top&quot; width=&quot;740&quot;&gt;
				&lt;table border=&quot;0&quot; cellpadding=&quot;0&quot; cellspacing=&quot;0&quot; width=&quot;100%&quot;&gt;
					&lt;tbody&gt;
						&lt;tr&gt;
							&lt;td bgcolor=&quot;#999999&quot; valign=&quot;top&quot;&gt;
								&lt;table border=&quot;0&quot; cellpadding=&quot;10&quot; cellspacing=&quot;1&quot; width=&quot;100%&quot;&gt;
									&lt;tbody&gt;
										&lt;tr&gt;
											&lt;td bgcolor=&quot;#EEF0FC&quot; height=&quot;943&quot; valign=&quot;top&quot;&gt;
												&lt;table border=&quot;0&quot; cellpadding=&quot;0&quot; cellspacing=&quot;0&quot; width=&quot;100%&quot;&gt;
													&lt;tbody&gt;
														&lt;tr&gt;
															&lt;td&gt;
																&lt;table border=&quot;0&quot; cellpadding=&quot;0&quot; cellspacing=&quot;0&quot; class=&quot;content&quot; width=&quot;100%&quot;&gt;
																	&lt;tbody&gt;
																		&lt;tr&gt;
																			&lt;td align=&quot;left&quot; height=&quot;226&quot; valign=&quot;top&quot; width=&quot;358&quot;&gt;
																				&lt;img height=&quot;266&quot; src=&quot;http://fusionexcel.com/imgnews/spn_paramotor_event_1.jpg&quot; width=&quot;354&quot; /&gt;&lt;/td&gt;
																			&lt;td align=&quot;right&quot; valign=&quot;top&quot; width=&quot;360&quot;&gt;
																				&lt;img height=&quot;266&quot; src=&quot;http://fusionexcel.com/imgnews/spn_paramotor_event_2.jpg&quot; width=&quot;354&quot; /&gt;&lt;/td&gt;
																		&lt;/tr&gt;
																		&lt;tr&gt;
																			&lt;td align=&quot;left&quot; height=&quot;224&quot; valign=&quot;top&quot;&gt;
																				&lt;img height=&quot;266&quot; src=&quot;http://fusionexcel.com/imgnews/spn_paramotor_event_3.jpg&quot; width=&quot;354&quot; /&gt;&lt;/td&gt;
																			&lt;td align=&quot;right&quot; valign=&quot;top&quot;&gt;
																				&lt;img height=&quot;266&quot; src=&quot;http://fusionexcel.com/imgnews/spn_paramotor_event_4.jpg&quot; width=&quot;354&quot; /&gt;&lt;/td&gt;
																		&lt;/tr&gt;
																		&lt;tr&gt;
																			&lt;td align=&quot;left&quot; height=&quot;10&quot;&gt;
																				&amp;nbsp;&lt;/td&gt;
																			&lt;td align=&quot;right&quot; class=&quot;header_title&quot; height=&quot;40&quot;&gt;
																				&lt;div align=&quot;center&quot;&gt;
																					Joey Boy (Hip Hop King of Thailand)&lt;br /&gt;
																					with Quantum Pendant.&lt;/div&gt;
																			&lt;/td&gt;
																		&lt;/tr&gt;
																		&lt;tr&gt;
																			&lt;td align=&quot;left&quot; height=&quot;10&quot;&gt;
																				&lt;img height=&quot;266&quot; src=&quot;http://fusionexcel.com/imgnews/spn_paramotor_event_5.jpg&quot; width=&quot;354&quot; /&gt;&lt;/td&gt;
																			&lt;td align=&quot;right&quot;&gt;
																				&lt;img height=&quot;266&quot; src=&quot;http://fusionexcel.com/imgnews/spn_paramotor_event_6.jpg&quot; width=&quot;354&quot; /&gt;&lt;/td&gt;
																		&lt;/tr&gt;
																		&lt;tr&gt;
																			&lt;td align=&quot;right&quot; class=&quot;header_title&quot; height=&quot;30&quot;&gt;
																				&lt;div align=&quot;center&quot;&gt;
																					Paramotor Team with Quantum Pendant.&lt;/div&gt;
																			&lt;/td&gt;
																			&lt;td align=&quot;right&quot; class=&quot;header_title&quot; height=&quot;20&quot;&gt;
																				&lt;div align=&quot;center&quot;&gt;
																					Famous Singer, Suchcawarn with Quantum Pendant.&lt;/div&gt;
																			&lt;/td&gt;
																		&lt;/tr&gt;
																	&lt;/tbody&gt;
																&lt;/table&gt;
															&lt;/td&gt;
														&lt;/tr&gt;
													&lt;/tbody&gt;
												&lt;/table&gt;
											&lt;/td&gt;
										&lt;/tr&gt;
									&lt;/tbody&gt;
								&lt;/table&gt;
							&lt;/td&gt;
						&lt;/tr&gt;
					&lt;/tbody&gt;
				&lt;/table&gt;
			&lt;/td&gt;
		&lt;/tr&gt;
	&lt;/tbody&gt;
&lt;/table&gt;
&lt;p&gt;
	&amp;nbsp;&lt;/p&gt;
</content><meta><description>FusionExcel Sponsors Paramotor Event, Bangkok, Thailand! Joey Boy (Hip Hop King of Thailand) and Famous Singer, Suchcawarn with Quantum Pendant.</description><keyword>FusionExcel, Paramotor Event, Bangkok, Thailand. Joey Boy, Hip Hop King of Thailand, famous Singer, Suchcawarn.</keyword><robots>all</robots><author>klhunter</author></meta></en><bm><title>FusionExcel Sponsors Paramotor Event, Bangkok, Thailand!</title><content></content><meta><description>FusionExcel Sponsors Paramotor Event, Bangkok, Thailand! Joey Boy (Hip Hop King of Thailand) and Famous Singer, Suchcawarn with Quantum Pendant.</description><keyword>FusionExcel, Paramotor Event, Bangkok, Thailand. Joey Boy, Hip Hop King of Thailand, famous Singer, Suchcawarn.</keyword><robots>all</robots><author>klhunter</author></meta></bm><chi><title>FusionExcel Sponsors Paramotor Event, Bangkok, Thailand!</title><content></content><meta><description>FusionExcel Sponsors Paramotor Event, Bangkok, Thailand! Joey Boy (Hip Hop King of Thailand) and Famous Singer, Suchcawarn with Quantum Pendant.</description><keyword>FusionExcel, Paramotor Event, Bangkok, Thailand. Joey Boy, Hip Hop King of Thailand, famous Singer, Suchcawarn.</keyword><robots>all</robots><author>klhunter</author></meta></chi></article>