<?xml version='1.0' encoding='utf-8'?><article><en><title>School of Networking (SON) for Mandarin at Empress Hotel Sepang, 28th to 29th March 2009. </title><content>&lt;table border=&quot;0&quot; cellpadding=&quot;0&quot; cellspacing=&quot;0&quot; width=&quot;100%&quot;&gt;
	&lt;tbody&gt;
		&lt;tr&gt;
			&lt;td valign=&quot;top&quot; width=&quot;740&quot;&gt;
				&lt;table border=&quot;0&quot; cellpadding=&quot;0&quot; cellspacing=&quot;0&quot; width=&quot;100%&quot;&gt;
					&lt;tbody&gt;
						&lt;tr&gt;
							&lt;td bgcolor=&quot;#999999&quot; valign=&quot;top&quot;&gt;
								&lt;table border=&quot;0&quot; cellpadding=&quot;10&quot; cellspacing=&quot;1&quot; width=&quot;100%&quot;&gt;
									&lt;tbody&gt;
										&lt;tr&gt;
											&lt;td bgcolor=&quot;#EEF0FC&quot; height=&quot;943&quot; valign=&quot;top&quot;&gt;
												&lt;table border=&quot;0&quot; cellpadding=&quot;0&quot; cellspacing=&quot;0&quot; width=&quot;100%&quot;&gt;
													&lt;tbody&gt;
														&lt;tr&gt;
															&lt;td class=&quot;content&quot; valign=&quot;top&quot;&gt;
																&lt;table border=&quot;0&quot; cellpadding=&quot;0&quot; cellspacing=&quot;0&quot; class=&quot;content&quot; width=&quot;100%&quot;&gt;
																	&lt;tbody&gt;
																		&lt;tr&gt;
																			&lt;td align=&quot;center&quot; height=&quot;226&quot; valign=&quot;top&quot;&gt;
																				&lt;img height=&quot;495&quot; src=&quot;http://fusionexcel.com/imgnews/news_son_sepang.jpg&quot; width=&quot;700&quot; /&gt;&lt;/td&gt;
																		&lt;/tr&gt;
																	&lt;/tbody&gt;
																&lt;/table&gt;
															&lt;/td&gt;
														&lt;/tr&gt;
													&lt;/tbody&gt;
												&lt;/table&gt;
											&lt;/td&gt;
										&lt;/tr&gt;
									&lt;/tbody&gt;
								&lt;/table&gt;
							&lt;/td&gt;
						&lt;/tr&gt;
					&lt;/tbody&gt;
				&lt;/table&gt;
			&lt;/td&gt;
		&lt;/tr&gt;
	&lt;/tbody&gt;
&lt;/table&gt;
&lt;p&gt;
	&amp;nbsp;&lt;/p&gt;
</content><meta><description>School of Networking (SON) for Mandarin at Empress Hotel Sepang, 28th to 29th March 2009.</description><keyword>School of Networking (SON) for Mandarin at Empress Hotel Sepang, 28th to 29th March 2009. </keyword><robots>all</robots><author>klhunter</author></meta></en><bm><title>School of Networking (SON) for Mandarin at Empress Hotel Sepang, 28th to 29th March 2009. </title><content></content><meta><description>School of Networking (SON) for Mandarin at Empress Hotel Sepang, 28th to 29th March 2009.</description><keyword>School of Networking (SON) for Mandarin at Empress Hotel Sepang, 28th to 29th March 2009. </keyword><robots>all</robots><author>klhunter</author></meta></bm><chi><title>School of Networking (SON) for Mandarin at Empress Hotel Sepang, 28th to 29th March 2009. </title><content></content><meta><description>School of Networking (SON) for Mandarin at Empress Hotel Sepang, 28th to 29th March 2009.</description><keyword>School of Networking (SON) for Mandarin at Empress Hotel Sepang, 28th to 29th March 2009. </keyword><robots>all</robots><author>klhunter</author></meta></chi></article>