<?xml version='1.0' encoding='utf-8'?><article><en><title>FE Welcomes QP Wearer, Her Excellency President Gloria Macapagal Arroyo of the Philippines!</title><content>&lt;p&gt;
	&amp;nbsp;&lt;/p&gt;
&lt;br /&gt;
&lt;div&gt;
	&lt;table border=&quot;0&quot; cellpadding=&quot;0&quot; cellspacing=&quot;0&quot; width=&quot;100%&quot;&gt;
		&lt;tbody&gt;
			&lt;tr valign=&quot;top&quot;&gt;
				&lt;td align=&quot;center&quot; colspan=&quot;2&quot;&gt;
					&lt;img height=&quot;291&quot; src=&quot;http://www.fusionexcel.com/imgnews/news_arroyo_phil.jpg&quot; width=&quot;450&quot; /&gt;&lt;/td&gt;
			&lt;/tr&gt;
		&lt;/tbody&gt;
	&lt;/table&gt;
	Her Excellency President Gloria Macapagal Arroyo of the Philippines is a proud and happy wearer of FE&amp;#39;s Quantum Pendant, seen here posing with the children of FE leader.&lt;/div&gt;
&lt;p&gt;
	&amp;nbsp;&lt;/p&gt;
</content><meta><description>Her Excellency President Gloria Macapagal Arroyo of the Philippines is a proud and happy wearer of FE's Quantum Pendant, seen here posing with the children of FE leader.</description><keyword>Her Excellency President Gloria Macapagal Arroyo of the Philippines is a proud and happy wearer of FE's Quantum Pendant, seen here posing with the children of FE leader.</keyword><robots>all</robots><author>klhunter</author></meta></en><bm><title>FE Welcomes QP Wearer, Her Excellency President Gloria Macapagal Arroyo of the Philippines!</title><content></content><meta><description>Her Excellency President Gloria Macapagal Arroyo of the Philippines is a proud and happy wearer of FE's Quantum Pendant, seen here posing with the children of FE leader.</description><keyword>Her Excellency President Gloria Macapagal Arroyo of the Philippines is a proud and happy wearer of FE's Quantum Pendant, seen here posing with the children of FE leader.</keyword><robots>all</robots><author>klhunter</author></meta></bm><chi><title>FE Welcomes QP Wearer, Her Excellency President Gloria Macapagal Arroyo of the Philippines!</title><content></content><meta><description>Her Excellency President Gloria Macapagal Arroyo of the Philippines is a proud and happy wearer of FE's Quantum Pendant, seen here posing with the children of FE leader.</description><keyword>Her Excellency President Gloria Macapagal Arroyo of the Philippines is a proud and happy wearer of FE's Quantum Pendant, seen here posing with the children of FE leader.</keyword><robots>all</robots><author>klhunter</author></meta></chi></article>