<?xml version='1.0' encoding='utf-8'?><article><en><title>School of Networking (SON) for Mandarin at Empress Hotel Sepang, 28th to 29th March 2009. </title><content>&lt;p&gt;
	&lt;img height=&quot;495&quot; src=&quot;http://www.fusionexcel.com/imgnews/news_son_sepang.jpg&quot; style=&quot;color: rgb(0, 0, 0); font-family: Verdana, Arial, Helvetica, sans-serif; font-size: 13px; text-align: -webkit-center; background-color: rgb(238, 240, 252); &quot; width=&quot;700&quot; /&gt;&lt;/p&gt;
</content><meta><description>School of Networking (SON) for Mandarin at Empress Hotel Sepang, 28th to 29th March 2009.</description><keyword>School of Networking (SON) for Mandarin at Empress Hotel Sepang, 28th to 29th March 2009.</keyword><robots>all</robots><author>klhunter</author></meta></en><bm><title>School of Networking (SON) for Mandarin at Empress Hotel Sepang, 28th to 29th March 2009. </title><content></content><meta><description>School of Networking (SON) for Mandarin at Empress Hotel Sepang, 28th to 29th March 2009.</description><keyword>School of Networking (SON) for Mandarin at Empress Hotel Sepang, 28th to 29th March 2009.</keyword><robots>all</robots><author>klhunter</author></meta></bm><chi><title>School of Networking (SON) for Mandarin at Empress Hotel Sepang, 28th to 29th March 2009. </title><content></content><meta><description>School of Networking (SON) for Mandarin at Empress Hotel Sepang, 28th to 29th March 2009.</description><keyword>School of Networking (SON) for Mandarin at Empress Hotel Sepang, 28th to 29th March 2009.</keyword><robots>all</robots><author>klhunter</author></meta></chi></article>