<?xml version="1.0" encoding="utf-8"?>
<article><en><title>Business Leaders Training, Chao Praya Park Hotel, Bangkok 08 March 2008.</title><content>&lt;table border="0" cellpadding="0" cellspacing="0" style="color: rgb(0, 0, 0); font-family: 'Times New Roman'; background-color: rgb(238, 240, 252); font-size: medium; " width="100%"&gt;
	&lt;tbody&gt;
		&lt;tr&gt;
			&lt;td class="content" style="font-family: Verdana, Arial, Helvetica, sans-serif; font-size: 13px; text-align: justify; " valign="top"&gt;
				FE&amp;#39;s Thailand Country Licensee, Mr.Don Chan&amp;#39;s first Business Leaders Training on Saturday 8th March 2008, Chao Praya Park Hotel, Bangkok was a GREAT SUCCESS!&amp;nbsp; The full day training was attended by 100 quality leaders including VIP&amp;#39;s such as General Dato Kitti Ratanachaya, former Deputy Minister of the Ministry of Interiors and President of Prachamati Party, Pramuan Ruchanaseree, Police Major General Angkul Athorn Phatai, Colonel Manoon Laohachote, Father of Thai Jazz, Metawat (Tewan) Sapsanyakorn and renowned senior actor, Kesha Plianvithi.&amp;nbsp;&amp;nbsp;Seven (7) new Stockiest and several&amp;nbsp;Mobile Stockiest signed up on the day.&lt;br /&gt;
				&lt;br /&gt;
				Congratulations Mr.Don Chan for a great job done!&lt;/td&gt;
		&lt;/tr&gt;
		&lt;tr&gt;
			&lt;td class="content" style="font-family: Verdana, Arial, Helvetica, sans-serif; font-size: 13px; text-align: justify; " valign="top"&gt;
				&lt;table border="0" cellpadding="0" cellspacing="0" width="100%"&gt;
					&lt;tbody&gt;
						&lt;tr align="center" valign="top"&gt;
							&lt;td colspan="2"&gt;
								&amp;nbsp;&lt;/td&gt;
						&lt;/tr&gt;
						&lt;tr valign="top"&gt;
							&lt;td&gt;
								&lt;img height="237" src="http://www.fusionexcel.com/imgnews/bleader1.jpg" width="354" /&gt;&lt;/td&gt;
							&lt;td align="right"&gt;
								&lt;img height="237" src="http://www.fusionexcel.com/imgnews/bleader2.jpg" width="354" /&gt;&lt;/td&gt;
						&lt;/tr&gt;
						&lt;tr valign="top"&gt;
							&lt;td width="50%"&gt;
								&lt;img height="237" src="http://www.fusionexcel.com/imgnews/bleader3.jpg" width="354" /&gt;&lt;/td&gt;
							&lt;td align="right"&gt;
								&lt;img height="237" src="http://www.fusionexcel.com/imgnews/bleader4.jpg" width="354" /&gt;&lt;/td&gt;
						&lt;/tr&gt;
						&lt;tr valign="top"&gt;
							&lt;td&gt;
								&lt;img height="237" src="http://www.fusionexcel.com/imgnews/bleader5.jpg" width="354" /&gt;&lt;/td&gt;
							&lt;td align="right"&gt;
								&lt;img height="237" src="http://www.fusionexcel.com/imgnews/bleader6.jpg" width="354" /&gt;&lt;/td&gt;
						&lt;/tr&gt;
						&lt;tr valign="top"&gt;
							&lt;td&gt;
								&lt;img height="237" src="http://www.fusionexcel.com/imgnews/bleader7.jpg" width="354" /&gt;&lt;/td&gt;
							&lt;td align="right"&gt;
								&lt;img height="237" src="http://www.fusionexcel.com/imgnews/bleader8.jpg" width="354" /&gt;&lt;/td&gt;
						&lt;/tr&gt;
						&lt;tr valign="top"&gt;
							&lt;td&gt;
								&lt;img height="237" src="http://www.fusionexcel.com/imgnews/bleader9.jpg" width="354" /&gt;&lt;/td&gt;
							&lt;td align="right"&gt;
								&lt;img height="237" src="http://www.fusionexcel.com/imgnews/bleader10.jpg" width="354" /&gt;&lt;/td&gt;
						&lt;/tr&gt;
						&lt;tr valign="top"&gt;
							&lt;td&gt;
								&lt;img height="237" src="http://www.fusionexcel.com/imgnews/bleader11.jpg" width="354" /&gt;&lt;/td&gt;
							&lt;td align="right"&gt;
								&lt;img height="237" src="http://www.fusionexcel.com/imgnews/bleader12.jpg" width="354" /&gt;&lt;/td&gt;
						&lt;/tr&gt;
						&lt;tr valign="top"&gt;
							&lt;td&gt;
								&lt;img height="237" src="http://www.fusionexcel.com/imgnews/bleader13.jpg" width="354" /&gt;&lt;/td&gt;
							&lt;td align="right"&gt;
								&lt;img height="237" src="http://www.fusionexcel.com/imgnews/bleader14.jpg" width="354" /&gt;&lt;/td&gt;
						&lt;/tr&gt;
					&lt;/tbody&gt;
				&lt;/table&gt;
			&lt;/td&gt;
		&lt;/tr&gt;
	&lt;/tbody&gt;
&lt;/table&gt;
</content><meta><description>FE's Thailand Country Licensee, Mr.Don Chan's first Business Leaders Training on Saturday 8th March 2008, Chao Praya Park Hotel, Bangkok was a GREAT SUCCESS!  The full day training was attended by 100 quality leaders including VIP's such as General Dato Kitti Ratanachaya, former Deputy Minister of the Ministry of Interiors and President of Prachamati Party, Pramuan Ruchanaseree, Police Major General Angkul Athorn Phatai, Colonel Manoon Laohachote, Father of Thai Jazz, Metawat (Tewan) Sapsanyakorn and renowned senior actor, Kesha Plianvithi.  Seven (7) new Stockiest and several Mobile Stockiest signed up on the day. Congratulations Mr.Don Chan for a great job done!</description><keyword></keyword><robots>all</robots><author>klhunter</author></meta></en><bm><title>FE Event, Saturday 16th June 2007.</title><content></content><meta><description>FE Event, Saturday 16th June 2007</description><keyword>FE Event, Saturday 16th June 2007</keyword><robots>all</robots><author>klhunter</author></meta></bm><chi><title>FE Event, Saturday 16th June 2007.</title><content></content><meta><description>FE Event, Saturday 16th June 2007</description><keyword>FE Event, Saturday 16th June 2007</keyword><robots>all</robots><author>klhunter</author></meta></chi></article>
