<?xml version='1.0' encoding='utf-8'?><article><en><title>FE Making Waves in the Philippines! </title><content>&lt;p&gt;
	&amp;nbsp;&lt;/p&gt;
&lt;table border=&quot;0&quot; cellpadding=&quot;0&quot; cellspacing=&quot;0&quot; style=&quot;color: rgb(0, 0, 0); font-family: 'Times New Roman'; background-color: rgb(238, 240, 252); font-size: medium; &quot; width=&quot;100%&quot;&gt;
	&lt;tbody&gt;
		&lt;tr&gt;
			&lt;td class=&quot;content&quot; style=&quot;font-family: Verdana, Arial, Helvetica, sans-serif; font-size: 13px; text-align: justify; &quot; valign=&quot;top&quot;&gt;
				&lt;strong&gt;REPORT FROM FE&amp;#39;S PHILIPPINES&amp;nbsp;PRESIDENTIAL DIRECTOR PASTOR ART MEDINA.&lt;/strong&gt;&lt;br /&gt;
				&lt;br /&gt;
				Our FE West Avenue, Quezon City (Metro Manila)&amp;nbsp;office is doing regular daily BEPs. Our BIG BEPs are on Tuesdays and Thursdays.&lt;br /&gt;
				&lt;br /&gt;
				&lt;strong&gt;Picture #1:&lt;/strong&gt;&amp;nbsp;Tuesday BEP with 150 guests from different cities of Metro Manila who came upon the invitation of our active FE Leaders like Philip Ciocon who is speaking on the stage.&amp;nbsp;Seated among&amp;nbsp;the guests&amp;nbsp;are FE&amp;nbsp;Directors&amp;nbsp;Mae Heredia, Art and Grace Tuason, Jay Lastima, Pastor Ronnie Yap, Doctor Dino Ruiz, Retired Brig General Federico Ruiz, among others.&lt;br /&gt;
				&lt;br /&gt;
				&lt;strong&gt;Picture #2:&lt;/strong&gt;&amp;nbsp;FE Director Mae Heredia with Movie Actress Ara Mina (in orange shirt), Mrs Sonia Mathay and Chiqui Mathay. With FE&amp;#39;s Quantum Pendant on, the four ladies were able to lift the heavyweight man with ease!&lt;br /&gt;
				&amp;nbsp;&lt;/td&gt;
		&lt;/tr&gt;
		&lt;tr&gt;
			&lt;td align=&quot;center&quot; valign=&quot;top&quot;&gt;
				&lt;table border=&quot;0&quot; cellpadding=&quot;0&quot; cellspacing=&quot;0&quot; width=&quot;100%&quot;&gt;
					&lt;tbody&gt;
						&lt;tr&gt;
							&lt;td align=&quot;center&quot;&gt;
								&lt;img height=&quot;299&quot; src=&quot;http://www.fusionexcel.com/imgnews/news_philippines_presidential_1.jpg&quot; width=&quot;450&quot; /&gt;&lt;/td&gt;
						&lt;/tr&gt;
						&lt;tr&gt;
							&lt;td class=&quot;header_title&quot; height=&quot;65&quot; style=&quot;font-family: Verdana, Arial, Helvetica, sans-serif; font-size: 11px; font-weight: bold; &quot;&gt;
								&lt;div align=&quot;center&quot;&gt;
									Tuesday BEP with 150 guests from different cities of Metro Manila who came upon the invitation of our active FE Leaders like Philip Ciocon who is speaking on the stage.&amp;nbsp;Seated among&amp;nbsp;the guests&amp;nbsp;are FE&amp;nbsp;Directors&amp;nbsp;Mae Heredia, Art and Grace Tuason, Jay Lastima, Pastor Ronnie Yap, Doctor Dino Ruiz, Retired Brig General Federico Ruiz, among others.&lt;/div&gt;
							&lt;/td&gt;
						&lt;/tr&gt;
						&lt;tr&gt;
							&lt;td align=&quot;center&quot;&gt;
								&lt;img height=&quot;299&quot; src=&quot;http://www.fusionexcel.com/imgnews/news_philippines_presidential_2.jpg&quot; width=&quot;450&quot; /&gt;&lt;/td&gt;
						&lt;/tr&gt;
						&lt;tr&gt;
							&lt;td class=&quot;header_title&quot; height=&quot;35&quot; style=&quot;font-family: Verdana, Arial, Helvetica, sans-serif; font-size: 11px; font-weight: bold; &quot;&gt;
								&lt;div align=&quot;center&quot;&gt;
									FE Director Mae Heredia with Movie Actress Ara Mina (in orange shirt), Mrs Sonia Mathay and Chiqui Mathay. With FE&amp;#39;s Quantum Pendant on, the four ladies were able to lift the heavyweight man with ease!&lt;/div&gt;
							&lt;/td&gt;
						&lt;/tr&gt;
					&lt;/tbody&gt;
				&lt;/table&gt;
			&lt;/td&gt;
		&lt;/tr&gt;
	&lt;/tbody&gt;
&lt;/table&gt;
&lt;p&gt;
	&amp;nbsp;&lt;/p&gt;
</content><meta><description>REPORT FROM FE'S PHILIPPINES PRESIDENTIAL DIRECTOR PASTOR ART MEDINA.



Our FE West Avenue, Quezon City (Metro Manila) office is doing regular daily BEPs. Our BIG BEPs are on Tuesdays and Thursdays.



Picture #1: Tuesday BEP with 150 guests from different cities of Metro Manila who came upon the invitation of our active FE Leaders like Philip Ciocon who is speaking on the stage. Seated among the guests are FE Directors Mae Heredia, Art and Grace Tuason, Jay Lastima, Pastor Ronnie Yap, Doctor Dino Ruiz, Retired Brig General Federico Ruiz, among others.



Picture #2: FE Director Mae Heredia with Movie Actress Ara Mina (in orange shirt), Mrs Sonia Mathay and Chiqui Mathay. With FE's Quantum Pendant on, the four ladies were able to lift the heavyweight man with ease!</description><keyword>REPORT FROM FE'S PHILIPPINES PRESIDENTIAL DIRECTOR PASTOR ART MEDINA.



Our FE West Avenue, Quezon City (Metro Manila) office is doing regular daily BEPs. Our BIG BEPs are on Tuesdays and Thursdays.



Picture #1: Tuesday BEP with 150 guests from different cities of Metro Manila who came upon the invitation of our active FE Leaders like Philip Ciocon who is speaking on the stage. Seated among the guests are FE Directors Mae Heredia, Art and Grace Tuason, Jay Lastima, Pastor Ronnie Yap, Doctor Dino Ruiz, Retired Brig General Federico Ruiz, among others.



Picture #2: FE Director Mae Heredia with Movie Actress Ara Mina (in orange shirt), Mrs Sonia Mathay and Chiqui Mathay. With FE's Quantum Pendant on, the four ladies were able to lift the heavyweight man with ease!</keyword><robots>all</robots><author>klhunter</author></meta></en><bm><title>FE Making Waves in the Philippines! </title><content></content><meta><description>REPORT FROM FE'S PHILIPPINES PRESIDENTIAL DIRECTOR PASTOR ART MEDINA.



Our FE West Avenue, Quezon City (Metro Manila) office is doing regular daily BEPs. Our BIG BEPs are on Tuesdays and Thursdays.



Picture #1: Tuesday BEP with 150 guests from different cities of Metro Manila who came upon the invitation of our active FE Leaders like Philip Ciocon who is speaking on the stage. Seated among the guests are FE Directors Mae Heredia, Art and Grace Tuason, Jay Lastima, Pastor Ronnie Yap, Doctor Dino Ruiz, Retired Brig General Federico Ruiz, among others.



Picture #2: FE Director Mae Heredia with Movie Actress Ara Mina (in orange shirt), Mrs Sonia Mathay and Chiqui Mathay. With FE's Quantum Pendant on, the four ladies were able to lift the heavyweight man with ease!</description><keyword>REPORT FROM FE'S PHILIPPINES PRESIDENTIAL DIRECTOR PASTOR ART MEDINA.



Our FE West Avenue, Quezon City (Metro Manila) office is doing regular daily BEPs. Our BIG BEPs are on Tuesdays and Thursdays.



Picture #1: Tuesday BEP with 150 guests from different cities of Metro Manila who came upon the invitation of our active FE Leaders like Philip Ciocon who is speaking on the stage. Seated among the guests are FE Directors Mae Heredia, Art and Grace Tuason, Jay Lastima, Pastor Ronnie Yap, Doctor Dino Ruiz, Retired Brig General Federico Ruiz, among others.



Picture #2: FE Director Mae Heredia with Movie Actress Ara Mina (in orange shirt), Mrs Sonia Mathay and Chiqui Mathay. With FE's Quantum Pendant on, the four ladies were able to lift the heavyweight man with ease!</keyword><robots>all</robots><author>klhunter</author></meta></bm><chi><title>FE Making Waves in the Philippines! </title><content></content><meta><description>REPORT FROM FE'S PHILIPPINES PRESIDENTIAL DIRECTOR PASTOR ART MEDINA.



Our FE West Avenue, Quezon City (Metro Manila) office is doing regular daily BEPs. Our BIG BEPs are on Tuesdays and Thursdays.



Picture #1: Tuesday BEP with 150 guests from different cities of Metro Manila who came upon the invitation of our active FE Leaders like Philip Ciocon who is speaking on the stage. Seated among the guests are FE Directors Mae Heredia, Art and Grace Tuason, Jay Lastima, Pastor Ronnie Yap, Doctor Dino Ruiz, Retired Brig General Federico Ruiz, among others.



Picture #2: FE Director Mae Heredia with Movie Actress Ara Mina (in orange shirt), Mrs Sonia Mathay and Chiqui Mathay. With FE's Quantum Pendant on, the four ladies were able to lift the heavyweight man with ease!</description><keyword>REPORT FROM FE'S PHILIPPINES PRESIDENTIAL DIRECTOR PASTOR ART MEDINA.



Our FE West Avenue, Quezon City (Metro Manila) office is doing regular daily BEPs. Our BIG BEPs are on Tuesdays and Thursdays.



Picture #1: Tuesday BEP with 150 guests from different cities of Metro Manila who came upon the invitation of our active FE Leaders like Philip Ciocon who is speaking on the stage. Seated among the guests are FE Directors Mae Heredia, Art and Grace Tuason, Jay Lastima, Pastor Ronnie Yap, Doctor Dino Ruiz, Retired Brig General Federico Ruiz, among others.



Picture #2: FE Director Mae Heredia with Movie Actress Ara Mina (in orange shirt), Mrs Sonia Mathay and Chiqui Mathay. With FE's Quantum Pendant on, the four ladies were able to lift the heavyweight man with ease!</keyword><robots>all</robots><author>klhunter</author></meta></chi></article>