<?xml version="1.0" encoding="utf-8"?>
<article><en><title>Watch Ann Tan, Malaysian Contestant, Wearing FE's Quantum Pendant on Amazing Race Asia 2.  FE's Quantum Pendant is Getting More and More Popular Day by Day!</title><content>&lt;table border="0" cellpadding="0" cellspacing="0" width="100%"&gt;
	&lt;tbody&gt;
		&lt;tr valign="top"&gt;
			&lt;td&gt;
				&lt;img height="264" src="http://www.fusionexcel.com/imgnews/amazingrace01.jpg" width="354" /&gt;&lt;/td&gt;
			&lt;td align="right"&gt;
				&lt;img height="264" src="http://www.fusionexcel.com/imgnews/amazingrace02.jpg" width="354" /&gt;&lt;/td&gt;
		&lt;/tr&gt;
		&lt;tr valign="top"&gt;
			&lt;td width="50%"&gt;
				&lt;img height="264" src="http://www.fusionexcel.com/imgnews/amazingrace03.jpg" width="354" /&gt;&lt;/td&gt;
			&lt;td align="right"&gt;
				&lt;img height="264" src="http://www.fusionexcel.com/imgnews/amazingrace04.jpg" width="354" /&gt;&lt;/td&gt;
		&lt;/tr&gt;
		&lt;tr valign="top"&gt;
			&lt;td&gt;
				&lt;img height="264" src="http://www.fusionexcel.com/imgnews/amazingrace05.jpg" width="354" /&gt;&lt;/td&gt;
			&lt;td align="right"&gt;
				&lt;img height="264" src="http://www.fusionexcel.com/imgnews/amazingrace06.jpg" width="354" /&gt;&lt;/td&gt;
		&lt;/tr&gt;
		&lt;tr valign="top"&gt;
			&lt;td&gt;
				&lt;img height="264" src="http://www.fusionexcel.com/imgnews/amazingrace07.jpg" width="354" /&gt;&lt;/td&gt;
			&lt;td align="right"&gt;
				&lt;img height="264" src="http://www.fusionexcel.com/imgnews/amazingrace08.jpg" width="354" /&gt;&lt;/td&gt;
		&lt;/tr&gt;
		&lt;tr valign="top"&gt;
			&lt;td&gt;
				&lt;img height="264" src="http://www.fusionexcel.com/imgnews/amazingrace09.jpg" width="354" /&gt;&lt;/td&gt;
			&lt;td align="right"&gt;
				&lt;img height="264" src="http://www.fusionexcel.com/imgnews/amazingrace10.jpg" width="354" /&gt;&lt;/td&gt;
		&lt;/tr&gt;
		&lt;tr valign="top"&gt;
		&lt;/tr&gt;
		&lt;tr valign="top"&gt;
		&lt;/tr&gt;
	&lt;/tbody&gt;
&lt;/table&gt;
</content><meta><description>Watch Ann Tan, Malaysian contestant, wearing FE's Quantum Pendant on Amazing Race Asia 2. 

FE's Quantum Pendant is getting more and more popular day by day!</description><keyword></keyword><robots>all</robots><author>klhunter</author></meta></en><bm><title>Full House at Malay BEP, Headquarter, 24th March 2009!</title><content></content><meta><description>FE's Malay BEPs at HQ have been attracting FULL HOUSE crowds every Tuesday night. On Tues 24th March 2009, the Malay BEP was graced by not one, not two but THREE of FE's Spokespersons, namely, Shalin Zulkifli (World Bowling Champion), Safee Sali (Malaysia's National Football Team Striker) and Wong Hong (Champion Bodybuilder). Shalin, Safee and Wong Hong shared their testimonials from using FE's Quantum Pendant with the enthusiastic audience. MC for the night is FE's ED Azizuddin Abd Malik and speakers were FE's dynamic PD Dr Mohd Fadil and Director Mat Jutawan. A BIG THANK YOU to Aziz, Dr Fadil and Mat for a great job done! SEE YOU AT THE TOP!</description><keyword>FE's Malay BEPs at HQ have been attracting FULL HOUSE crowds every Tuesday night. On Tues 24th March 2009, the Malay BEP was graced by not one, not two but THREE of FE's Spokespersons, namely, Shalin Zulkifli (World Bowling Champion), Safee Sali (Malaysia's National Football Team Striker) and Wong Hong (Champion Bodybuilder). Shalin, Safee and Wong Hong shared their testimonials from using FE's Quantum Pendant with the enthusiastic audience. MC for the night is FE's ED Azizuddin Abd Malik and speakers were FE's dynamic PD Dr Mohd Fadil and Director Mat Jutawan. A BIG THANK YOU to Aziz, Dr Fadil and Mat for a great job done! SEE YOU AT THE TOP!</keyword><robots>all</robots><author>klhunter</author></meta></bm><chi><title>Full House at Malay BEP, Headquarter, 24th March 2009!</title><content></content><meta><description>FE's Malay BEPs at HQ have been attracting FULL HOUSE crowds every Tuesday night. On Tues 24th March 2009, the Malay BEP was graced by not one, not two but THREE of FE's Spokespersons, namely, Shalin Zulkifli (World Bowling Champion), Safee Sali (Malaysia's National Football Team Striker) and Wong Hong (Champion Bodybuilder). Shalin, Safee and Wong Hong shared their testimonials from using FE's Quantum Pendant with the enthusiastic audience. MC for the night is FE's ED Azizuddin Abd Malik and speakers were FE's dynamic PD Dr Mohd Fadil and Director Mat Jutawan. A BIG THANK YOU to Aziz, Dr Fadil and Mat for a great job done! SEE YOU AT THE TOP!</description><keyword>FE's Malay BEPs at HQ have been attracting FULL HOUSE crowds every Tuesday night. On Tues 24th March 2009, the Malay BEP was graced by not one, not two but THREE of FE's Spokespersons, namely, Shalin Zulkifli (World Bowling Champion), Safee Sali (Malaysia's National Football Team Striker) and Wong Hong (Champion Bodybuilder). Shalin, Safee and Wong Hong shared their testimonials from using FE's Quantum Pendant with the enthusiastic audience. MC for the night is FE's ED Azizuddin Abd Malik and speakers were FE's dynamic PD Dr Mohd Fadil and Director Mat Jutawan. A BIG THANK YOU to Aziz, Dr Fadil and Mat for a great job done! SEE YOU AT THE TOP!</keyword><robots>all</robots><author>klhunter</author></meta></chi></article>
