<?xml version='1.0' encoding='utf-8'?><article><en><title>FusionExcel Sponsors Malacca Orang-Utan Hash House Harriers 10th Anniversary Run 14th March 2009! </title><content>&lt;p&gt;
	FusionExcel is proud to sponsor the Malacca Orang-Utan Hash House Harriers 10th Anniversary Run on 14th March 2009. The run was attended by Well over 1,000 participants attended the run from many parts of the world, including Singapore, Philippines, Indonesia, Thailand, Australia, Switzerland, Netherlands, etc. FusionExcel&amp;#39;s dynamic President Director Chow Chong Seng attended the event together with FusionExcel Leader Tony Lim. They conducted demonstrations using FusionExcel&amp;#39;s Quantum Pendant with the enthusiastic participants who were all amazed by the power of the Quantum Pendant! There were some participants who bought a set or two on the spot!&amp;nbsp;&lt;/p&gt;
&lt;br /&gt;
&lt;br /&gt;
&lt;table border=&quot;0&quot; cellpadding=&quot;0&quot; cellspacing=&quot;0&quot; class=&quot;content&quot; style=&quot;font-family: Verdana, Arial, Helvetica, sans-serif; font-size: 13px; color: rgb(0, 0, 0); text-align: justify; &quot; width=&quot;100%&quot;&gt;
	&lt;tbody&gt;
		&lt;tr&gt;
			&lt;td align=&quot;left&quot; height=&quot;226&quot; valign=&quot;top&quot;&gt;
				&lt;img height=&quot;266&quot; src=&quot;http://www.fusionexcel.com/imgnews/sponsor_hash_house_1.jpg&quot; width=&quot;354&quot; /&gt;&lt;/td&gt;
			&lt;td align=&quot;right&quot; valign=&quot;top&quot;&gt;
				&lt;img height=&quot;266&quot; src=&quot;http://www.fusionexcel.com/imgnews/sponsor_hash_house_2.jpg&quot; width=&quot;354&quot; /&gt;&lt;/td&gt;
		&lt;/tr&gt;
		&lt;tr&gt;
			&lt;td align=&quot;left&quot; height=&quot;224&quot; valign=&quot;top&quot;&gt;
				&lt;img height=&quot;266&quot; src=&quot;http://www.fusionexcel.com/imgnews/sponsor_hash_house_3.jpg&quot; width=&quot;354&quot; /&gt;&lt;/td&gt;
			&lt;td align=&quot;right&quot; valign=&quot;top&quot;&gt;
				&lt;img height=&quot;266&quot; src=&quot;http://www.fusionexcel.com/imgnews/sponsor_hash_house_4.jpg&quot; width=&quot;354&quot; /&gt;&lt;/td&gt;
		&lt;/tr&gt;
		&lt;tr&gt;
			&lt;td align=&quot;left&quot; height=&quot;10&quot;&gt;
				&lt;img height=&quot;266&quot; src=&quot;http://www.fusionexcel.com/imgnews/sponsor_hash_house_5.jpg&quot; width=&quot;354&quot; /&gt;&lt;/td&gt;
			&lt;td align=&quot;right&quot;&gt;
				&lt;img height=&quot;266&quot; src=&quot;http://www.fusionexcel.com/imgnews/sponsor_hash_house_6.jpg&quot; width=&quot;354&quot; /&gt;&lt;/td&gt;
		&lt;/tr&gt;
		&lt;tr&gt;
			&lt;td align=&quot;left&quot; height=&quot;10&quot;&gt;
				&lt;img height=&quot;266&quot; src=&quot;http://www.fusionexcel.com/imgnews/sponsor_hash_house_7.jpg&quot; width=&quot;354&quot; /&gt;&lt;/td&gt;
			&lt;td align=&quot;right&quot;&gt;
				&lt;img height=&quot;266&quot; src=&quot;http://www.fusionexcel.com/imgnews/sponsor_hash_house_8.jpg&quot; width=&quot;354&quot; /&gt;&lt;/td&gt;
		&lt;/tr&gt;
		&lt;tr&gt;
			&lt;td align=&quot;left&quot; height=&quot;10&quot;&gt;
				&lt;img height=&quot;266&quot; src=&quot;http://www.fusionexcel.com/imgnews/sponsor_hash_house_9.jpg&quot; width=&quot;354&quot; /&gt;&lt;/td&gt;
			&lt;td align=&quot;right&quot;&gt;
				&lt;img height=&quot;266&quot; src=&quot;http://www.fusionexcel.com/imgnews/sponsor_hash_house_10.jpg&quot; width=&quot;354&quot; /&gt;&lt;/td&gt;
		&lt;/tr&gt;
		&lt;tr&gt;
			&lt;td align=&quot;left&quot; height=&quot;10&quot;&gt;
				&lt;img height=&quot;266&quot; src=&quot;http://www.fusionexcel.com/imgnews/sponsor_hash_house_11.jpg&quot; width=&quot;354&quot; /&gt;&lt;/td&gt;
			&lt;td align=&quot;right&quot;&gt;
				&lt;img height=&quot;266&quot; src=&quot;http://www.fusionexcel.com/imgnews/sponsor_hash_house_12.jpg&quot; width=&quot;354&quot; /&gt;&lt;/td&gt;
		&lt;/tr&gt;
	&lt;/tbody&gt;
&lt;/table&gt;
&lt;p&gt;
	&amp;nbsp;&lt;/p&gt;
</content><meta><description>FusionExcel Sponsors Malacca Orang-Utan Hash House Harriers 10th Anniversary Run 14th March 2009!</description><keyword>FusionExcel, Malacca Orang-Utan Hash House Harriers 10th Anniversary Run 14th March 2009, Singapore, Philippines, Indonesia, Thailand, Australia, Switzerland, Netherlands, Tony Lim.</keyword><robots>all</robots><author>klhunter</author></meta></en><bm><title>FusionExcel Sponsors Malacca Orang-Utan Hash House Harriers 10th Anniversary Run 14th March 2009! </title><content></content><meta><description>FusionExcel Sponsors Malacca Orang-Utan Hash House Harriers 10th Anniversary Run 14th March 2009!</description><keyword>FusionExcel, Malacca Orang-Utan Hash House Harriers 10th Anniversary Run 14th March 2009, Singapore, Philippines, Indonesia, Thailand, Australia, Switzerland, Netherlands, Tony Lim.</keyword><robots>all</robots><author>klhunter</author></meta></bm><chi><title>FusionExcel Sponsors Malacca Orang-Utan Hash House Harriers 10th Anniversary Run 14th March 2009! </title><content></content><meta><description>FusionExcel Sponsors Malacca Orang-Utan Hash House Harriers 10th Anniversary Run 14th March 2009!</description><keyword>FusionExcel, Malacca Orang-Utan Hash House Harriers 10th Anniversary Run 14th March 2009, Singapore, Philippines, Indonesia, Thailand, Australia, Switzerland, Netherlands, Tony Lim.</keyword><robots>all</robots><author>klhunter</author></meta></chi></article>