<?xml version='1.0' encoding='utf-8'?><article><en><title>Photos SON 4, Mandarin Training @ Empress Hotel, Sepang, Malaysia 28th - 29th March 2009.</title><content>&lt;p&gt;
	FE&amp;#39;s 4th Mandarin SON (School of Networking), was held recently at the Empress Hotel, Sepang, Malaysia from 28th - 29th March 2009. SON is a highly interactive, entertaining and extremely impact workshop that will turn your MLM networking into a RM 1,000,000 enterprise! Participants are taught invaluable Leadership Skills, Presentation Skills, Goal Setting, Overcoming Challenges, etc.&amp;nbsp;&lt;br /&gt;
	&lt;br /&gt;
	A BIG THANK YOU to Trainers Lenny Painin and Jacky Cheng and to FE Presidential Directors Allan Yeo, Tilly Kong, Goh Tian Chye, Kenny Yik, Loh Chow Huat and upcoming leader FE Director Master Siew for organizing and conducting the successful workshop! SEE YOU ALL AT THE TOP!&amp;nbsp;&lt;/p&gt;
&lt;br /&gt;
&lt;br /&gt;
&lt;table border=&quot;0&quot; cellpadding=&quot;0&quot; cellspacing=&quot;0&quot; class=&quot;content&quot; style=&quot;font-family: Verdana, Arial, Helvetica, sans-serif; font-size: 13px; color: rgb(0, 0, 0); text-align: justify; &quot; width=&quot;100%&quot;&gt;
	&lt;tbody&gt;
		&lt;tr&gt;
			&lt;td align=&quot;center&quot; colspan=&quot;2&quot; height=&quot;226&quot; valign=&quot;top&quot;&gt;
				&lt;img height=&quot;336&quot; src=&quot;http://www.fusionexcel.com/imgnews/news_mandarin_training_sepang_1.jpg&quot; width=&quot;448&quot; /&gt;&lt;/td&gt;
		&lt;/tr&gt;
		&lt;tr&gt;
			&lt;td align=&quot;left&quot; height=&quot;10&quot;&gt;
				&lt;img height=&quot;266&quot; src=&quot;http://www.fusionexcel.com/imgnews/news_mandarin_training_sepang_2.jpg&quot; width=&quot;354&quot; /&gt;&lt;/td&gt;
			&lt;td align=&quot;right&quot;&gt;
				&lt;img height=&quot;266&quot; src=&quot;http://www.fusionexcel.com/imgnews/news_mandarin_training_sepang_3.jpg&quot; width=&quot;354&quot; /&gt;&lt;/td&gt;
		&lt;/tr&gt;
		&lt;tr&gt;
			&lt;td align=&quot;left&quot; height=&quot;10&quot;&gt;
				&lt;img height=&quot;266&quot; src=&quot;http://www.fusionexcel.com/imgnews/news_mandarin_training_sepang_4.jpg&quot; width=&quot;354&quot; /&gt;&lt;/td&gt;
			&lt;td align=&quot;right&quot;&gt;
				&lt;img height=&quot;266&quot; src=&quot;http://www.fusionexcel.com/imgnews/news_mandarin_training_sepang_5.jpg&quot; width=&quot;354&quot; /&gt;&lt;/td&gt;
		&lt;/tr&gt;
		&lt;tr&gt;
			&lt;td align=&quot;left&quot; height=&quot;10&quot;&gt;
				&lt;img height=&quot;266&quot; src=&quot;http://www.fusionexcel.com/imgnews/news_mandarin_training_sepang_6.jpg&quot; width=&quot;354&quot; /&gt;&lt;/td&gt;
			&lt;td align=&quot;right&quot; height=&quot;10&quot;&gt;
				&lt;img height=&quot;266&quot; src=&quot;http://www.fusionexcel.com/imgnews/news_mandarin_training_sepang_7.jpg&quot; width=&quot;354&quot; /&gt;&lt;/td&gt;
		&lt;/tr&gt;
		&lt;tr&gt;
			&lt;td align=&quot;left&quot; height=&quot;10&quot;&gt;
				&lt;img height=&quot;266&quot; src=&quot;http://www.fusionexcel.com/imgnews/news_mandarin_training_sepang_8.jpg&quot; width=&quot;354&quot; /&gt;&lt;/td&gt;
			&lt;td align=&quot;right&quot; height=&quot;10&quot;&gt;
				&lt;img height=&quot;266&quot; src=&quot;http://www.fusionexcel.com/imgnews/news_mandarin_training_sepang_9.jpg&quot; width=&quot;354&quot; /&gt;&lt;/td&gt;
		&lt;/tr&gt;
		&lt;tr&gt;
			&lt;td align=&quot;left&quot; height=&quot;10&quot;&gt;
				&lt;img height=&quot;266&quot; src=&quot;http://www.fusionexcel.com/imgnews/news_mandarin_training_sepang_10.jpg&quot; width=&quot;354&quot; /&gt;&lt;/td&gt;
			&lt;td align=&quot;right&quot;&gt;
				&lt;img height=&quot;266&quot; src=&quot;http://www.fusionexcel.com/imgnews/news_mandarin_training_sepang_11.jpg&quot; width=&quot;354&quot; /&gt;&lt;/td&gt;
		&lt;/tr&gt;
		&lt;tr&gt;
			&lt;td align=&quot;left&quot; height=&quot;10&quot;&gt;
				&lt;img height=&quot;266&quot; src=&quot;http://www.fusionexcel.com/imgnews/news_mandarin_training_sepang_12.jpg&quot; width=&quot;354&quot; /&gt;&lt;/td&gt;
			&lt;td align=&quot;right&quot;&gt;
				&lt;img height=&quot;266&quot; src=&quot;http://www.fusionexcel.com/imgnews/news_mandarin_training_sepang_13.jpg&quot; width=&quot;354&quot; /&gt;&lt;/td&gt;
		&lt;/tr&gt;
		&lt;tr&gt;
			&lt;td align=&quot;left&quot; height=&quot;10&quot;&gt;
				&lt;img height=&quot;266&quot; src=&quot;http://www.fusionexcel.com/imgnews/news_mandarin_training_sepang_14.jpg&quot; width=&quot;354&quot; /&gt;&lt;/td&gt;
			&lt;td align=&quot;right&quot;&gt;
				&lt;img height=&quot;266&quot; src=&quot;http://www.fusionexcel.com/imgnews/news_mandarin_training_sepang_15.jpg&quot; width=&quot;354&quot; /&gt;&lt;/td&gt;
		&lt;/tr&gt;
		&lt;tr&gt;
			&lt;td align=&quot;left&quot; height=&quot;10&quot;&gt;
				&lt;img height=&quot;266&quot; src=&quot;http://www.fusionexcel.com/imgnews/news_mandarin_training_sepang_16.jpg&quot; width=&quot;354&quot; /&gt;&lt;/td&gt;
			&lt;td align=&quot;right&quot;&gt;
				&lt;img height=&quot;266&quot; src=&quot;http://www.fusionexcel.com/imgnews/news_mandarin_training_sepang_17.jpg&quot; width=&quot;354&quot; /&gt;&lt;/td&gt;
		&lt;/tr&gt;
	&lt;/tbody&gt;
&lt;/table&gt;
&lt;p&gt;
	&amp;nbsp;&lt;/p&gt;
</content><meta><description>FE's 4th Mandarin SON (School of Networking), was held recently at the Empress Hotel, Sepang, Malaysia from 28th - 29th March 2009. SON is a highly interactive, entertaining and extremely impactful workshop that will turn your MLM networking into a RM 1,000,000 enterprise! Participants are taught invaluable Leadership Skills, Presentation Skills, Goal Setting, Overcoming Challenges, etc.



A BIG THANK YOU to Trainers Lenny Painin and Jacky Cheng and to FE Presidential Directors Allan Yeo, Tilly Kong, Goh Tian Chye, Kenny Yik, Loh Chow Huat and upcoming leader FE Director Master Siew for organising and conducting the successful workshop! SEE YOU ALL AT THE TOP!</description><keyword>Photos SON 4, Mandarin Training @ Empress Hotel, Sepang, Malaysia 28th - 29th March 2009.</keyword><robots>all</robots><author>klhunter</author></meta></en><bm><title>Photos SON 4, Mandarin Training @ Empress Hotel, Sepang, Malaysia 28th - 29th March 2009.</title><content></content><meta><description>FE's 4th Mandarin SON (School of Networking), was held recently at the Empress Hotel, Sepang, Malaysia from 28th - 29th March 2009. SON is a highly interactive, entertaining and extremely impactful workshop that will turn your MLM networking into a RM 1,000,000 enterprise! Participants are taught invaluable Leadership Skills, Presentation Skills, Goal Setting, Overcoming Challenges, etc.



A BIG THANK YOU to Trainers Lenny Painin and Jacky Cheng and to FE Presidential Directors Allan Yeo, Tilly Kong, Goh Tian Chye, Kenny Yik, Loh Chow Huat and upcoming leader FE Director Master Siew for organising and conducting the successful workshop! SEE YOU ALL AT THE TOP!</description><keyword>Photos SON 4, Mandarin Training @ Empress Hotel, Sepang, Malaysia 28th - 29th March 2009.</keyword><robots>all</robots><author>klhunter</author></meta></bm><chi><title>Photos SON 4, Mandarin Training @ Empress Hotel, Sepang, Malaysia 28th - 29th March 2009.</title><content></content><meta><description>FE's 4th Mandarin SON (School of Networking), was held recently at the Empress Hotel, Sepang, Malaysia from 28th - 29th March 2009. SON is a highly interactive, entertaining and extremely impactful workshop that will turn your MLM networking into a RM 1,000,000 enterprise! Participants are taught invaluable Leadership Skills, Presentation Skills, Goal Setting, Overcoming Challenges, etc.



A BIG THANK YOU to Trainers Lenny Painin and Jacky Cheng and to FE Presidential Directors Allan Yeo, Tilly Kong, Goh Tian Chye, Kenny Yik, Loh Chow Huat and upcoming leader FE Director Master Siew for organising and conducting the successful workshop! SEE YOU ALL AT THE TOP!</description><keyword>Photos SON 4, Mandarin Training @ Empress Hotel, Sepang, Malaysia 28th - 29th March 2009.</keyword><robots>all</robots><author>klhunter</author></meta></chi></article>