<?xml version='1.0' encoding='utf-8'?><article><en><title>FE Featured On Malaysia National TV Channel RTM1! </title><content>&lt;p&gt;
	&amp;nbsp;&lt;/p&gt;
&lt;table border=&quot;0&quot; cellpadding=&quot;0&quot; cellspacing=&quot;0&quot; style=&quot;color: rgb(0, 0, 0); font-family: 'Times New Roman'; background-color: rgb(238, 240, 252); font-size: medium; &quot; width=&quot;100%&quot;&gt;
	&lt;tbody&gt;
		&lt;tr&gt;
			&lt;td class=&quot;content&quot; style=&quot;font-family: Verdana, Arial, Helvetica, sans-serif; font-size: 13px; text-align: justify; &quot; valign=&quot;top&quot;&gt;
				&lt;table border=&quot;0&quot; cellpadding=&quot;0&quot; cellspacing=&quot;0&quot; class=&quot;content&quot; width=&quot;100%&quot;&gt;
					&lt;tbody&gt;
						&lt;tr&gt;
							&lt;td class=&quot;content&quot; valign=&quot;top&quot;&gt;
								FE was featured on Malaysian National TV Channel RTM1 (Bahasa Malaysia) at the &amp;quot;Reaching Beyond The Horizon&amp;quot; Event at Bukit Jalil Golf and Country Resort, Kuala Lumpur, on 19th February 2009. The Event was officiated by YB Encik Jelaing a/k Mersad, Deputy Minister of Domestic Trade and Consumer Affairs, Malaysia.&amp;nbsp;&lt;br /&gt;
								&amp;nbsp;&lt;/td&gt;
						&lt;/tr&gt;
						&lt;tr&gt;
							&lt;td class=&quot;content&quot; valign=&quot;top&quot;&gt;
								&lt;table border=&quot;0&quot; cellpadding=&quot;0&quot; cellspacing=&quot;0&quot; class=&quot;content&quot; width=&quot;100%&quot;&gt;
									&lt;tbody&gt;
										&lt;tr&gt;
											&lt;td align=&quot;center&quot; height=&quot;226&quot; valign=&quot;top&quot;&gt;
												&lt;a href=&quot;http://www.youtube.com/watch?v=5QKXy7ASGKE&quot; target=&quot;_blank&quot;&gt;&lt;img border=&quot;0&quot; height=&quot;266&quot; src=&quot;http://www.fusionexcel.com/imgnews/news_ricky_lim_interview.jpg&quot; width=&quot;354&quot; /&gt;&lt;/a&gt;&lt;/td&gt;
										&lt;/tr&gt;
										&lt;tr&gt;
											&lt;td align=&quot;center&quot; class=&quot;header_title&quot; height=&quot;25&quot; style=&quot;font-size: 11px; font-weight: bold; &quot; valign=&quot;middle&quot;&gt;
												&lt;a href=&quot;http://www.youtube.com/watch?v=5QKXy7ASGKE&quot; target=&quot;_blank&quot;&gt;Click Here to View Video on TV RTM1 (Bahasa Malaysia)&lt;/a&gt;&lt;/td&gt;
										&lt;/tr&gt;
										&lt;tr&gt;
										&lt;/tr&gt;
									&lt;/tbody&gt;
								&lt;/table&gt;
							&lt;/td&gt;
						&lt;/tr&gt;
					&lt;/tbody&gt;
				&lt;/table&gt;
			&lt;/td&gt;
		&lt;/tr&gt;
	&lt;/tbody&gt;
&lt;/table&gt;
&lt;p&gt;
	&amp;nbsp;&lt;/p&gt;
</content><meta><description>FE was featured on Malaysian National TV Channel RTM1 (Bahasa Malaysia) at the &amp;quot;Reaching Beyond The Horizon&amp;quot; Event at Bukit Jalil Golf and Country Resort, Kuala Lumpur, on 19th February 2009. The Event was officiated by YB Encik Jelaing a/k Mersad, Deputy Minister of Domestic Trade and Consumer Affairs, Malaysia.</description><keyword>FE Featured On Malaysia National TV Channel RTM1! </keyword><robots>all</robots><author>klhunter</author></meta></en><bm><title>FE Featured On Malaysia National TV Channel RTM1! </title><content></content><meta><description>FE was featured on Malaysian National TV Channel RTM1 (Bahasa Malaysia) at the &amp;quot;Reaching Beyond The Horizon&amp;quot; Event at Bukit Jalil Golf and Country Resort, Kuala Lumpur, on 19th February 2009. The Event was officiated by YB Encik Jelaing a/k Mersad, Deputy Minister of Domestic Trade and Consumer Affairs, Malaysia.</description><keyword>FE Featured On Malaysia National TV Channel RTM1! </keyword><robots>all</robots><author>klhunter</author></meta></bm><chi><title>FE Featured On Malaysia National TV Channel RTM1! </title><content></content><meta><description>FE was featured on Malaysian National TV Channel RTM1 (Bahasa Malaysia) at the &amp;quot;Reaching Beyond The Horizon&amp;quot; Event at Bukit Jalil Golf and Country Resort, Kuala Lumpur, on 19th February 2009. The Event was officiated by YB Encik Jelaing a/k Mersad, Deputy Minister of Domestic Trade and Consumer Affairs, Malaysia.</description><keyword>FE Featured On Malaysia National TV Channel RTM1! </keyword><robots>all</robots><author>klhunter</author></meta></chi></article>