<?xml version='1.0' encoding='utf-8'?><article><en><title>Read FE's Medical Consultant Dr Amir Farid's Article on RVT in Sunday Star 05th April 2009! </title><content>&lt;p&gt;
	&amp;nbsp;&lt;/p&gt;
&lt;br /&gt;
&lt;div&gt;
	&lt;table border=&quot;0&quot; cellpadding=&quot;0&quot; cellspacing=&quot;0&quot; style=&quot;color: rgb(0, 0, 0); font-family: 'Times New Roman'; background-color: rgb(238, 240, 252); font-size: medium; &quot; width=&quot;100%&quot;&gt;
		&lt;tbody&gt;
			&lt;tr&gt;
				&lt;td align=&quot;center&quot; valign=&quot;top&quot;&gt;
					&lt;img border=&quot;0&quot; src=&quot;http://www.fusionexcel.com/imgnews/news_dramirs_rvt_article.jpg&quot; /&gt;&lt;/td&gt;
			&lt;/tr&gt;
		&lt;/tbody&gt;
	&lt;/table&gt;
&lt;/div&gt;
&lt;p&gt;
	&amp;nbsp;&lt;/p&gt;
</content><meta><description>Read FE's Medical Consultant Dr Amir Farid's Article on RVT in Sunday Star 5th April 2009!</description><keyword>Read FE's Medical Consultant Dr Amir Farid's Article on RVT in Sunday Star 05th April 2009!</keyword><robots>all</robots><author>klhunter</author></meta></en><bm><title>Read FE's Medical Consultant Dr Amir Farid's Article on RVT in Sunday Star 05th April 2009! </title><content></content><meta><description>Read FE's Medical Consultant Dr Amir Farid's Article on RVT in Sunday Star 5th April 2009!</description><keyword>Read FE's Medical Consultant Dr Amir Farid's Article on RVT in Sunday Star 05th April 2009!</keyword><robots>all</robots><author>klhunter</author></meta></bm><chi><title>Read FE's Medical Consultant Dr Amir Farid's Article on RVT in Sunday Star 05th April 2009! </title><content></content><meta><description>Read FE's Medical Consultant Dr Amir Farid's Article on RVT in Sunday Star 5th April 2009!</description><keyword>Read FE's Medical Consultant Dr Amir Farid's Article on RVT in Sunday Star 05th April 2009!</keyword><robots>all</robots><author>klhunter</author></meta></chi></article>