<?xml version='1.0' encoding='utf-8'?><article><en><title>FE Donates 100,000 Baht to Anonymous Warriors Association 333 Thailand</title><content>&lt;p&gt;
	During FE&amp;#39;s recent Thailand Achievers Recognition Dinner on 04th April 2009, FE, represented by Founder CEO Paul Ting and Founder Director KS Lee, Donated 100,000 Baht to the Anonymous Warriors Association 333 of Thailand, represented by Air Chief Marshal Kant Phimarnthip, General Prasert Phakcharoen, Major General Charoen Techawanich and Directors of the Association. The mock cheque presentation was witnessed by Police General Professor Darun Sotthiphan.&amp;nbsp;&lt;br /&gt;
	&lt;br /&gt;
	&lt;img height=&quot;301&quot; src=&quot;http://www.fusionexcel.com/imgnews/news_warriors_association_333.jpg&quot; width=&quot;448&quot; /&gt;&lt;/p&gt;
</content><meta><description>FusionExcel donates 100,000 Baht to Anonymous Warriors Association 333 Thailand during Thailand Achievers Recognition Dinner on 04th April 2009.</description><keyword>Thailand Achievers Recognition Dinner, 04th April 2009, Paul Ting, KS Lee, Anonymous Warriors Association 333 of Thailand, Marshal Kant Phimarnthip, Charoen Techawanich, Darun Sotthiphan</keyword><robots>all</robots><author>klhunter</author></meta></en><bm><title>FE Donates 100,000 Baht to Anonymous Warriors Association 333 Thailand</title><content></content><meta><description>FusionExcel donates 100,000 Baht to Anonymous Warriors Association 333 Thailand during Thailand Achievers Recognition Dinner on 04th April 2009.</description><keyword>Thailand Achievers Recognition Dinner, 04th April 2009, Paul Ting, KS Lee, Anonymous Warriors Association 333 of Thailand, Marshal Kant Phimarnthip, Charoen Techawanich, Darun Sotthiphan</keyword><robots>all</robots><author>klhunter</author></meta></bm><chi><title>FE Donates 100,000 Baht to Anonymous Warriors Association 333 Thailand</title><content></content><meta><description>FusionExcel donates 100,000 Baht to Anonymous Warriors Association 333 Thailand during Thailand Achievers Recognition Dinner on 04th April 2009.</description><keyword>Thailand Achievers Recognition Dinner, 04th April 2009, Paul Ting, KS Lee, Anonymous Warriors Association 333 of Thailand, Marshal Kant Phimarnthip, Charoen Techawanich, Darun Sotthiphan</keyword><robots>all</robots><author>klhunter</author></meta></chi></article>