<?xml version='1.0' encoding='utf-8'?><article><en><title>FE Donates RM 20,000 to Persatuan Budi Penyayang Daerah Bentong!</title><content>&lt;p&gt;
	FE is proud to donate RM 20,000 (comprising cash and scalar energy products) to Persatuan Budi Penyayang Daerah Bentong. The association was formed in January 2009 to show love, kindness and support to the following groups of people:&lt;br /&gt;
	&lt;br /&gt;
	- Senior citizens.&lt;br /&gt;
	- Disabled communities.&lt;br /&gt;
	- Sick patients who need lifelong medical help.&lt;br /&gt;
	- Single mothers.&lt;br /&gt;
	&lt;br /&gt;
	The mock cheque was presented during FE&amp;#39;s Achievers Recognition Dinner 11th April 2009 to the Founder of the association Mr Chong Tuck Meng by FE Founder CEO Paul Ting and FE Founder Director KS Lee.&amp;nbsp;&lt;br /&gt;
	&lt;br /&gt;
	&lt;img height=&quot;299&quot; src=&quot;http://www.fusionexcel.com/imgnews/char_persatuan_budi.jpg&quot; width=&quot;448&quot; /&gt;&lt;/p&gt;
</content><meta><description>FusionExcel donate RM 20,000 which comprising cash and scalar energy products to Persatuan Budi Penyayang Daerah Bentong on 11th April 2009.</description><keyword>Persatuan Budi Penyayang Daerah Bentong, 11th April 2009, Paul Ting, KS Lee, Mr. Chong Tuck Meng</keyword><robots>all</robots><author>klhunter</author></meta></en><bm><title>FE Donates RM 20,000 to Persatuan Budi Penyayang Daerah Bentong!</title><content></content><meta><description>FusionExcel donate RM 20,000 which comprising cash and scalar energy products to Persatuan Budi Penyayang Daerah Bentong on 11th April 2009.</description><keyword>Persatuan Budi Penyayang Daerah Bentong, 11th April 2009, Paul Ting, KS Lee, Mr. Chong Tuck Meng</keyword><robots>all</robots><author>klhunter</author></meta></bm><chi><title>FE Donates RM 20,000 to Persatuan Budi Penyayang Daerah Bentong!</title><content></content><meta><description>FusionExcel donate RM 20,000 which comprising cash and scalar energy products to Persatuan Budi Penyayang Daerah Bentong on 11th April 2009.</description><keyword>Persatuan Budi Penyayang Daerah Bentong, 11th April 2009, Paul Ting, KS Lee, Mr. Chong Tuck Meng</keyword><robots>all</robots><author>klhunter</author></meta></chi></article>