<?xml version="1.0" encoding="utf-8"?>
<article><en><title>FusionExcel's Welcome Day, Saturday, 20th January 2007 is Packed with Participants. Congratulations! Special Guest: Mr. Malek Noor (Champion Body Builder).</title><content>&lt;table border="0" cellpadding="0" cellspacing="0" style="color: rgb(0, 0, 0); font-family: 'Times New Roman'; background-color: rgb(238, 240, 252); font-size: medium; " width="100%"&gt;
	&lt;tbody&gt;
		&lt;tr&gt;
			&lt;td class="content" style="font-family: Verdana, Arial, Helvetica, sans-serif; font-size: 13px; text-align: justify; " valign="top"&gt;
				&lt;table border="0" cellpadding="0" cellspacing="0" width="100%"&gt;
					&lt;tbody&gt;
						&lt;tr valign="top"&gt;
							&lt;td&gt;
								&lt;table border="0" cellpadding="0" cellspacing="0" width="100%"&gt;
									&lt;tbody&gt;
										&lt;tr&gt;
											&lt;td&gt;
												&lt;img src="http://fusionexcel.com/imgnews/welcomeday01.jpg" style="width: 352px; height: 250px; " /&gt;&lt;/td&gt;
											&lt;td align="right"&gt;
												&lt;img src="http://fusionexcel.com/imgnews/welcomeday02.jpg" style="width: 352px; height: 250px; " /&gt;&lt;/td&gt;
										&lt;/tr&gt;
									&lt;/tbody&gt;
								&lt;/table&gt;
							&lt;/td&gt;
						&lt;/tr&gt;
						&lt;tr valign="top"&gt;
							&lt;td&gt;
								&lt;table border="0" cellpadding="0" cellspacing="0" width="100%"&gt;
									&lt;tbody&gt;
										&lt;tr&gt;
											&lt;td&gt;
												&lt;img src="http://fusionexcel.com/imgnews/welcomeday03.jpg" style="width: 352px; height: 250px; " /&gt;&lt;/td&gt;
											&lt;td align="right"&gt;
												&lt;img src="http://fusionexcel.com/imgnews/welcomeday04.jpg" style="width: 352px; height: 250px; " /&gt;&lt;/td&gt;
										&lt;/tr&gt;
									&lt;/tbody&gt;
								&lt;/table&gt;
							&lt;/td&gt;
						&lt;/tr&gt;
						&lt;tr valign="top"&gt;
							&lt;td&gt;
								&lt;table border="0" cellpadding="0" cellspacing="0" width="100%"&gt;
									&lt;tbody&gt;
										&lt;tr&gt;
											&lt;td&gt;
												&lt;img src="http://fusionexcel.com/imgnews/welcomeday05.jpg" style="width: 352px; height: 250px; " /&gt;&lt;/td&gt;
											&lt;td align="right"&gt;
												&lt;img src="http://fusionexcel.com/imgnews/welcomeday06.jpg" style="width: 352px; height: 250px; " /&gt;&lt;/td&gt;
										&lt;/tr&gt;
									&lt;/tbody&gt;
								&lt;/table&gt;
							&lt;/td&gt;
						&lt;/tr&gt;
						&lt;tr valign="top"&gt;
							&lt;td&gt;
								&lt;table border="0" cellpadding="0" cellspacing="0" width="100%"&gt;
									&lt;tbody&gt;
										&lt;tr&gt;
											&lt;td valign="top" width="354"&gt;
												&lt;img src="http://fusionexcel.com/imgnews/welcomeday07.jpg" style="width: 352px; height: 255px; " /&gt;&lt;/td&gt;
											&lt;td align="center" valign="top" width="353"&gt;
												&lt;img height="281" src="http://fusionexcel.com/imgnews/welcomeday08.jpg" width="211" /&gt;&lt;/td&gt;
										&lt;/tr&gt;
									&lt;/tbody&gt;
								&lt;/table&gt;
							&lt;/td&gt;
						&lt;/tr&gt;
						&lt;tr valign="top"&gt;
							&lt;td&gt;
								&lt;table border="0" cellpadding="0" cellspacing="0" width="100%"&gt;
									&lt;tbody&gt;
										&lt;tr&gt;
											&lt;td align="center"&gt;
												&lt;img height="281" src="http://fusionexcel.com/imgnews/welcomeday09.jpg" width="211" /&gt;&lt;/td&gt;
											&lt;td align="center"&gt;
												&lt;img height="281" src="http://fusionexcel.com/imgnews/welcomeday10.jpg" width="211" /&gt;&lt;/td&gt;
										&lt;/tr&gt;
									&lt;/tbody&gt;
								&lt;/table&gt;
							&lt;/td&gt;
						&lt;/tr&gt;
					&lt;/tbody&gt;
				&lt;/table&gt;
			&lt;/td&gt;
		&lt;/tr&gt;
	&lt;/tbody&gt;
&lt;/table&gt;
&lt;p&gt;
	&amp;nbsp;&lt;/p&gt;
</content><meta><description>FusionExcel's Welcome Day, Saturday, 20th January 2007 is packed with participants. Congratulations! Special Guest: Mr. Malek Noor (Champion Body Builder).</description><keyword></keyword><robots>all</robots><author>klhunter</author></meta><alt_title>Welcome day With Malek Noor.</alt_title></en><bm><title>FE Banquet Dinner Event 21st July 2007.</title><content></content><meta><description>FE Banquet Dinner Event 21st July 2007.</description><keyword>FE Banquet Dinner Event 21st July 2007.</keyword><robots>all</robots><author>klhunter</author></meta><alt_title></alt_title></bm><chi><title>FE Banquet Dinner Event 21st July 2007.</title><content></content><meta><description>FE Banquet Dinner Event 21st July 2007.</description><keyword>FE Banquet Dinner Event 21st July 2007.</keyword><robots>all</robots><author>klhunter</author></meta><alt_title></alt_title></chi></article>
