<?xml version='1.0' encoding='utf-8'?><article><en><title>Watch Video, FE @ Body, Soul, Spirit Expo Edmonton, Canada! </title><content>&lt;p&gt;
	&lt;strong&gt;VIDEO SUBMITTED BY FE CANADIAN LEADER ZACH HO.&lt;/strong&gt;&lt;br /&gt;
	&lt;br /&gt;
	&lt;a href=&quot;http://www.youtube.com/watch?v=POnpubmUcz0&quot; target=&quot;_blank&quot;&gt;&lt;img border=&quot;0&quot; height=&quot;258&quot; src=&quot;http://www.fusionexcel.com/imgnews/news_soulspirit_expo_canada.jpg&quot; width=&quot;354&quot; /&gt;&lt;/a&gt;&lt;/p&gt;
</content><meta><description>VIDEO SUBMITTED BY FE CANADIAN LEADER ZACH HO.</description><keyword>Watch Video, FE @ Body, Soul, Spirit Expo Edmonton, Canada! </keyword><robots>all</robots><author>klhunter</author></meta></en><bm><title>Watch Video, FE @ Body, Soul, Spirit Expo Edmonton, Canada! </title><content></content><meta><description>VIDEO SUBMITTED BY FE CANADIAN LEADER ZACH HO.</description><keyword>Watch Video, FE @ Body, Soul, Spirit Expo Edmonton, Canada! </keyword><robots>all</robots><author>klhunter</author></meta></bm><chi><title>Watch Video, FE @ Body, Soul, Spirit Expo Edmonton, Canada! </title><content></content><meta><description>VIDEO SUBMITTED BY FE CANADIAN LEADER ZACH HO.</description><keyword>Watch Video, FE @ Body, Soul, Spirit Expo Edmonton, Canada! </keyword><robots>all</robots><author>klhunter</author></meta></chi></article>