<?xml version='1.0' encoding='utf-8'?><article><en><title>FE Welcomes QP Wearer, Esther Chin, Contestant, TV 8 One-in-a Million Singing Contest! </title><content>&lt;p&gt;
	&amp;nbsp;&lt;/p&gt;
&lt;br /&gt;
&lt;div&gt;
	&lt;table border=&quot;0&quot; cellpadding=&quot;0&quot; cellspacing=&quot;0&quot; class=&quot;content&quot; style=&quot;font-family: Verdana, Arial, Helvetica, sans-serif; font-size: 13px; color: rgb(0, 0, 0); text-align: justify; background-color: rgb(238, 240, 252); &quot; width=&quot;100%&quot;&gt;
		&lt;tbody&gt;
			&lt;tr&gt;
				&lt;td align=&quot;center&quot; colspan=&quot;2&quot; height=&quot;226&quot; valign=&quot;top&quot;&gt;
					&lt;img height=&quot;595&quot; src=&quot;http://www.fusionexcel.com/imgnews/news_million_singing_contest_1.jpg&quot; width=&quot;600&quot; /&gt;&lt;/td&gt;
			&lt;/tr&gt;
			&lt;tr&gt;
				&lt;td align=&quot;center&quot; colspan=&quot;2&quot; height=&quot;226&quot; valign=&quot;top&quot;&gt;
					&lt;img height=&quot;604&quot; src=&quot;http://www.fusionexcel.com/imgnews/news_million_singing_contest_2.jpg&quot; width=&quot;496&quot; /&gt;&lt;/td&gt;
			&lt;/tr&gt;
			&lt;tr&gt;
				&lt;td align=&quot;left&quot; height=&quot;224&quot; valign=&quot;top&quot;&gt;
					&lt;img height=&quot;266&quot; src=&quot;http://www.fusionexcel.com/imgnews/news_million_singing_contest_3.jpg&quot; width=&quot;354&quot; /&gt;&lt;/td&gt;
				&lt;td align=&quot;right&quot; valign=&quot;top&quot;&gt;
					&lt;img height=&quot;266&quot; src=&quot;http://www.fusionexcel.com/imgnews/news_million_singing_contest_4.jpg&quot; width=&quot;354&quot; /&gt;&lt;/td&gt;
			&lt;/tr&gt;
			&lt;tr&gt;
				&lt;td align=&quot;left&quot; height=&quot;226&quot; valign=&quot;top&quot;&gt;
					&lt;img height=&quot;266&quot; src=&quot;http://www.fusionexcel.com/imgnews/news_million_singing_contest_5.jpg&quot; width=&quot;354&quot; /&gt;&lt;/td&gt;
				&lt;td align=&quot;right&quot; valign=&quot;top&quot;&gt;
					&lt;img height=&quot;266&quot; src=&quot;http://www.fusionexcel.com/imgnews/news_million_singing_contest_6.jpg&quot; width=&quot;354&quot; /&gt;&lt;/td&gt;
			&lt;/tr&gt;
			&lt;tr&gt;
				&lt;td align=&quot;left&quot; height=&quot;226&quot; valign=&quot;top&quot;&gt;
					&lt;img height=&quot;266&quot; src=&quot;http://www.fusionexcel.com/imgnews/news_million_singing_contest_7.jpg&quot; width=&quot;354&quot; /&gt;&lt;/td&gt;
				&lt;td align=&quot;right&quot; valign=&quot;top&quot;&gt;
					&lt;img height=&quot;266&quot; src=&quot;http://www.fusionexcel.com/imgnews/news_million_singing_contest_8.jpg&quot; width=&quot;354&quot; /&gt;&lt;/td&gt;
			&lt;/tr&gt;
		&lt;/tbody&gt;
	&lt;/table&gt;
&lt;/div&gt;
&lt;p&gt;
	&amp;nbsp;&lt;/p&gt;
</content><meta><description>FE Welcomes QP Wearer, Esther Chin, Contestant, TV 8 One-in-a Million Singing Contest! </description><keyword>FE Welcomes QP Wearer, Esther Chin, Contestant, TV 8 One-in-a Million Singing Contest! </keyword><robots>all</robots><author>klhunter</author></meta></en><bm><title>FE Welcomes QP Wearer, Esther Chin, Contestant, TV 8 One-in-a Million Singing Contest! </title><content></content><meta><description>FE Welcomes QP Wearer, Esther Chin, Contestant, TV 8 One-in-a Million Singing Contest! </description><keyword>FE Welcomes QP Wearer, Esther Chin, Contestant, TV 8 One-in-a Million Singing Contest! </keyword><robots>all</robots><author>klhunter</author></meta></bm><chi><title>FE Welcomes QP Wearer, Esther Chin, Contestant, TV 8 One-in-a Million Singing Contest! </title><content></content><meta><description>FE Welcomes QP Wearer, Esther Chin, Contestant, TV 8 One-in-a Million Singing Contest! </description><keyword>FE Welcomes QP Wearer, Esther Chin, Contestant, TV 8 One-in-a Million Singing Contest! </keyword><robots>all</robots><author>klhunter</author></meta></chi></article>