<?xml version='1.0' encoding='utf-8'?><article><en><title>FusionExcel Sponsors 7th Malaysia Nash Hash Run, Betong, Yala, South Thailand! </title><content>&lt;p&gt;
	&lt;strong&gt;REPORT BY FUSIONEXCEL DIRECTOR AND HASHER ANDREW LEONG.&lt;/strong&gt;&lt;br /&gt;
	&lt;br /&gt;
	Hash Chapter, Selama Batang Hash House Harrier is organizing the 7th Malaysia Nash Hash Run on the&amp;nbsp;&lt;br /&gt;
	01st and 02nd May 2009 at Betong, Yala, Southern Thailand. FusionExcel is proud to be the Sponsor of this event.&amp;nbsp;&lt;br /&gt;
	&lt;br /&gt;
	A press conference was held on 21st April 2009 at the Garden View Hotel which was attended by the&amp;nbsp;&lt;br /&gt;
	Deputy Mayor&amp;nbsp;of Betong,&amp;nbsp;Mr. Chalermchai, the Tourism Authority of Thailand, Narathiwat Director&amp;nbsp;&lt;br /&gt;
	Mr. Ahman Mad-adam, Police Chief of Betong Mr. Sombat Wangdee and Malaysia Hash Council Chairman&amp;nbsp;&lt;br /&gt;
	Mr. Murugan.&lt;br /&gt;
	&lt;br /&gt;
	During the event, the Deputy Mayor and the guests of honor were shown demonstration of the power of FusionExcel&amp;#39;s Quantum Pendant by FusionExcel Director Andrew Leong&amp;nbsp;and they&amp;nbsp;were all amazed with the effects of the pendant. As the No. 2 man in Betong, Mr. Chalermchai suffers from stress and fatigue. He is very&amp;nbsp;happy to wear&amp;nbsp;FusionExcel&amp;#39;s Quantum Pendant&amp;nbsp;to improve his health and welcome us to visit him&amp;nbsp;on our next trip&amp;nbsp;to&amp;nbsp;Betong.&amp;nbsp;We hope&amp;nbsp;by then, he has improved his health and actively promoting FusionExcel&amp;#39;s Quantum Pendant to the people of Betong!&amp;nbsp;&lt;/p&gt;
&lt;br /&gt;
&lt;br /&gt;
&lt;table border=&quot;0&quot; cellpadding=&quot;0&quot; cellspacing=&quot;0&quot; class=&quot;content&quot; style=&quot;font-family: Verdana, Arial, Helvetica, sans-serif; font-size: 13px; color: rgb(0, 0, 0); text-align: justify; &quot; width=&quot;100%&quot;&gt;
	&lt;tbody&gt;
		&lt;tr&gt;
			&lt;td align=&quot;left&quot; height=&quot;224&quot; valign=&quot;top&quot;&gt;
				&lt;img height=&quot;237&quot; src=&quot;http://www.fusionexcel.com/imgnews/sponsor_hash_betong_1.jpg&quot; width=&quot;354&quot; /&gt;&lt;/td&gt;
			&lt;td align=&quot;right&quot; valign=&quot;top&quot;&gt;
				&lt;img height=&quot;237&quot; src=&quot;http://www.fusionexcel.com/imgnews/sponsor_hash_betong_2.jpg&quot; width=&quot;354&quot; /&gt;&lt;/td&gt;
		&lt;/tr&gt;
		&lt;tr&gt;
			&lt;td align=&quot;left&quot; height=&quot;10&quot;&gt;
				&lt;img height=&quot;237&quot; src=&quot;http://www.fusionexcel.com/imgnews/sponsor_hash_betong_3.jpg&quot; width=&quot;354&quot; /&gt;&lt;/td&gt;
			&lt;td align=&quot;right&quot;&gt;
				&lt;img height=&quot;237&quot; src=&quot;http://www.fusionexcel.com/imgnews/sponsor_hash_betong_4.jpg&quot; width=&quot;354&quot; /&gt;&lt;/td&gt;
		&lt;/tr&gt;
		&lt;tr&gt;
			&lt;td align=&quot;left&quot; height=&quot;10&quot;&gt;
				&lt;img height=&quot;237&quot; src=&quot;http://www.fusionexcel.com/imgnews/sponsor_hash_betong_5.jpg&quot; width=&quot;354&quot; /&gt;&lt;/td&gt;
			&lt;td align=&quot;right&quot;&gt;
				&lt;img height=&quot;237&quot; src=&quot;http://www.fusionexcel.com/imgnews/sponsor_hash_betong_6.jpg&quot; width=&quot;354&quot; /&gt;&lt;/td&gt;
		&lt;/tr&gt;
		&lt;tr&gt;
			&lt;td align=&quot;left&quot; height=&quot;10&quot;&gt;
				&lt;img height=&quot;237&quot; src=&quot;http://www.fusionexcel.com/imgnews/sponsor_hash_betong_7.jpg&quot; width=&quot;354&quot; /&gt;&lt;/td&gt;
			&lt;td align=&quot;right&quot;&gt;
				&lt;img height=&quot;237&quot; src=&quot;http://www.fusionexcel.com/imgnews/sponsor_hash_betong_8.jpg&quot; width=&quot;354&quot; /&gt;&lt;/td&gt;
		&lt;/tr&gt;
		&lt;tr&gt;
			&lt;td align=&quot;left&quot; height=&quot;10&quot;&gt;
				&lt;img height=&quot;237&quot; src=&quot;http://www.fusionexcel.com/imgnews/sponsor_hash_betong_9.jpg&quot; width=&quot;354&quot; /&gt;&lt;/td&gt;
			&lt;td align=&quot;right&quot;&gt;
				&lt;img height=&quot;237&quot; src=&quot;http://www.fusionexcel.com/imgnews/sponsor_hash_betong_10.jpg&quot; width=&quot;354&quot; /&gt;&lt;/td&gt;
		&lt;/tr&gt;
		&lt;tr&gt;
			&lt;td align=&quot;left&quot; height=&quot;10&quot;&gt;
				&lt;img height=&quot;237&quot; src=&quot;http://www.fusionexcel.com/imgnews/sponsor_hash_betong_11.jpg&quot; width=&quot;354&quot; /&gt;&lt;/td&gt;
			&lt;td align=&quot;right&quot;&gt;
				&lt;img height=&quot;237&quot; src=&quot;http://www.fusionexcel.com/imgnews/sponsor_hash_betong_12.jpg&quot; width=&quot;354&quot; /&gt;&lt;/td&gt;
		&lt;/tr&gt;
	&lt;/tbody&gt;
&lt;/table&gt;
&lt;p&gt;
	&amp;nbsp;&lt;/p&gt;
</content><meta><description>Hash Chapter, Selama Batang Hash House Harrier is organizing the 7th Malaysia Nash Hash Run on the 01st and 02nd May 2009 at Betong, Yala, South Thailand.</description><keyword>FusionExcel, 7th Malaysia Nash Hash Run, Betong, Yala, South Thailand, Report by FusionExcel Director And Hasher Andrew Leong, Hash Chapter, Selama Batang Hash House Harrier, Garden View Hotel, Tourism Authority of Thailand, Mr Chalermchai, Tourism Authority of Thailand, Narathiwat Director Mr. Ahman Mad-adam, Mr Sambat Wangdee, Mr Murugan.</keyword><robots>all</robots><author>klhunter</author></meta></en><bm><title>FusionExcel Sponsors 7th Malaysia Nash Hash Run, Betong, Yala, South Thailand! </title><content></content><meta><description>Hash Chapter, Selama Batang Hash House Harrier is organizing the 7th Malaysia Nash Hash Run on the 01st and 02nd May 2009 at Betong, Yala, South Thailand.</description><keyword>FusionExcel, 7th Malaysia Nash Hash Run, Betong, Yala, South Thailand, Report by FusionExcel Director And Hasher Andrew Leong, Hash Chapter, Selama Batang Hash House Harrier, Garden View Hotel, Tourism Authority of Thailand, Mr Chalermchai, Tourism Authority of Thailand, Narathiwat Director Mr. Ahman Mad-adam, Mr Sambat Wangdee, Mr Murugan.</keyword><robots>all</robots><author>klhunter</author></meta></bm><chi><title>FusionExcel Sponsors 7th Malaysia Nash Hash Run, Betong, Yala, South Thailand! </title><content></content><meta><description>Hash Chapter, Selama Batang Hash House Harrier is organizing the 7th Malaysia Nash Hash Run on the 01st and 02nd May 2009 at Betong, Yala, South Thailand.</description><keyword>FusionExcel, 7th Malaysia Nash Hash Run, Betong, Yala, South Thailand, Report by FusionExcel Director And Hasher Andrew Leong, Hash Chapter, Selama Batang Hash House Harrier, Garden View Hotel, Tourism Authority of Thailand, Mr Chalermchai, Tourism Authority of Thailand, Narathiwat Director Mr. Ahman Mad-adam, Mr Sambat Wangdee, Mr Murugan.</keyword><robots>all</robots><author>klhunter</author></meta></chi></article>