<?xml version='1.0' encoding='utf-8'?><article><en><title>Congratulations to Our World Champions! (Notice Wendy Chai Wearing FE's Quantum Pendant)</title><content>&lt;p&gt;
	&amp;nbsp;&lt;/p&gt;
&lt;br /&gt;
&lt;div&gt;
	&lt;img height=&quot;233&quot; src=&quot;http://www.fusionexcel.com/imgnews/congratulations.jpg&quot; width=&quot;350&quot; /&gt;
	&lt;div align=&quot;center&quot;&gt;
		World No 1: The Victorious Malaysian Women&amp;#39;s Bowling Team&amp;nbsp;&lt;br /&gt;
		(from left) Sharon Koh, Choy Poh Lai, Zandra Aziela Ibrahim Hakimi, Shalin Zulkifli,&lt;br /&gt;
		Wendy Chai and Esther Cheah Posing After Winning the Team Gold&lt;br /&gt;
		Medal at The Women&amp;#39;s World Championships in Mexico on Wednesday, 05th September, 2007.&lt;/div&gt;
&lt;/div&gt;
&lt;p&gt;
	&amp;nbsp;&lt;/p&gt;
</content><meta><description>Congratulations to Our World Champions! (Notice Wendy Chai Wearing FE's Quantum Pendant)</description><keyword>Congratulations to Our World Champions! (Notice Wendy Chai Wearing FE's Quantum Pendant)</keyword><robots>all</robots><author>klhunter</author></meta></en><bm><title>Congratulations to Our World Champions! (Notice Wendy Chai Wearing FE's Quantum Pendant)</title><content></content><meta><description>Congratulations to Our World Champions! (Notice Wendy Chai Wearing FE's Quantum Pendant)</description><keyword>Congratulations to Our World Champions! (Notice Wendy Chai Wearing FE's Quantum Pendant)</keyword><robots>all</robots><author>klhunter</author></meta></bm><chi><title>Congratulations to Our World Champions! (Notice Wendy Chai Wearing FE's Quantum Pendant)</title><content></content><meta><description>Congratulations to Our World Champions! (Notice Wendy Chai Wearing FE's Quantum Pendant)</description><keyword>Congratulations to Our World Champions! (Notice Wendy Chai Wearing FE's Quantum Pendant)</keyword><robots>all</robots><author>klhunter</author></meta></chi></article>