<?xml version="1.0" encoding="utf-8"?>
<article><en><title>Well Known Corporate Figure and Celebrity Jason Lo Wearing FE's Quantum Pendant on the Front Page of the THE EDGE FINANCIAL DAILY, Monday, 03rd December 2007.</title><content>&lt;p&gt;
	&lt;img class="content" height="836" src="http://www.fusionexcel.com/imgnews/edge.gif" style="font-family: Verdana, Arial, Helvetica, sans-serif; color: rgb(0, 0, 0); text-align: justify; font-weight: bold; background-color: rgb(238, 240, 252); " width="718" /&gt;&lt;/p&gt;
</content><meta><description>Well known corporate figure and celebrity Jason Lo wearing FE's Quantum Pendant on the front page of the THE EDGE FINANCIAL DAILY, Monday December 3rd, 2007.</description><keyword>FusionExcel International</keyword><robots>all</robots><author>klhunter</author></meta></en><bm><title>Congratulations to 100 Winners of Notebook @ FE's 1 Million QP Celebration Banquet, 23rd May 2009!</title><content></content><meta><description>Congratulations to 100 Winners of Notebook @ FE's 1 Million QP Celebration Banquet, 23rd May 2009!</description><keyword>Congratulations to 100 Winners of Notebook @ FE's 1 Million QP Celebration Banquet, 23rd May 2009!</keyword><robots>all</robots><author>klhunter</author></meta></bm><chi><title>Congratulations to 100 Winners of Notebook @ FE's 1 Million QP Celebration Banquet, 23rd May 2009!</title><content></content><meta><description>Congratulations to 100 Winners of Notebook @ FE's 1 Million QP Celebration Banquet, 23rd May 2009!</description><keyword>Congratulations to 100 Winners of Notebook @ FE's 1 Million QP Celebration Banquet, 23rd May 2009!</keyword><robots>all</robots><author>klhunter</author></meta></chi></article>
