<?xml version='1.0' encoding='utf-8'?><article><en><title>FE Circus Big Top Convention.</title><content>&lt;p&gt;
	&amp;nbsp;&lt;/p&gt;
&lt;table border=&quot;0&quot; cellpadding=&quot;0&quot; cellspacing=&quot;0&quot; style=&quot;color: rgb(0, 0, 0); font-family: 'Times New Roman'; background-color: rgb(238, 240, 252); font-size: medium; &quot; width=&quot;100%&quot;&gt;
	&lt;tbody&gt;
		&lt;tr&gt;
			&lt;td class=&quot;content&quot; style=&quot;font-family: Verdana, Arial, Helvetica, sans-serif; font-size: 13px; text-align: justify; &quot; valign=&quot;top&quot;&gt;
				FE Circus Big Top Convention on Saturday, 08th September 2007 was a huge success with 3,500 attendees from all over Malaysia and overseas! Everyone had a great time being entertained by the world class Royal London Circus.&lt;br /&gt;
				&lt;br /&gt;
				FE would like to thank all our leaders, members and Mr Paul Lee and his wife, Doris of the Royal London Circus for making the event a successful and memorable one.&amp;nbsp;&lt;br /&gt;
				&lt;br /&gt;
				We look forward to seeing you all&amp;nbsp;again at our next event. Thank you!&lt;br /&gt;
				&amp;nbsp;&lt;/td&gt;
		&lt;/tr&gt;
		&lt;tr&gt;
			&lt;td class=&quot;content&quot; style=&quot;font-family: Verdana, Arial, Helvetica, sans-serif; font-size: 13px; text-align: justify; &quot; valign=&quot;top&quot;&gt;
				&lt;table border=&quot;0&quot; cellpadding=&quot;0&quot; cellspacing=&quot;0&quot; width=&quot;100%&quot;&gt;
					&lt;tbody&gt;
						&lt;tr valign=&quot;top&quot;&gt;
							&lt;td&gt;
								&lt;img height=&quot;234&quot; src=&quot;http://www.fusionexcel.com/imgnews/circus01.jpg&quot; width=&quot;353&quot; /&gt;&lt;/td&gt;
							&lt;td align=&quot;right&quot;&gt;
								&lt;img height=&quot;234&quot; src=&quot;http://www.fusionexcel.com/imgnews/circus02.jpg&quot; width=&quot;353&quot; /&gt;&lt;/td&gt;
						&lt;/tr&gt;
						&lt;tr valign=&quot;top&quot;&gt;
							&lt;td width=&quot;50%&quot;&gt;
								&lt;img height=&quot;234&quot; src=&quot;http://www.fusionexcel.com/imgnews/circus03.jpg&quot; width=&quot;353&quot; /&gt;&lt;/td&gt;
							&lt;td align=&quot;right&quot;&gt;
								&lt;img height=&quot;234&quot; src=&quot;http://www.fusionexcel.com/imgnews/circus04.jpg&quot; width=&quot;353&quot; /&gt;&lt;/td&gt;
						&lt;/tr&gt;
						&lt;tr valign=&quot;top&quot;&gt;
							&lt;td&gt;
								&lt;img height=&quot;234&quot; src=&quot;http://www.fusionexcel.com/imgnews/circus05.jpg&quot; width=&quot;353&quot; /&gt;&lt;/td&gt;
							&lt;td align=&quot;right&quot;&gt;
								&lt;img height=&quot;234&quot; src=&quot;http://www.fusionexcel.com/imgnews/circus06.jpg&quot; width=&quot;353&quot; /&gt;&lt;/td&gt;
						&lt;/tr&gt;
						&lt;tr valign=&quot;top&quot;&gt;
							&lt;td&gt;
								&lt;img height=&quot;234&quot; src=&quot;http://www.fusionexcel.com/imgnews/circus07.jpg&quot; width=&quot;353&quot; /&gt;&lt;/td&gt;
							&lt;td align=&quot;right&quot;&gt;
								&lt;img height=&quot;234&quot; src=&quot;http://www.fusionexcel.com/imgnews/circus08.jpg&quot; width=&quot;353&quot; /&gt;&lt;/td&gt;
						&lt;/tr&gt;
						&lt;tr valign=&quot;top&quot;&gt;
							&lt;td&gt;
								&lt;img height=&quot;234&quot; src=&quot;http://www.fusionexcel.com/imgnews/circus08.jpg&quot; width=&quot;353&quot; /&gt;&lt;/td&gt;
							&lt;td align=&quot;right&quot;&gt;
								&lt;img height=&quot;234&quot; src=&quot;http://www.fusionexcel.com/imgnews/circus09.jpg&quot; width=&quot;353&quot; /&gt;&lt;/td&gt;
						&lt;/tr&gt;
						&lt;tr valign=&quot;top&quot;&gt;
							&lt;td&gt;
								&lt;img height=&quot;234&quot; src=&quot;http://www.fusionexcel.com/imgnews/circus10.jpg&quot; width=&quot;353&quot; /&gt;&lt;/td&gt;
							&lt;td align=&quot;right&quot;&gt;
								&lt;img height=&quot;234&quot; src=&quot;http://www.fusionexcel.com/imgnews/circus11.jpg&quot; width=&quot;353&quot; /&gt;&lt;/td&gt;
						&lt;/tr&gt;
						&lt;tr valign=&quot;top&quot;&gt;
							&lt;td&gt;
								&lt;img height=&quot;234&quot; src=&quot;http://www.fusionexcel.com/imgnews/circus11.jpg&quot; width=&quot;353&quot; /&gt;&lt;/td&gt;
							&lt;td align=&quot;right&quot;&gt;
								&lt;img height=&quot;234&quot; src=&quot;http://www.fusionexcel.com/imgnews/circus13.jpg&quot; width=&quot;353&quot; /&gt;&lt;/td&gt;
						&lt;/tr&gt;
						&lt;tr valign=&quot;top&quot;&gt;
							&lt;td&gt;
								&lt;img height=&quot;234&quot; src=&quot;http://www.fusionexcel.com/imgnews/circus10.jpg&quot; width=&quot;353&quot; /&gt;&lt;/td&gt;
							&lt;td align=&quot;right&quot;&gt;
								&lt;img height=&quot;234&quot; src=&quot;http://www.fusionexcel.com/imgnews/circus14.jpg&quot; width=&quot;353&quot; /&gt;&lt;/td&gt;
						&lt;/tr&gt;
						&lt;tr valign=&quot;top&quot;&gt;
							&lt;td&gt;
								&lt;img height=&quot;234&quot; src=&quot;http://www.fusionexcel.com/imgnews/circus15.jpg&quot; width=&quot;353&quot; /&gt;&lt;/td&gt;
							&lt;td align=&quot;right&quot;&gt;
								&lt;img height=&quot;234&quot; src=&quot;http://www.fusionexcel.com/imgnews/circus16.jpg&quot; width=&quot;353&quot; /&gt;&lt;/td&gt;
						&lt;/tr&gt;
					&lt;/tbody&gt;
				&lt;/table&gt;
			&lt;/td&gt;
		&lt;/tr&gt;
	&lt;/tbody&gt;
&lt;/table&gt;
&lt;p&gt;
	&amp;nbsp;&lt;/p&gt;
</content><meta><description>FE Circus Big Top Convention.</description><keyword>FE Circus Big Top Convention.</keyword><robots>all</robots><author>klhunter</author></meta></en><bm><title>FE Circus Big Top Convention.</title><content></content><meta><description>FE Circus Big Top Convention.</description><keyword>FE Circus Big Top Convention.</keyword><robots>all</robots><author>klhunter</author></meta></bm><chi><title>FE Circus Big Top Convention.</title><content></content><meta><description>FE Circus Big Top Convention.</description><keyword>FE Circus Big Top Convention.</keyword><robots>all</robots><author>klhunter</author></meta></chi></article>