<?xml version="1.0" encoding="utf-8"?>
<article><en><title>Congratulations to All FE Achievers at Our Achievers Recognition Dinner!</title><content>&lt;p style="text-align: justify;"&gt;
	&amp;nbsp;Date &amp;nbsp;&amp;nbsp;: 20th October 2007&lt;br /&gt;
	Venue : Wisma MCA, Kuala Lumpur&lt;/p&gt;
&lt;table border="0" cellpadding="0" cellspacing="0" width="100%"&gt;
	&lt;tbody&gt;
		&lt;tr align="center" valign="top"&gt;
			&lt;td colspan="2"&gt;
				&amp;nbsp;&lt;/td&gt;
		&lt;/tr&gt;
		&lt;tr align="center" valign="top"&gt;
			&lt;td colspan="2"&gt;
				&lt;img height="355" src="http://www.fusionexcel.com/imgnews/AchieversRecognitionDinner.jpg" width="641" /&gt;&lt;/td&gt;
		&lt;/tr&gt;
		&lt;tr valign="top"&gt;
			&lt;td&gt;
				&lt;img height="260" src="http://www.fusionexcel.com/imgnews/AchieversRecognitionDinner01.jpg" width="354" /&gt;&lt;/td&gt;
			&lt;td align="right"&gt;
				&lt;img height="260" src="http://www.fusionexcel.com/imgnews/AchieversRecognitionDinner02.jpg" width="354" /&gt;&lt;/td&gt;
		&lt;/tr&gt;
		&lt;tr valign="top"&gt;
			&lt;td width="50%"&gt;
				&lt;img height="260" src="http://www.fusionexcel.com/imgnews/AchieversRecognitionDinner03.jpg" width="354" /&gt;&lt;/td&gt;
			&lt;td align="right"&gt;
				&lt;img height="260" src="http://www.fusionexcel.com/imgnews/AchieversRecognitionDinner04.jpg" width="354" /&gt;&lt;/td&gt;
		&lt;/tr&gt;
		&lt;tr valign="top"&gt;
			&lt;td&gt;
				&lt;img height="260" src="http://www.fusionexcel.com/imgnews/AchieversRecognitionDinner05.jpg" width="354" /&gt;&lt;/td&gt;
			&lt;td align="right"&gt;
				&lt;img height="260" src="http://www.fusionexcel.com/imgnews/AchieversRecognitionDinner06.jpg" width="354" /&gt;&lt;/td&gt;
		&lt;/tr&gt;
		&lt;tr valign="top"&gt;
			&lt;td&gt;
				&lt;img height="260" src="http://www.fusionexcel.com/imgnews/AchieversRecognitionDinner07.jpg" width="354" /&gt;&lt;/td&gt;
			&lt;td align="right"&gt;
				&lt;img height="260" src="http://www.fusionexcel.com/imgnews/AchieversRecognitionDinner08.jpg" width="354" /&gt;&lt;/td&gt;
		&lt;/tr&gt;
		&lt;tr valign="top"&gt;
			&lt;td&gt;
				&lt;img height="260" src="http://www.fusionexcel.com/imgnews/AchieversRecognitionDinner09.jpg" width="354" /&gt;&lt;/td&gt;
			&lt;td align="right"&gt;
				&lt;img height="260" src="http://www.fusionexcel.com/imgnews/AchieversRecognitionDinner10.jpg" width="354" /&gt;&lt;/td&gt;
		&lt;/tr&gt;
		&lt;tr valign="top"&gt;
			&lt;td&gt;
				&lt;img height="260" src="http://www.fusionexcel.com/imgnews/AchieversRecognitionDinner11.jpg" width="354" /&gt;&lt;/td&gt;
			&lt;td align="right"&gt;
				&lt;img height="260" src="http://www.fusionexcel.com/imgnews/AchieversRecognitionDinner12.jpg" width="354" /&gt;&lt;/td&gt;
		&lt;/tr&gt;
		&lt;tr valign="top"&gt;
			&lt;td&gt;
				&lt;img height="260" src="http://www.fusionexcel.com/imgnews/AchieversRecognitionDinner13.jpg" width="354" /&gt;&lt;/td&gt;
			&lt;td align="right"&gt;
				&lt;img height="260" src="http://www.fusionexcel.com/imgnews/AchieversRecognitionDinner14.jpg" width="354" /&gt;&lt;/td&gt;
		&lt;/tr&gt;
	&lt;/tbody&gt;
&lt;/table&gt;
</content><meta><description>Date : 20th October 2007 Venue : Wisma MCA, Kuala Lumpur</description><keyword></keyword><robots>all</robots><author>klhunter</author></meta></en><bm><title>FusionExcel Welcomes Quantum Pendant Wearer Filipino TV and Movie Star Joseph Bitangcol!</title><content></content><meta><description>FE Welcomes QP Wearer Filipino TV and Movie Star Joseph Bitangcol!</description><keyword></keyword><robots>all</robots><author>klhunter</author></meta></bm><chi><title>FusionExcel Welcomes Quantum Pendant Wearer Filipino TV and Movie Star Joseph Bitangcol!</title><content></content><meta><description>FE Welcomes QP Wearer Filipino TV and Movie Star Joseph Bitangcol!</description><keyword></keyword><robots>all</robots><author>klhunter</author></meta></chi></article>
