<?xml version='1.0' encoding='utf-8'?><article><en><title>FE Welcomes QP Wearer, Top Filipino Male Model and Movie Actor Polo Ravales! </title><content>&lt;p&gt;
	&amp;nbsp;&lt;/p&gt;
&lt;br /&gt;
&lt;div&gt;
	&lt;table border=&quot;0&quot; cellpadding=&quot;0&quot; cellspacing=&quot;0&quot; style=&quot;color: rgb(0, 0, 0); font-family: 'Times New Roman'; background-color: rgb(238, 240, 252); font-size: medium; &quot; width=&quot;100%&quot;&gt;
		&lt;tbody&gt;
			&lt;tr&gt;
				&lt;td class=&quot;conttable&quot; style=&quot;font-family: Verdana, Arial, Helvetica, sans-serif; font-size: 12px; &quot; valign=&quot;top&quot;&gt;
					&lt;table align=&quot;center&quot; border=&quot;0&quot; cellpadding=&quot;0&quot; cellspacing=&quot;0&quot; width=&quot;0&quot;&gt;
						&lt;tbody&gt;
							&lt;tr&gt;
								&lt;th scope=&quot;col&quot;&gt;
									&lt;table border=&quot;0&quot; cellpadding=&quot;0&quot; cellspacing=&quot;0&quot; class=&quot;content&quot; style=&quot;font-size: 13px; text-align: justify; &quot; width=&quot;100%&quot;&gt;
										&lt;tbody&gt;
											&lt;tr&gt;
												&lt;td align=&quot;center&quot; colspan=&quot;2&quot; height=&quot;10&quot;&gt;
													&lt;img height=&quot;336&quot; src=&quot;http://www.fusionexcel.com/imgnews/news_fe_polo_ravales_1.jpg&quot; width=&quot;448&quot; /&gt;&lt;/td&gt;
											&lt;/tr&gt;
											&lt;tr&gt;
												&lt;td class=&quot;header_title&quot; colspan=&quot;2&quot; height=&quot;40&quot; style=&quot;font-size: 11px; &quot;&gt;
													&lt;div align=&quot;center&quot;&gt;
														L-R : FE Leader Jelyne Peruli , FE Director Joy Sta Teresa,&amp;nbsp;&lt;br /&gt;
														PD &amp;amp; Philippines Country Licensee Jeremy Looi and Polo Ravales.&lt;/div&gt;
												&lt;/td&gt;
											&lt;/tr&gt;
											&lt;tr&gt;
												&lt;td align=&quot;center&quot; colspan=&quot;2&quot; height=&quot;226&quot; valign=&quot;top&quot;&gt;
													&lt;img height=&quot;400&quot; src=&quot;http://www.fusionexcel.com/imgnews/news_fe_polo_ravales_2.jpg&quot; width=&quot;260&quot; /&gt;&lt;/td&gt;
											&lt;/tr&gt;
											&lt;tr&gt;
												&lt;td class=&quot;header_title&quot; colspan=&quot;2&quot; height=&quot;50&quot; style=&quot;font-size: 11px; &quot; valign=&quot;middle&quot;&gt;
													&lt;div align=&quot;center&quot;&gt;
														Aside from his acting career, Ravales is also a Top Model. He&amp;#39;s done Print ad Campaigns and TV commercials for Bench clothing, Ginebra, Coca-Cola, Colgate, and even made it to Cosmopolitan Philippines&amp;#39; 2006 &amp;amp; 2008 Hottest Bachelor List.&lt;/div&gt;
												&lt;/td&gt;
											&lt;/tr&gt;
											&lt;tr&gt;
												&lt;td align=&quot;left&quot; height=&quot;10&quot; valign=&quot;bottom&quot;&gt;
													&lt;img height=&quot;417&quot; src=&quot;http://www.fusionexcel.com/imgnews/news_fe_polo_ravales_3.jpg&quot; width=&quot;354&quot; /&gt;&lt;/td&gt;
												&lt;td align=&quot;right&quot; height=&quot;10&quot; valign=&quot;bottom&quot;&gt;
													&lt;img height=&quot;417&quot; src=&quot;http://www.fusionexcel.com/imgnews/news_fe_polo_ravales_4.jpg&quot; width=&quot;354&quot; /&gt;&lt;/td&gt;
											&lt;/tr&gt;
											&lt;tr&gt;
												&lt;td align=&quot;left&quot; class=&quot;header_title&quot; colspan=&quot;2&quot; height=&quot;60&quot; style=&quot;font-size: 11px; &quot; valign=&quot;bottom&quot;&gt;
													&lt;div align=&quot;center&quot;&gt;
														Ravales landed his first big role in The Hit Telefantasya series Encantadia as Hitano, which followed by another successful Telefantasya series Majika. He played a brave warrior and then a scheming lover, ably displaying manliness and machismo that heated the television screens. Ravales has also starred in a number of successful movies in the Philippines, including Room Boy, Blue Moon, and most recently, Super Noypi.&lt;/div&gt;
												&lt;/td&gt;
											&lt;/tr&gt;
										&lt;/tbody&gt;
									&lt;/table&gt;
								&lt;/th&gt;
							&lt;/tr&gt;
						&lt;/tbody&gt;
					&lt;/table&gt;
				&lt;/td&gt;
			&lt;/tr&gt;
		&lt;/tbody&gt;
	&lt;/table&gt;
&lt;/div&gt;
&lt;p&gt;
	&amp;nbsp;&lt;/p&gt;
</content><meta><description>FE Welcomes QP Wearer Filipino TV and Movie Star Joseph Bitangcol!</description><keyword></keyword><robots>all</robots><author>klhunter</author></meta></en><bm><title>FE Welcomes QP Wearer, Top Filipino Male Model and Movie Actor Polo Ravales! </title><content></content><meta><description>FE Welcomes QP Wearer Filipino TV and Movie Star Joseph Bitangcol!</description><keyword></keyword><robots>all</robots><author>klhunter</author></meta></bm><chi><title>FE Welcomes QP Wearer, Top Filipino Male Model and Movie Actor Polo Ravales! </title><content></content><meta><description>FE Welcomes QP Wearer Filipino TV and Movie Star Joseph Bitangcol!</description><keyword></keyword><robots>all</robots><author>klhunter</author></meta></chi></article>