<?xml version="1.0" encoding="utf-8"?>
<article><en><title>FE Co-Sponsor World Corporate Golf Challenge Malaysia.</title><content>&lt;p style="text-align: left; "&gt;
	FE is proud to announce the co-sponsorship of World Corporate Golf Challenge Malaysia (WCGCM) to be held from 06th April 2008 to 09th June 2008. According to Margaret Yip, CEO, WCGCM provides Corporate Malaysia with a unique golf challenge, in that amateur golfers can eventually win their way to the World Finals held in Spain and experience the &amp;ldquo;ultimate&amp;rdquo; in golfing competition. WCGCM will be widely publicized through the media in Malaysia.&amp;nbsp; FE will be sponsoring total prize and cash value of RM 100,000 for the winners (including for the Longest Drive).&lt;br /&gt;
	&lt;br /&gt;
	Note:&amp;nbsp; Margaret Yip met FE at the PGA Merchandise Show in Orlando, USA. Margaret was impressed that a Malaysian company can go to the BIGGEST golf merchandising show in the world and make waves there.&amp;nbsp; Margaret is now a QP wearer. &amp;nbsp;&lt;/p&gt;
&lt;p style="text-align: center; "&gt;
	&lt;img height="336" src="http://fusionexcel.com/imgnews/sponsor1.jpg" width="448" /&gt;&lt;img height="299" src="http://fusionexcel.com/imgnews/sponsor2.jpg" width="448" /&gt;&lt;img height="300" src="http://fusionexcel.com/imgnews/sponsor3.jpg" width="448" /&gt;&lt;/p&gt;
</content><meta><description>FE Co-Sponsor World Corporate Golf Challenge Malaysia.</description><keyword>FE Co-Sponsor World Corporate Golf Challenge Malaysia.</keyword><robots>all</robots><author>KLHunter</author></meta></en><bm><title>FE Co-Sponsor World Corporate Golf Challenge Malaysia.</title><content></content><meta><description>FE Co-Sponsor World Corporate Golf Challenge Malaysia.</description><keyword>FE Co-Sponsor World Corporate Golf Challenge Malaysia.</keyword><robots>all</robots><author>KLHunter</author></meta></bm><chi><title>FE Co-Sponsor World Corporate Golf Challenge Malaysia.</title><content></content><meta><description>FE Co-Sponsor World Corporate Golf Challenge Malaysia.</description><keyword>FE Co-Sponsor World Corporate Golf Challenge Malaysia.</keyword><robots>all</robots><author>KLHunter</author></meta></chi></article>
