<?xml version="1.0" encoding="utf-8"?>
<article><en><title>FE Sets Up FusionExcel Long Drive Challenge.</title><content>&lt;p&gt;
	FE is proud to announce FE&amp;rsquo;s very own Fusion Excel Long Drive Challenge (FELDC) working together with International Long Drive Specialist, Jean Daniels and Margaret Yip, CEO of World Corporate Golf Challenge Malaysia. FELDC will be promoted regionally in countries where FE&amp;rsquo;s members are active, including but not limited to Malaysia, Thailand, Philippines, Indonesia, Hong Kong, etc. FELDC will feature International Long Drive Champions from around the world, including from the USA. FELDC will be open to the public and will provide an excellent opportunity for FE&amp;rsquo;s members to further build their network. Details of FELDC will be published soon.&lt;br /&gt;
	&lt;br /&gt;
	Once again, FE shows innovation and leads the way in the MLM industry!&lt;/p&gt;
&lt;p style="text-align: center; "&gt;
	&lt;img height="336" src="http://fusionexcel.com/imgnews/longdrivechallenge.jpg" width="448" /&gt;&amp;nbsp; &amp;nbsp;&lt;/p&gt;
</content><meta><description>FE Sets Up FusionExcel Long Drive Challenge.</description><keyword>FE Sets Up FusionExcel Long Drive Challenge.</keyword><robots>all</robots><author>KLHunter</author></meta></en><bm><title>FE Sets Up FusionExcel Long Drive Challenge.</title><content></content><meta><description>FE Sets Up FusionExcel Long Drive Challenge.</description><keyword>FE Sets Up FusionExcel Long Drive Challenge.</keyword><robots>all</robots><author>KLHunter</author></meta></bm><chi><title>FE Sets Up FusionExcel Long Drive Challenge.</title><content></content><meta><description>FE Sets Up FusionExcel Long Drive Challenge.</description><keyword>FE Sets Up FusionExcel Long Drive Challenge.</keyword><robots>all</robots><author>KLHunter</author></meta></chi></article>
