<?xml version="1.0" encoding="utf-8"?>
<article><en><title>Prominent QP Wearers in Phillippines (1).</title><content>&lt;p style="text-align: center; "&gt;
	&amp;nbsp;&lt;/p&gt;
&lt;div style="text-align: center; "&gt;
	&amp;nbsp;&lt;img height="345" src="http://fusionexcel.com/imgnews/news_director.jpg" width="640" /&gt;&lt;/div&gt;
&lt;div style="text-align: center; "&gt;
	&lt;strong class="smallhead" style="font-family: Verdana, Arial, Helvetica, sans-serif; font-size: 11px; font-weight: bold; color: rgb(0, 0, 0); "&gt;&amp;nbsp; Left to right : (Rtd) Judge Veneracion , Colonel Quesada , General Fajura (Director of&amp;nbsp;Philippines National &lt;/strong&gt;&lt;/div&gt;
&lt;div style="text-align: center; "&gt;
	&lt;strong class="smallhead" style="font-family: Verdana, Arial, Helvetica, sans-serif; font-size: 11px; font-weight: bold; color: rgb(0, 0, 0); "&gt;Police College) ,&amp;nbsp;Jeremy Looi,&amp;nbsp;and General Javier (Senior Lecturer Phillipines National Police College).&lt;/strong&gt;&lt;/div&gt;
&lt;div style="text-align: center; "&gt;
	&amp;nbsp;&amp;nbsp;&lt;img height="320" src="http://fusionexcel.com/imgnews/news_demo.jpg" width="640" /&gt;&lt;/div&gt;
&lt;div style="text-align: center; "&gt;
	&lt;strong class="smallhead" style="font-family: Verdana, Arial, Helvetica, sans-serif; font-size: 11px; font-weight: bold; color: rgb(0, 0, 0); "&gt;General Fajura Demos with QP.&lt;/strong&gt;&lt;/div&gt;
</content><meta><description>Prominent QP Wearers in Phillippines (1).</description><keyword>Prominent QP Wearers in Phillippines (1).</keyword><robots>all</robots><author>KLHunter</author></meta></en><bm><title>Prominent QP Wearers in Phillippines (1).</title><content></content><meta><description>Prominent QP Wearers in Phillippines (1).</description><keyword>Prominent QP Wearers in Phillippines (1).</keyword><robots>all</robots><author>KLHunter</author></meta></bm><chi><title>Prominent QP Wearers in Phillippines (1).</title><content></content><meta><description>Prominent QP Wearers in Phillippines (1).</description><keyword>Prominent QP Wearers in Phillippines (1).</keyword><robots>all</robots><author>KLHunter</author></meta></chi></article>
