<?xml version="1.0" encoding="utf-8"?>
<article><en><title>Launching of FE Thailand Celebration Dinner 29 March 2008.</title><content>&lt;p style="text-align: center; "&gt;
&lt;img height="488" src="http://fusionexcel.com/imgnews/news_thailandCelebrationDin.jpg" width="651" /&gt;&lt;/p&gt;
</content><meta><description>Launching of FE Thailand Celebration Dinner 29 March 2008.</description><keyword>Launching of FE Thailand Celebration Dinner 29 March 2008.</keyword><robots>all</robots><author>KLHunter</author></meta></en><bm><title>Launching of FE Thailand Celebration Dinner 29 March 2008.</title><content></content><meta><description>Launching of FE Thailand Celebration Dinner 29 March 2008.</description><keyword>Launching of FE Thailand Celebration Dinner 29 March 2008.</keyword><robots>all</robots><author>KLHunter</author></meta></bm><chi><title>Launching of FE Thailand Celebration Dinner 29 March 2008.</title><content></content><meta><description>Launching of FE Thailand Celebration Dinner 29 March 2008.</description><keyword>Launching of FE Thailand Celebration Dinner 29 March 2008.</keyword><robots>all</robots><author>KLHunter</author></meta></chi></article>
