<?xml version='1.0' encoding='utf-8'?><article><en><title>Dr Amir's article on Scalar Energy and Quantum Pendant, Sunday Star 16th March 2008. </title><content>&lt;p&gt;
	&lt;br /&gt;
	&lt;br /&gt;
	&lt;img height=&quot;1830&quot; src=&quot;http://fusionexcel.com/imgnews/news_hopeforhealing.jpg&quot; width=&quot;718&quot; /&gt;&lt;/p&gt;
</content><meta><description>Dr Amir's article on Scalar Energy and Quantum Pendant, Sunday Star 16th March 2008. </description><keyword>Dr Amir's article on Scalar Energy and Quantum Pendant, Sunday Star 16th March 2008. </keyword><robots>all</robots><author>KLHunter</author></meta></en><bm><title>Dr Amir's article on Scalar Energy and Quantum Pendant, Sunday Star 16th March 2008. </title><content></content><meta><description>Dr Amir's article on Scalar Energy and Quantum Pendant, Sunday Star 16th March 2008. </description><keyword>Dr Amir's article on Scalar Energy and Quantum Pendant, Sunday Star 16th March 2008. </keyword><robots>all</robots><author>KLHunter</author></meta></bm><chi><title>Dr Amir's article on Scalar Energy and Quantum Pendant, Sunday Star 16th March 2008. </title><content></content><meta><description>Dr Amir's article on Scalar Energy and Quantum Pendant, Sunday Star 16th March 2008. </description><keyword>Dr Amir's article on Scalar Energy and Quantum Pendant, Sunday Star 16th March 2008. </keyword><robots>all</robots><author>KLHunter</author></meta></chi></article>