<?xml version='1.0' encoding='utf-8'?><article><en><title>Video of Dr. Amir Farid's Seminar at HQ, 06 March 2008. </title><content>&lt;p&gt;
	PART 1: Video of Dr. Amir Farid&amp;#39;s Seminar at HQ, 06 March 2008.&amp;nbsp;&lt;br /&gt;
	&lt;br /&gt;
	&amp;nbsp;&lt;a href=&quot;http://www.youtube.com/watch?v=RxWkPPlYego&quot;&gt;&lt;img border=&quot;0&quot; height=&quot;225&quot; src=&quot;http://fusionexcel.com/imgnews/DrAmirSeminar.jpg&quot; width=&quot;336&quot; /&gt;&lt;/a&gt;&lt;strong&gt;&lt;a class=&quot;smallhead style1&quot; href=&quot;http://www.youtube.com/watch?v=RxWkPPlYego&quot; style=&quot;font-family: Verdana, Arial, Helvetica, sans-serif; font-size: 11px; color: rgb(0, 0, 255); &quot;&gt;Click here to see video of Dr Amir Farid (PART 1)&lt;/a&gt;&lt;/strong&gt;&amp;nbsp;PART 2: Video of Dr. Amir Farid&amp;#39;s Seminar at HQ 06 March 2008&amp;nbsp;&lt;a href=&quot;http://www.youtube.com/watch?v=KL0wUWaezYE&quot;&gt;&lt;img border=&quot;0&quot; height=&quot;225&quot; src=&quot;http://fusionexcel.com/imgnews/DrAmirSeminar_part2.jpg&quot; width=&quot;336&quot; /&gt;&lt;/a&gt;&lt;strong&gt;&lt;a class=&quot;smallhead style1&quot; href=&quot;http://www.youtube.com/watch?v=KL0wUWaezYE&quot; style=&quot;font-family: Verdana, Arial, Helvetica, sans-serif; font-size: 11px; color: rgb(0, 0, 255); &quot;&gt;Click here to see video of Dr Amir Farid (PART 2)&lt;/a&gt;&lt;/strong&gt;&lt;/p&gt;
</content><meta><description>Video of Dr. Amir Farid's Seminar at HQ, 06 March 2008. </description><keyword>Video of Dr. Amir Farid's Seminar at HQ, 06 March 2008. </keyword><robots>all</robots><author>KLHunter</author></meta></en><bm><title>Video of Dr. Amir Farid's Seminar at HQ, 06 March 2008. </title><content></content><meta><description>Video of Dr. Amir Farid's Seminar at HQ, 06 March 2008. </description><keyword>Video of Dr. Amir Farid's Seminar at HQ, 06 March 2008. </keyword><robots>all</robots><author>KLHunter</author></meta></bm><chi><title>Video of Dr. Amir Farid's Seminar at HQ, 06 March 2008. </title><content></content><meta><description>Video of Dr. Amir Farid's Seminar at HQ, 06 March 2008. </description><keyword>Video of Dr. Amir Farid's Seminar at HQ, 06 March 2008. </keyword><robots>all</robots><author>KLHunter</author></meta></chi></article>