<?xml version="1.0" encoding="utf-8"?>
<article><en><title>FE's Event Attended by 2000! Pics 2nd August 2008 Event KL (1).</title><content>&lt;table border="0" cellpadding="0" cellspacing="0" width="100%"&gt;
	&lt;tbody&gt;
		&lt;tr valign="top"&gt;
			&lt;td width="50%"&gt;
				&lt;img height="300" src="http://fusionexcel.com/imgnews/watercrystal1.jpg" width="354" /&gt;&lt;/td&gt;
			&lt;td align="right"&gt;
				&lt;img height="300" src="http://fusionexcel.com/imgnews/watercrystal2.jpg" width="354" /&gt;&lt;/td&gt;
		&lt;/tr&gt;
		&lt;tr valign="top"&gt;
			&lt;td colspan="2" height="10"&gt;
				&lt;table border="0" cellpadding="0" cellspacing="0" width="100%"&gt;
					&lt;tbody&gt;
						&lt;tr&gt;
							&lt;td class="smallhead" style="font-family: Verdana, Arial, Helvetica, sans-serif; font-size: 11px; font-weight: bold; color: rgb(0, 0, 0); " valign="top" width="49%"&gt;
								&lt;div align="center"&gt;
									&lt;strong&gt;Before&lt;/strong&gt;&lt;/div&gt;
							&lt;/td&gt;
							&lt;td class="smallhead" style="font-family: Verdana, Arial, Helvetica, sans-serif; font-size: 11px; font-weight: bold; color: rgb(0, 0, 0); " valign="top" width="2%"&gt;
								&lt;div align="center"&gt;
									&amp;nbsp;&lt;/div&gt;
							&lt;/td&gt;
							&lt;td class="smallhead" style="font-family: Verdana, Arial, Helvetica, sans-serif; font-size: 11px; font-weight: bold; color: rgb(0, 0, 0); " valign="top" width="49%"&gt;
								&lt;div align="center"&gt;
									&lt;strong&gt;After&lt;/strong&gt;&lt;/div&gt;
								&lt;div align="center"&gt;
									&amp;nbsp;&lt;/div&gt;
							&lt;/td&gt;
						&lt;/tr&gt;
					&lt;/tbody&gt;
				&lt;/table&gt;
			&lt;/td&gt;
		&lt;/tr&gt;
		&lt;tr valign="top"&gt;
			&lt;td class="content" colspan="2" height="10" style="font-family: Verdana, Arial, Helvetica, sans-serif; font-size: 13px; color: rgb(0, 0, 0); text-align: justify; "&gt;
				Frozen Water Crystal photos of Fusion Excel&amp;rsquo;s range of Scalar Energy products as developed by Dr. Emoto using his proprietary technology. The &amp;ldquo;Before&amp;rdquo; photo is of plain distilled water. There was no organized form or crystalline structure. The &amp;ldquo;After&amp;rdquo; photo is of the same distilled water but this time charged or energized by FE&amp;rsquo;s range of Scalar Energy products. The water crystals that are formed are beautifully structured hexagonal crystals. This shows that FE&amp;rsquo;s range of Scalar Energy products energize &amp;ldquo;Dead&amp;rdquo; water and turn it into &amp;ldquo;Living&amp;rdquo; water.&amp;nbsp;&lt;br /&gt;
				&lt;br /&gt;
				(Please refer to Dr. Siva&amp;rsquo;s book&amp;nbsp;&lt;strong&gt;&amp;ldquo;Optimum Energy for Peak Performance With Scalar Energy&amp;rdquo;&lt;/strong&gt;&amp;nbsp;&amp;ndash; Chapter 4, Living Water &amp;ndash; Aqua Vivens, Water of Life).&lt;/td&gt;
		&lt;/tr&gt;
	&lt;/tbody&gt;
&lt;/table&gt;
</content><meta><description>FE's Event attended by 2000! Pics 2nd August 2008 Event KL (1).</description><keyword>FE's Event attended by 2000! Pics 2nd August 2008 Event KL (1).</keyword><robots>all</robots><author>KLHunter</author></meta></en><bm><title>FE's Event attended by 2000! Pics 2nd August 2008 Event KL (1).</title><content></content><meta><description>FE's Event attended by 2000! Pics 2nd August 2008 Event KL (1).</description><keyword>FE's Event attended by 2000! Pics 2nd August 2008 Event KL (1).</keyword><robots>all</robots><author>KLHunter</author></meta></bm><chi><title>FE's Event attended by 2000! Pics 2nd August 2008 Event KL (1).</title><content></content><meta><description>FE's Event attended by 2000! Pics 2nd August 2008 Event KL (1).</description><keyword>FE's Event attended by 2000! Pics 2nd August 2008 Event KL (1).</keyword><robots>all</robots><author>KLHunter</author></meta></chi></article>
