<?xml version="1.0" encoding="utf-8"?>
<article><en><title>(2) Launching Of FE Thailand Celebration Dinner 29 March 2008.</title><content>&lt;div&gt;
	&lt;table border="0" cellpadding="0" cellspacing="0" style="color: rgb(0, 0, 0); font-family: 'Times New Roman'; background-color: rgb(238, 240, 252); font-size: medium; " width="100%"&gt;
		&lt;tbody&gt;
			&lt;tr&gt;
				&lt;td class="content" style="font-family: Verdana, Arial, Helvetica, sans-serif; font-size: 13px; text-align: justify; " valign="top"&gt;
					&lt;table border="0" cellpadding="0" cellspacing="0" width="100%"&gt;
						&lt;tbody&gt;
							&lt;tr valign="top"&gt;
								&lt;td&gt;
									&lt;img height="270" src="http://fusionexcel.com/imgnews/thailaunch20.jpg" width="354" /&gt;&lt;/td&gt;
								&lt;td align="right"&gt;
									&lt;img height="270" src="http://fusionexcel.com/imgnews/thailaunch25.jpg" width="354" /&gt;&lt;/td&gt;
							&lt;/tr&gt;
							&lt;tr valign="top"&gt;
								&lt;td width="50%"&gt;
									&lt;img height="270" src="http://fusionexcel.com/imgnews/thailaunch23.jpg" width="354" /&gt;&lt;/td&gt;
								&lt;td align="right"&gt;
									&lt;img height="270" src="http://fusionexcel.com/imgnews/thailaunch24.jpg" width="354" /&gt;&lt;/td&gt;
							&lt;/tr&gt;
							&lt;tr valign="top"&gt;
								&lt;td&gt;
									&lt;img height="270" src="http://fusionexcel.com/imgnews/thailaunch22.jpg" width="354" /&gt;&lt;/td&gt;
								&lt;td align="right"&gt;
									&lt;img height="270" src="http://fusionexcel.com/imgnews/thailaunch26.jpg" width="354" /&gt;&lt;/td&gt;
							&lt;/tr&gt;
							&lt;tr valign="top"&gt;
								&lt;td&gt;
									&lt;img height="270" src="http://fusionexcel.com/imgnews/thailaunch27.jpg" width="354" /&gt;&lt;/td&gt;
								&lt;td align="right"&gt;
									&lt;img height="270" src="http://fusionexcel.com/imgnews/thailaunch28.jpg" width="354" /&gt;&lt;/td&gt;
							&lt;/tr&gt;
							&lt;tr valign="top"&gt;
								&lt;td&gt;
									&lt;img height="270" src="http://fusionexcel.com/imgnews/thailaunch29.jpg" width="354" /&gt;&lt;/td&gt;
								&lt;td align="right"&gt;
									&lt;img height="270" src="http://fusionexcel.com/imgnews/thailaunch30.jpg" width="354" /&gt;&lt;/td&gt;
							&lt;/tr&gt;
							&lt;tr valign="top"&gt;
								&lt;td&gt;
									&lt;img height="270" src="http://fusionexcel.com/imgnews/thailaunch31.jpg" width="354" /&gt;&lt;/td&gt;
								&lt;td align="right"&gt;
									&lt;img height="270" src="http://fusionexcel.com/imgnews/thailaunch32.jpg" width="354" /&gt;&lt;/td&gt;
							&lt;/tr&gt;
							&lt;tr valign="top"&gt;
								&lt;td&gt;
									&lt;img height="270" src="http://fusionexcel.com/imgnews/thailaunch33.jpg" width="354" /&gt;&lt;/td&gt;
								&lt;td align="right"&gt;
									&lt;img height="270" src="http://fusionexcel.com/imgnews/thailaunch34.jpg" width="354" /&gt;&lt;/td&gt;
							&lt;/tr&gt;
							&lt;tr valign="top"&gt;
								&lt;td&gt;
									&lt;img height="270" src="http://fusionexcel.com/imgnews/thailaunch35.jpg" width="354" /&gt;&lt;/td&gt;
								&lt;td align="right"&gt;
									&lt;img height="270" src="http://fusionexcel.com/imgnews/thailaunch36.jpg" width="354" /&gt;&lt;/td&gt;
							&lt;/tr&gt;
							&lt;tr valign="top"&gt;
								&lt;td&gt;
									&lt;img height="270" src="http://fusionexcel.com/imgnews/thailaunch37.jpg" width="354" /&gt;&lt;/td&gt;
								&lt;td align="right"&gt;
									&lt;img height="270" src="http://fusionexcel.com/imgnews/thailaunch38.jpg" width="354" /&gt;&lt;/td&gt;
							&lt;/tr&gt;
							&lt;tr valign="top"&gt;
								&lt;td&gt;
									&lt;img height="270" src="http://fusionexcel.com/imgnews/thailaunch39.jpg" width="354" /&gt;&lt;/td&gt;
								&lt;td align="right"&gt;
									&lt;img height="270" src="http://fusionexcel.com/imgnews/thailaunch40.jpg" width="354" /&gt;&lt;/td&gt;
							&lt;/tr&gt;
						&lt;/tbody&gt;
					&lt;/table&gt;
				&lt;/td&gt;
			&lt;/tr&gt;
		&lt;/tbody&gt;
	&lt;/table&gt;
&lt;/div&gt;</content><meta><description>(2) Launching of FE Thailand Celebration Dinner 29 March 2008.</description><keyword>(2) Launching of FE Thailand Celebration Dinner 29 March 2008.</keyword><robots>all</robots><author>KLHunter</author></meta></en><bm><title>(2) Launching of FE Thailand Celebration Dinner 29 March 2008.</title><content></content><meta><description>(2) Launching of FE Thailand Celebration Dinner 29 March 2008.</description><keyword>(2) Launching of FE Thailand Celebration Dinner 29 March 2008.</keyword><robots>all</robots><author>KLHunter</author></meta></bm><chi><title>(2) Launching of FE Thailand Celebration Dinner 29 March 2008.</title><content></content><meta><description>(2) Launching of FE Thailand Celebration Dinner 29 March 2008.</description><keyword>(2) Launching of FE Thailand Celebration Dinner 29 March 2008.</keyword><robots>all</robots><author>KLHunter</author></meta></chi></article>
