<?xml version="1.0" encoding="utf-8"?>
<article><en><title>FE Golf &amp; Dinner Event, Bangkok, 30 March 2008</title><content>&lt;table border="0" cellpadding="0" cellspacing="0" style="color: rgb(0, 0, 0); font-family: 'Times New Roman'; background-color: rgb(238, 240, 252); font-size: medium; " width="100%"&gt;
	&lt;tbody&gt;
		&lt;tr&gt;
			&lt;td class="content" style="font-family: Verdana, Arial, Helvetica, sans-serif; font-size: 13px; text-align: justify; " valign="top"&gt;
				FE had a very successful Golf &amp;amp; Dinner Event at Best Ocean Golf Course, Bangkok on 30th March 2008, attended by more than 300 Members, VIPs and invited Guests. Once again, a BIG THANK YOU to the Organisers, Mr Don Chan, Colonel Manoon, Jean Daniels, H.E. Mr Pramuan and all concerned for making the Event a great SUCCESS!&lt;/td&gt;
		&lt;/tr&gt;
		&lt;tr&gt;
			&lt;td class="content" style="font-family: Verdana, Arial, Helvetica, sans-serif; font-size: 13px; text-align: justify; " valign="top"&gt;
				&lt;table border="0" cellpadding="0" cellspacing="0" width="100%"&gt;
					&lt;tbody&gt;
						&lt;tr valign="top"&gt;
							&lt;td&gt;
								&lt;img height="265" src="http://fusionexcel.com/imgnews/golfdinner1.jpg" width="354" /&gt;&lt;/td&gt;
							&lt;td align="right"&gt;
								&lt;img height="265" src="http://fusionexcel.com/imgnews/golfdinner2.jpg" width="354" /&gt;&lt;/td&gt;
							&lt;td align="right"&gt;
								&amp;nbsp;&lt;/td&gt;
						&lt;/tr&gt;
						&lt;tr valign="top"&gt;
							&lt;td width="50%"&gt;
								&lt;img height="265" src="http://fusionexcel.com/imgnews/golfdinner3.jpg" width="354" /&gt;&lt;/td&gt;
							&lt;td align="right"&gt;
								&lt;img height="265" src="http://fusionexcel.com/imgnews/golfdinner4.jpg" width="354" /&gt;&lt;/td&gt;
							&lt;td align="right"&gt;
								&amp;nbsp;&lt;/td&gt;
						&lt;/tr&gt;
						&lt;tr valign="top"&gt;
							&lt;td&gt;
								&lt;img height="265" src="http://fusionexcel.com/imgnews/golfdinner5.jpg" width="354" /&gt;&lt;/td&gt;
							&lt;td align="right"&gt;
								&lt;img height="265" src="http://fusionexcel.com/imgnews/golfdinner6.jpg" width="354" /&gt;&lt;/td&gt;
							&lt;td align="right"&gt;
								&amp;nbsp;&lt;/td&gt;
						&lt;/tr&gt;
						&lt;tr valign="top"&gt;
							&lt;td&gt;
								&lt;img height="265" src="http://fusionexcel.com/imgnews/golfdinner7.jpg" width="354" /&gt;&lt;/td&gt;
							&lt;td align="right"&gt;
								&lt;img height="265" src="http://fusionexcel.com/imgnews/golfdinner8.jpg" width="354" /&gt;&lt;/td&gt;
							&lt;td align="right"&gt;
								&amp;nbsp;&lt;/td&gt;
						&lt;/tr&gt;
						&lt;tr valign="top"&gt;
							&lt;td&gt;
								&lt;img height="265" src="http://fusionexcel.com/imgnews/golfdinner9.jpg" width="354" /&gt;&lt;/td&gt;
							&lt;td align="right"&gt;
								&lt;img height="265" src="http://fusionexcel.com/imgnews/golfdinner10.jpg" width="354" /&gt;&lt;/td&gt;
							&lt;td align="right"&gt;
								&amp;nbsp;&lt;/td&gt;
						&lt;/tr&gt;
						&lt;tr valign="top"&gt;
							&lt;td&gt;
								&lt;img height="265" src="http://fusionexcel.com/imgnews/golfdinner11.jpg" width="354" /&gt;&lt;/td&gt;
							&lt;td align="right"&gt;
								&lt;img height="265" src="http://fusionexcel.com/imgnews/golfdinner12.jpg" width="354" /&gt;&lt;/td&gt;
							&lt;td align="right"&gt;
								&amp;nbsp;&lt;/td&gt;
						&lt;/tr&gt;
						&lt;tr valign="top"&gt;
							&lt;td&gt;
								&lt;img height="265" src="http://fusionexcel.com/imgnews/golfdinner13.jpg" width="354" /&gt;&lt;/td&gt;
							&lt;td align="right"&gt;
								&lt;img height="265" src="http://fusionexcel.com/imgnews/golfdinner14.jpg" width="354" /&gt;&lt;/td&gt;
							&lt;td align="right"&gt;
								&amp;nbsp;&lt;/td&gt;
						&lt;/tr&gt;
						&lt;tr valign="top"&gt;
							&lt;td&gt;
								&lt;img height="265" src="http://fusionexcel.com/imgnews/golfdinner15.jpg" width="354" /&gt;&lt;/td&gt;
							&lt;td align="right"&gt;
								&lt;img height="265" src="http://fusionexcel.com/imgnews/golfdinner16.jpg" width="354" /&gt;&lt;/td&gt;
							&lt;td align="right"&gt;
								&amp;nbsp;&lt;/td&gt;
						&lt;/tr&gt;
						&lt;tr valign="top"&gt;
							&lt;td&gt;
								&lt;img height="265" src="http://fusionexcel.com/imgnews/golfdinner17.jpg" width="354" /&gt;&lt;/td&gt;
							&lt;td align="right"&gt;
								&lt;img height="265" src="http://fusionexcel.com/imgnews/golfdinner18.jpg" width="354" /&gt;&lt;/td&gt;
							&lt;td align="right"&gt;
								&amp;nbsp;&lt;/td&gt;
						&lt;/tr&gt;
						&lt;tr valign="top"&gt;
							&lt;td&gt;
								&lt;img height="265" src="http://fusionexcel.com/imgnews/golfdinner19.jpg" width="354" /&gt;&lt;/td&gt;
							&lt;td align="right"&gt;
								&lt;img height="265" src="http://fusionexcel.com/imgnews/golfdinner20.jpg" width="354" /&gt;&lt;/td&gt;
							&lt;td align="right"&gt;
								&amp;nbsp;&lt;/td&gt;
						&lt;/tr&gt;
					&lt;/tbody&gt;
				&lt;/table&gt;
			&lt;/td&gt;
		&lt;/tr&gt;
	&lt;/tbody&gt;
&lt;/table&gt;
</content><meta><description>FE had a very successful Golf &amp; Dinner Event at Best Ocean Golf Course, Bangkok on 30th March 2008, attended by more than 300 Members, VIPs and invited Guests. Once again, a BIG THANK YOU to the Organisers, Mr Don Chan, Colonel Manoon, Jean Daniels, H.E. Mr Pramuan and all concerned for making the Event a great SUCCESS!</description><keyword>Golf &amp; Dinner Event, Best Ocean Golf Course, Bangkok, 30th March 2008, Members, VIPs, invited Guests, Mr. Don Chan, Colonel Manoon, Jean Daniels, H.E. Mr. Pramuan</keyword><robots>all</robots><author>KLHunter</author></meta></en><bm><title>FE Golf &amp; Dinner Event, Bangkok, 30 March 2008</title><content></content><meta><description>FE Golf &amp; Dinner Event, Bangkok, 30 March 2008</description><keyword>FE Golf &amp; Dinner Event, Bangkok, 30 March 2008</keyword><robots>all</robots><author>KLHunter</author></meta></bm><chi><title>FE Golf &amp; Dinner Event, Bangkok, 30 March 2008</title><content></content><meta><description>FE Golf &amp; Dinner Event, Bangkok, 30 March 2008</description><keyword>FE Golf &amp; Dinner Event, Bangkok, 30 March 2008</keyword><robots>all</robots><author>KLHunter</author></meta></chi></article>
