<?xml version="1.0" encoding="utf-8"?>
<article><en><title>QP Wearer, Senator Panfilo Lacson, Former Chief Of The Philippine National Police.</title><content>&lt;table border="0" cellpadding="0" cellspacing="0" width="100%"&gt;
	&lt;tbody&gt;
		&lt;tr&gt;
			&lt;td class="content" valign="top"&gt;
				&lt;table border="0" cellpadding="0" cellspacing="0" width="100%"&gt;
					&lt;tbody&gt;
						&lt;tr valign="top"&gt;
							&lt;td&gt;
								&lt;table border="0" cellpadding="0" cellspacing="0" width="100%"&gt;
									&lt;tbody&gt;
										&lt;tr&gt;
											&lt;td valign="top" width="50%"&gt;
												&lt;img height="240" src="http://fusionexcel.com/imgnews/nationalpolice1.jpg" width="354" /&gt;&lt;/td&gt;
											&lt;td align="right" rowspan="2" valign="top" width="50%"&gt;
												&lt;img height="495" src="http://fusionexcel.com/imgnews/nationalpolice2.jpg" width="354" /&gt;&lt;/td&gt;
										&lt;/tr&gt;
										&lt;tr&gt;
											&lt;td valign="top" width="100%"&gt;
												&lt;img height="240" src="http://fusionexcel.com/imgnews/nationalpolice3.jpg" width="354" /&gt;&lt;/td&gt;
										&lt;/tr&gt;
									&lt;/tbody&gt;
								&lt;/table&gt;
							&lt;/td&gt;
						&lt;/tr&gt;
						&lt;tr valign="top"&gt;
							&lt;td height="10"&gt;
								&lt;table border="0" cellpadding="0" cellspacing="0" width="100%"&gt;
									&lt;tbody&gt;
										&lt;tr&gt;
											&lt;td valign="top"&gt;
												&lt;img height="240" src="http://fusionexcel.com/imgnews/nationalpolice4.jpg" width="354" /&gt;&lt;/td&gt;
											&lt;td align="right" valign="top"&gt;
												&lt;img height="240" src="http://fusionexcel.com/imgnews/nationalpolice5.jpg" width="354" /&gt;&lt;/td&gt;
										&lt;/tr&gt;
									&lt;/tbody&gt;
								&lt;/table&gt;
							&lt;/td&gt;
						&lt;/tr&gt;
						&lt;tr valign="top"&gt;
						&lt;/tr&gt;
					&lt;/tbody&gt;
				&lt;/table&gt;
			&lt;/td&gt;
		&lt;/tr&gt;
	&lt;/tbody&gt;
&lt;/table&gt;</content><meta><description>QP Wearer, Senator Panfilo Lacson, former Chief of the Philippine National Police.</description><keyword>QP Wearer, Senator Panfilo Lacson, former Chief of the Philippine National Police.</keyword><robots>all</robots><author>KLHunter</author></meta></en><bm><title>QP Wearer, Senator Panfilo Lacson, former Chief of the Philippine National Police.</title><content></content><meta><description>QP Wearer, Senator Panfilo Lacson, former Chief of the Philippine National Police.</description><keyword>QP Wearer, Senator Panfilo Lacson, former Chief of the Philippine National Police.</keyword><robots>all</robots><author>KLHunter</author></meta></bm><chi><title>QP Wearer, Senator Panfilo Lacson, former Chief of the Philippine National Police.</title><content></content><meta><description>QP Wearer, Senator Panfilo Lacson, former Chief of the Philippine National Police.</description><keyword>QP Wearer, Senator Panfilo Lacson, former Chief of the Philippine National Police.</keyword><robots>all</robots><author>KLHunter</author></meta></chi></article>
