<?xml version="1.0" encoding="utf-8"?>
<article><en><title>Congressman Morris Domogan Mini Golf Tournament , Philippines , 11 April 2008.</title><content>&lt;table border="0" cellpadding="0" cellspacing="0" style="color: rgb(0, 0, 0); font-family: 'Times New Roman'; background-color: rgb(238, 240, 252); font-size: medium; " width="100%"&gt;
	&lt;tbody&gt;
		&lt;tr&gt;
			&lt;td class="content" style="font-family: Verdana, Arial, Helvetica, sans-serif; font-size: 13px; text-align: justify; " valign="top"&gt;
				&lt;table border="0" cellpadding="0" cellspacing="0" width="100%"&gt;
					&lt;tbody&gt;
						&lt;tr&gt;
							&lt;td class="content" valign="top"&gt;
								FE is proud to sponsor Congressman Morris Domogan&amp;#39;s Mini Golf Tournament for the benefit of Kindasan Foundation Inc and Soroptomist International of Hope - Bagiuo, April 11 2008, Camp John Hay Golf Course&lt;/td&gt;
						&lt;/tr&gt;
						&lt;tr&gt;
							&lt;td class="content" valign="top"&gt;
								&lt;table border="0" cellpadding="0" cellspacing="0" width="100%"&gt;
									&lt;tbody&gt;
										&lt;tr valign="top"&gt;
											&lt;td&gt;
												&lt;img height="235" src="http://fusionexcel.com/imgnews/congressman1.jpg" width="353" /&gt;&lt;/td&gt;
											&lt;td align="right"&gt;
												&lt;img height="235" src="http://fusionexcel.com/imgnews/congressman2.jpg" width="353" /&gt;&lt;/td&gt;
										&lt;/tr&gt;
										&lt;tr valign="top"&gt;
											&lt;td width="50%"&gt;
												&lt;img height="235" src="http://fusionexcel.com/imgnews/congressman3.jpg" width="353" /&gt;&lt;/td&gt;
											&lt;td align="right"&gt;
												&lt;img height="235" src="http://fusionexcel.com/imgnews/congressman4.jpg" width="353" /&gt;&lt;/td&gt;
										&lt;/tr&gt;
										&lt;tr valign="top"&gt;
											&lt;td colspan="2" height="10"&gt;
												&lt;table border="0" cellpadding="0" cellspacing="0" width="100%"&gt;
													&lt;tbody&gt;
														&lt;tr&gt;
															&lt;td width="33%"&gt;
																&amp;nbsp;&lt;/td&gt;
															&lt;td width="17%"&gt;
																&amp;nbsp;&lt;/td&gt;
															&lt;td class="smallhead" style="font-size: 11px; font-weight: bold; " valign="top" width="50%"&gt;
																&lt;div align="center"&gt;
																	Veteren Champion&lt;/div&gt;
															&lt;/td&gt;
														&lt;/tr&gt;
													&lt;/tbody&gt;
												&lt;/table&gt;
											&lt;/td&gt;
										&lt;/tr&gt;
										&lt;tr valign="top"&gt;
											&lt;td&gt;
												&lt;img height="235" src="http://fusionexcel.com/imgnews/congressman5.jpg" width="353" /&gt;&lt;/td&gt;
											&lt;td align="right"&gt;
												&lt;img height="235" src="http://fusionexcel.com/imgnews/congressman6.jpg" width="353" /&gt;&lt;/td&gt;
										&lt;/tr&gt;
										&lt;tr valign="top"&gt;
											&lt;td colspan="2" height="10"&gt;
												&lt;table border="0" cellpadding="0" cellspacing="0" width="100%"&gt;
													&lt;tbody&gt;
														&lt;tr&gt;
															&lt;td class="smallhead" style="font-size: 11px; font-weight: bold; " valign="top" width="50%"&gt;
																&lt;div align="center"&gt;
																	The Grand Champion, QP Wearer,&amp;nbsp;&lt;br /&gt;
																	Colonel Goody Ignacio&lt;/div&gt;
															&lt;/td&gt;
															&lt;td class="smallhead" style="font-size: 11px; font-weight: bold; " valign="top" width="17%"&gt;
																&lt;div align="center"&gt;
																	&amp;nbsp;&lt;/div&gt;
															&lt;/td&gt;
															&lt;td class="smallhead" style="font-size: 11px; font-weight: bold; " valign="top" width="33%"&gt;
																&lt;div align="center"&gt;
																	&amp;nbsp;&lt;/div&gt;
															&lt;/td&gt;
														&lt;/tr&gt;
													&lt;/tbody&gt;
												&lt;/table&gt;
											&lt;/td&gt;
										&lt;/tr&gt;
										&lt;tr valign="top"&gt;
											&lt;td&gt;
												&lt;img height="235" src="http://fusionexcel.com/imgnews/congressman7.jpg" width="353" /&gt;&lt;/td&gt;
											&lt;td align="right"&gt;
												&lt;img height="235" src="http://fusionexcel.com/imgnews/congressman8.jpg" width="353" /&gt;&lt;/td&gt;
										&lt;/tr&gt;
										&lt;tr valign="top"&gt;
										&lt;/tr&gt;
									&lt;/tbody&gt;
								&lt;/table&gt;
							&lt;/td&gt;
						&lt;/tr&gt;
					&lt;/tbody&gt;
				&lt;/table&gt;
			&lt;/td&gt;
		&lt;/tr&gt;
	&lt;/tbody&gt;
&lt;/table&gt;
</content><meta><description>Congressman Morris Domogan Mini Golf Tournament , Philippines , 11 April 2008.</description><keyword>Congressman Morris Domogan Mini Golf Tournament , Philippines , 11 April 2008.</keyword><robots>all</robots><author>KLHunter</author></meta></en><bm><title>Congressman Morris Domogan Mini Golf Tournament , Philippines , 11 April 2008.</title><content></content><meta><description>Congressman Morris Domogan Mini Golf Tournament , Philippines , 11 April 2008.</description><keyword>Congressman Morris Domogan Mini Golf Tournament , Philippines , 11 April 2008.</keyword><robots>all</robots><author>KLHunter</author></meta></bm><chi><title>Congressman Morris Domogan Mini Golf Tournament , Philippines , 11 April 2008.</title><content></content><meta><description>Congressman Morris Domogan Mini Golf Tournament , Philippines , 11 April 2008.</description><keyword>Congressman Morris Domogan Mini Golf Tournament , Philippines , 11 April 2008.</keyword><robots>all</robots><author>KLHunter</author></meta></chi></article>
