<?xml version="1.0" encoding="utf-8"?>
<article><en><title>Congratulations Quantum Bracelet Wearer Hafiz Hashim For Beating Bao ChunLai (World No. 3) At Asian Badminton Championship 17 April 2008!</title><content>&lt;div&gt;
	&lt;table border="0" cellpadding="0" cellspacing="0" width="100%"&gt;
		&lt;tbody&gt;
			&lt;tr&gt;
				&lt;td align="center" valign="top"&gt;
					&lt;img height="2650" src="http://fusionexcel.com/imgnews/hafiz.jpg" width="718" /&gt;&lt;/td&gt;
			&lt;/tr&gt;
		&lt;/tbody&gt;
	&lt;/table&gt;
&lt;/div&gt;</content><meta><description>Congratulations Quantum Bracelet Wearer Hafiz Hashim for beating Bao ChunLai (World No. 3) at Asian Badminton Championship 17 April 2008!</description><keyword>Congratulations Quantum Bracelet Wearer Hafiz Hashim for beating Bao ChunLai (World No. 3) at Asian Badminton Championship 17 April 2008!</keyword><robots>all</robots><author>KLHunter</author></meta></en><bm><title>Congratulations Quantum Bracelet Wearer Hafiz Hashim for beating Bao ChunLai (World No. 3) at Asian Badminton Championship 17 April 2008!</title><content></content><meta><description>Congratulations Quantum Bracelet Wearer Hafiz Hashim for beating Bao ChunLai (World No. 3) at Asian Badminton Championship 17 April 2008!</description><keyword>Congratulations Quantum Bracelet Wearer Hafiz Hashim for beating Bao ChunLai (World No. 3) at Asian Badminton Championship 17 April 2008!</keyword><robots>all</robots><author>KLHunter</author></meta></bm><chi><title>Congratulations Quantum Bracelet Wearer Hafiz Hashim for beating Bao ChunLai (World No. 3) at Asian Badminton Championship 17 April 2008!</title><content></content><meta><description>Congratulations Quantum Bracelet Wearer Hafiz Hashim for beating Bao ChunLai (World No. 3) at Asian Badminton Championship 17 April 2008!</description><keyword>Congratulations Quantum Bracelet Wearer Hafiz Hashim for beating Bao ChunLai (World No. 3) at Asian Badminton Championship 17 April 2008!</keyword><robots>all</robots><author>KLHunter</author></meta></chi></article>
