<?xml version='1.0' encoding='utf-8'?><article><en><title>Congratulations! FE's Sellout Event PGRM, 19th April 2008! (2)</title><content>&lt;p&gt;
	&amp;nbsp;&lt;/p&gt;
&lt;div&gt;
	&lt;table border=&quot;0&quot; cellpadding=&quot;0&quot; cellspacing=&quot;0&quot; style=&quot;color: rgb(0, 0, 0); font-family: 'Times New Roman'; background-color: rgb(238, 240, 252); font-size: medium; &quot; width=&quot;100%&quot;&gt;
		&lt;tbody&gt;
			&lt;tr&gt;
				&lt;td class=&quot;content&quot; style=&quot;font-family: Verdana, Arial, Helvetica, sans-serif; font-size: 13px; text-align: justify; &quot; valign=&quot;top&quot;&gt;
					&lt;table border=&quot;0&quot; cellpadding=&quot;0&quot; cellspacing=&quot;0&quot; width=&quot;100%&quot;&gt;
						&lt;tbody&gt;
							&lt;tr valign=&quot;top&quot;&gt;
								&lt;td&gt;
									&lt;img height=&quot;236&quot; src=&quot;http://fusionexcel.com/imgnews/sellout16.jpg&quot; width=&quot;354&quot; /&gt;&lt;/td&gt;
								&lt;td align=&quot;right&quot;&gt;
									&lt;img height=&quot;236&quot; src=&quot;http://fusionexcel.com/imgnews/sellout17.jpg&quot; width=&quot;354&quot; /&gt;&lt;/td&gt;
							&lt;/tr&gt;
							&lt;tr valign=&quot;top&quot;&gt;
								&lt;td width=&quot;50%&quot;&gt;
									&lt;img height=&quot;236&quot; src=&quot;http://fusionexcel.com/imgnews/sellout18.jpg&quot; width=&quot;354&quot; /&gt;&lt;/td&gt;
								&lt;td align=&quot;right&quot;&gt;
									&lt;img height=&quot;236&quot; src=&quot;http://fusionexcel.com/imgnews/sellout19.jpg&quot; width=&quot;354&quot; /&gt;&lt;/td&gt;
							&lt;/tr&gt;
							&lt;tr valign=&quot;top&quot;&gt;
								&lt;td&gt;
									&lt;img height=&quot;236&quot; src=&quot;http://fusionexcel.com/imgnews/sellout20.jpg&quot; width=&quot;354&quot; /&gt;&lt;/td&gt;
								&lt;td align=&quot;right&quot;&gt;
									&lt;img height=&quot;236&quot; src=&quot;http://fusionexcel.com/imgnews/sellout21.jpg&quot; width=&quot;354&quot; /&gt;&lt;/td&gt;
							&lt;/tr&gt;
							&lt;tr valign=&quot;top&quot;&gt;
								&lt;td&gt;
									&lt;img height=&quot;236&quot; src=&quot;http://fusionexcel.com/imgnews/sellout22.jpg&quot; width=&quot;354&quot; /&gt;&lt;/td&gt;
								&lt;td align=&quot;right&quot;&gt;
									&lt;img height=&quot;236&quot; src=&quot;http://fusionexcel.com/imgnews/sellout23.jpg&quot; width=&quot;354&quot; /&gt;&lt;/td&gt;
							&lt;/tr&gt;
							&lt;tr valign=&quot;top&quot;&gt;
								&lt;td&gt;
									&lt;img height=&quot;236&quot; src=&quot;http://fusionexcel.com/imgnews/sellout24.jpg&quot; width=&quot;354&quot; /&gt;&lt;/td&gt;
								&lt;td align=&quot;right&quot;&gt;
									&lt;img height=&quot;236&quot; src=&quot;http://fusionexcel.com/imgnews/sellout25.jpg&quot; width=&quot;354&quot; /&gt;&lt;/td&gt;
							&lt;/tr&gt;
							&lt;tr valign=&quot;top&quot;&gt;
								&lt;td&gt;
									&lt;img height=&quot;236&quot; src=&quot;http://fusionexcel.com/imgnews/sellout26.jpg&quot; width=&quot;354&quot; /&gt;&lt;/td&gt;
								&lt;td align=&quot;right&quot;&gt;
									&lt;img height=&quot;236&quot; src=&quot;http://fusionexcel.com/imgnews/sellout27.jpg&quot; width=&quot;354&quot; /&gt;&lt;/td&gt;
							&lt;/tr&gt;
							&lt;tr valign=&quot;top&quot;&gt;
								&lt;td&gt;
									&lt;img height=&quot;236&quot; src=&quot;http://fusionexcel.com/imgnews/sellout28.jpg&quot; width=&quot;354&quot; /&gt;&lt;/td&gt;
								&lt;td align=&quot;right&quot;&gt;
									&lt;img height=&quot;236&quot; src=&quot;http://fusionexcel.com/imgnews/sellout29.jpg&quot; width=&quot;354&quot; /&gt;&lt;/td&gt;
							&lt;/tr&gt;
							&lt;tr valign=&quot;top&quot;&gt;
								&lt;td&gt;
									&lt;img height=&quot;236&quot; src=&quot;http://fusionexcel.com/imgnews/sellout30.jpg&quot; width=&quot;354&quot; /&gt;&lt;/td&gt;
								&lt;td align=&quot;right&quot;&gt;
									&lt;img height=&quot;236&quot; src=&quot;http://fusionexcel.com/imgnews/sellout31.jpg&quot; width=&quot;354&quot; /&gt;&lt;/td&gt;
							&lt;/tr&gt;
							&lt;tr valign=&quot;top&quot;&gt;
								&lt;td&gt;
									&lt;img height=&quot;236&quot; src=&quot;http://fusionexcel.com/imgnews/sellout32.jpg&quot; width=&quot;354&quot; /&gt;&lt;/td&gt;
								&lt;td align=&quot;right&quot;&gt;
									&lt;img height=&quot;236&quot; src=&quot;http://fusionexcel.com/imgnews/sellout33.jpg&quot; width=&quot;354&quot; /&gt;&lt;/td&gt;
							&lt;/tr&gt;
							&lt;tr valign=&quot;top&quot;&gt;
								&lt;td&gt;
									&lt;img height=&quot;236&quot; src=&quot;http://fusionexcel.com/imgnews/sellout34.jpg&quot; width=&quot;354&quot; /&gt;&lt;/td&gt;
								&lt;td align=&quot;right&quot;&gt;
									&lt;img height=&quot;236&quot; src=&quot;http://fusionexcel.com/imgnews/sellout35.jpg&quot; width=&quot;354&quot; /&gt;&lt;/td&gt;
							&lt;/tr&gt;
						&lt;/tbody&gt;
					&lt;/table&gt;
				&lt;/td&gt;
			&lt;/tr&gt;
		&lt;/tbody&gt;
	&lt;/table&gt;
&lt;/div&gt;
&lt;p&gt;
	&amp;nbsp;&lt;/p&gt;
&lt;p&gt;
	&amp;nbsp;&lt;/p&gt;
</content><meta><description>Congratulations! FE's Sellout Event PGRM, 19th April 2008! (2)</description><keyword>Congratulations! FE's Sellout Event PGRM, 19th April 2008! (2)</keyword><robots>all</robots><author>KLHunter</author></meta></en><bm><title>Congratulations! FE's Sellout Event PGRM, 19th April 2008! (2)</title><content></content><meta><description>Congratulations! FE's Sellout Event PGRM, 19th April 2008! (2)</description><keyword>Congratulations! FE's Sellout Event PGRM, 19th April 2008! (2)</keyword><robots>all</robots><author>KLHunter</author></meta></bm><chi><title>Congratulations! FE's Sellout Event PGRM, 19th April 2008! (2)</title><content></content><meta><description>Congratulations! FE's Sellout Event PGRM, 19th April 2008! (2)</description><keyword>Congratulations! FE's Sellout Event PGRM, 19th April 2008! (2)</keyword><robots>all</robots><author>KLHunter</author></meta></chi></article>