<?xml version='1.0' encoding='utf-8'?><article><en><title>World Class Sports personalities at FE's HQ BEP Wed 23 April 2008</title><content>&lt;p&gt;
	&amp;nbsp;&lt;/p&gt;
&lt;table border=&quot;0&quot; cellpadding=&quot;0&quot; cellspacing=&quot;0&quot; style=&quot;color: rgb(0, 0, 0); font-family: 'Times New Roman'; background-color: rgb(238, 240, 252); font-size: medium; &quot; width=&quot;100%&quot;&gt;
	&lt;tbody&gt;
		&lt;tr&gt;
			&lt;td class=&quot;content&quot; style=&quot;font-family: Verdana, Arial, Helvetica, sans-serif; font-size: 13px; text-align: justify; &quot; valign=&quot;top&quot;&gt;
				&lt;table border=&quot;0&quot; cellpadding=&quot;0&quot; cellspacing=&quot;0&quot; width=&quot;100%&quot;&gt;
					&lt;tbody&gt;
						&lt;tr&gt;
							&lt;td class=&quot;content&quot; valign=&quot;top&quot;&gt;
								FE&amp;rsquo;s HQ BEP on Wed 23 April 2008 was packed with Leaders, Members and invited guests. World Class Sports personalities who attended and shared their testimonies include:-&lt;br /&gt;
								&lt;ul&gt;
									&lt;li&gt;
										Shalin Zulkifli ( World Bowling Champion )&lt;/li&gt;
									&lt;li&gt;
										Bathi Allimuthu ( World Kick Boxing Champion )&lt;/li&gt;
									&lt;li&gt;
										Jean Daniels ( International Golf Long Drive Specialist )&lt;/li&gt;
									&lt;li&gt;
										Surech Kuppusamy ( World Class Mountaineer )&lt;/li&gt;
								&lt;/ul&gt;
								Thank you everyone for making the BEP a GREAT SUCCESS !&lt;br /&gt;
								&amp;nbsp;&lt;/td&gt;
						&lt;/tr&gt;
						&lt;tr&gt;
							&lt;td class=&quot;content&quot; valign=&quot;top&quot;&gt;
								&lt;table border=&quot;0&quot; cellpadding=&quot;0&quot; cellspacing=&quot;0&quot; width=&quot;100%&quot;&gt;
									&lt;tbody&gt;
										&lt;tr valign=&quot;top&quot;&gt;
											&lt;td&gt;
												&lt;img height=&quot;236&quot; src=&quot;http://fusionexcel.com/imgnews/worldsport1.jpg&quot; width=&quot;352&quot; /&gt;&lt;/td&gt;
											&lt;td align=&quot;right&quot;&gt;
												&lt;img height=&quot;236&quot; src=&quot;http://fusionexcel.com/imgnews/worldsport2.jpg&quot; width=&quot;352&quot; /&gt;&lt;/td&gt;
											&lt;td align=&quot;right&quot;&gt;
												&amp;nbsp;&lt;/td&gt;
										&lt;/tr&gt;
										&lt;tr valign=&quot;top&quot;&gt;
											&lt;td width=&quot;50%&quot;&gt;
												&lt;img height=&quot;236&quot; src=&quot;http://fusionexcel.com/imgnews/worldsport3.jpg&quot; width=&quot;352&quot; /&gt;&lt;/td&gt;
											&lt;td align=&quot;right&quot;&gt;
												&lt;img height=&quot;236&quot; src=&quot;http://fusionexcel.com/imgnews/worldsport4.jpg&quot; width=&quot;352&quot; /&gt;&lt;/td&gt;
											&lt;td align=&quot;right&quot;&gt;
												&amp;nbsp;&lt;/td&gt;
										&lt;/tr&gt;
										&lt;tr valign=&quot;top&quot;&gt;
											&lt;td&gt;
												&lt;img height=&quot;236&quot; src=&quot;http://fusionexcel.com/imgnews/worldsport5.jpg&quot; width=&quot;352&quot; /&gt;&lt;/td&gt;
											&lt;td align=&quot;right&quot;&gt;
												&lt;img height=&quot;236&quot; src=&quot;http://fusionexcel.com/imgnews/worldsport6.jpg&quot; width=&quot;352&quot; /&gt;&lt;/td&gt;
											&lt;td align=&quot;right&quot;&gt;
												&amp;nbsp;&lt;/td&gt;
										&lt;/tr&gt;
										&lt;tr valign=&quot;top&quot;&gt;
											&lt;td&gt;
												&lt;img height=&quot;236&quot; src=&quot;http://fusionexcel.com/imgnews/worldsport7.jpg&quot; width=&quot;352&quot; /&gt;&lt;/td&gt;
											&lt;td align=&quot;right&quot;&gt;
												&lt;img height=&quot;236&quot; src=&quot;http://fusionexcel.com/imgnews/worldsport8.jpg&quot; width=&quot;352&quot; /&gt;&lt;/td&gt;
											&lt;td align=&quot;right&quot;&gt;
												&amp;nbsp;&lt;/td&gt;
										&lt;/tr&gt;
										&lt;tr valign=&quot;top&quot;&gt;
											&lt;td&gt;
												&lt;img height=&quot;236&quot; src=&quot;http://fusionexcel.com/imgnews/worldsport9.jpg&quot; width=&quot;352&quot; /&gt;&lt;/td&gt;
											&lt;td align=&quot;right&quot;&gt;
												&lt;img height=&quot;236&quot; src=&quot;http://fusionexcel.com/imgnews/worldsport10.jpg&quot; width=&quot;352&quot; /&gt;&lt;/td&gt;
											&lt;td align=&quot;right&quot;&gt;
												&amp;nbsp;&lt;/td&gt;
										&lt;/tr&gt;
										&lt;tr valign=&quot;top&quot;&gt;
											&lt;td&gt;
												&lt;img height=&quot;236&quot; src=&quot;http://fusionexcel.com/imgnews/worldsport11.jpg&quot; width=&quot;352&quot; /&gt;&lt;/td&gt;
											&lt;td align=&quot;right&quot;&gt;
												&lt;img height=&quot;236&quot; src=&quot;http://fusionexcel.com/imgnews/worldsport12.jpg&quot; width=&quot;352&quot; /&gt;&lt;/td&gt;
											&lt;td align=&quot;right&quot;&gt;
												&amp;nbsp;&lt;/td&gt;
										&lt;/tr&gt;
										&lt;tr valign=&quot;top&quot;&gt;
											&lt;td&gt;
												&lt;img height=&quot;236&quot; src=&quot;http://fusionexcel.com/imgnews/worldsport13.jpg&quot; width=&quot;352&quot; /&gt;&lt;/td&gt;
											&lt;td align=&quot;right&quot;&gt;
												&lt;img height=&quot;236&quot; src=&quot;http://fusionexcel.com/imgnews/worldsport14.jpg&quot; width=&quot;352&quot; /&gt;&lt;/td&gt;
											&lt;td align=&quot;right&quot;&gt;
												&amp;nbsp;&lt;/td&gt;
										&lt;/tr&gt;
										&lt;tr valign=&quot;top&quot;&gt;
										&lt;/tr&gt;
									&lt;/tbody&gt;
								&lt;/table&gt;
							&lt;/td&gt;
						&lt;/tr&gt;
					&lt;/tbody&gt;
				&lt;/table&gt;
			&lt;/td&gt;
		&lt;/tr&gt;
	&lt;/tbody&gt;
&lt;/table&gt;
&lt;p&gt;
	&amp;nbsp;&lt;/p&gt;
</content><meta><description>World Class Sports personalities at FE's HQ BEP Wed 23 April 2008</description><keyword>World Class Sports personalities at FE's HQ BEP Wed 23 April 2008</keyword><robots>all</robots><author>KLHunter</author></meta></en><bm><title>World Class Sports personalities at FE's HQ BEP Wed 23 April 2008</title><content></content><meta><description>World Class Sports personalities at FE's HQ BEP Wed 23 April 2008</description><keyword>World Class Sports personalities at FE's HQ BEP Wed 23 April 2008</keyword><robots>all</robots><author>KLHunter</author></meta></bm><chi><title>World Class Sports personalities at FE's HQ BEP Wed 23 April 2008</title><content></content><meta><description>World Class Sports personalities at FE's HQ BEP Wed 23 April 2008</description><keyword>World Class Sports personalities at FE's HQ BEP Wed 23 April 2008</keyword><robots>all</robots><author>KLHunter</author></meta></chi></article>