<?xml version='1.0' encoding='utf-8'?><article><en><title>FE Welcomes Leaders from Philippines! </title><content>&lt;p&gt;
	&lt;br /&gt;
	&lt;br /&gt;
	&lt;img height=&quot;336&quot; src=&quot;http://fusionexcel.com/imgnews/welcomeleader.jpg&quot; width=&quot;448&quot; /&gt;From left to right : General (Ret) Alfonso Javier, KC Phoon, Pastor Art Medina, Paul Ting, Ver Inocencio, Kapitan Demafelis, Alex Go&amp;nbsp;&lt;/p&gt;
</content><meta><description>FE Welcomes Leaders from Philippines! </description><keyword>FE Welcomes Leaders from Philippines! </keyword><robots>all</robots><author>KLHunter</author></meta></en><bm><title>FE Welcomes Leaders from Philippines! </title><content></content><meta><description>FE Welcomes Leaders from Philippines! </description><keyword>FE Welcomes Leaders from Philippines! </keyword><robots>all</robots><author>KLHunter</author></meta></bm><chi><title>FE Welcomes Leaders from Philippines! </title><content></content><meta><description>FE Welcomes Leaders from Philippines! </description><keyword>FE Welcomes Leaders from Philippines! </keyword><robots>all</robots><author>KLHunter</author></meta></chi></article>