<?xml version='1.0' encoding='utf-8'?><article><en><title>FusionExcel Co-Sponsors World Corporate Golf Challenge Malaysia, Glenmarie Golf &amp; Country Club, 27th April 2008!</title><content>&lt;p&gt;
	&amp;nbsp;&lt;/p&gt;
&lt;br /&gt;
&lt;div&gt;
	&lt;table border=&quot;0&quot; cellpadding=&quot;0&quot; cellspacing=&quot;0&quot; style=&quot;color: rgb(0, 0, 0); font-family: 'Times New Roman'; background-color: rgb(238, 240, 252); font-size: medium; &quot; width=&quot;100%&quot;&gt;
		&lt;tbody&gt;
			&lt;tr&gt;
				&lt;td valign=&quot;top&quot;&gt;
					&lt;table border=&quot;0&quot; cellpadding=&quot;0&quot; cellspacing=&quot;0&quot; width=&quot;100%&quot;&gt;
						&lt;tbody&gt;
						&lt;/tbody&gt;
					&lt;/table&gt;
					&lt;table border=&quot;0&quot; cellpadding=&quot;0&quot; cellspacing=&quot;0&quot; width=&quot;100%&quot;&gt;
						&lt;tbody&gt;
							&lt;tr&gt;
								&lt;td height=&quot;224&quot; valign=&quot;top&quot;&gt;
									&lt;img height=&quot;264&quot; src=&quot;http://fusionexcel.com/imgnews/glemarie1.jpg&quot; width=&quot;353&quot; /&gt;&lt;/td&gt;
								&lt;td align=&quot;center&quot; valign=&quot;top&quot;&gt;
									&lt;img height=&quot;264&quot; src=&quot;http://fusionexcel.com/imgnews/glemarie2.jpg&quot; width=&quot;189&quot; /&gt;&lt;/td&gt;
								&lt;td align=&quot;center&quot; valign=&quot;top&quot;&gt;
									&amp;nbsp;&lt;/td&gt;
							&lt;/tr&gt;
							&lt;tr&gt;
								&lt;td height=&quot;224&quot; valign=&quot;top&quot;&gt;
									&lt;img height=&quot;264&quot; src=&quot;http://fusionexcel.com/imgnews/glemarie3.jpg&quot; width=&quot;353&quot; /&gt;&lt;/td&gt;
								&lt;td align=&quot;right&quot; valign=&quot;top&quot;&gt;
									&lt;img height=&quot;264&quot; src=&quot;http://fusionexcel.com/imgnews/glemarie4.jpg&quot; width=&quot;353&quot; /&gt;&lt;/td&gt;
								&lt;td align=&quot;right&quot; valign=&quot;top&quot;&gt;
									&amp;nbsp;&lt;/td&gt;
							&lt;/tr&gt;
							&lt;tr&gt;
								&lt;td height=&quot;224&quot; valign=&quot;top&quot;&gt;
									&lt;img height=&quot;264&quot; src=&quot;http://fusionexcel.com/imgnews/glemarie5.jpg&quot; width=&quot;353&quot; /&gt;&lt;/td&gt;
								&lt;td align=&quot;right&quot; valign=&quot;top&quot;&gt;
									&lt;img height=&quot;264&quot; src=&quot;http://fusionexcel.com/imgnews/glemarie6.jpg&quot; width=&quot;353&quot; /&gt;&lt;/td&gt;
								&lt;td align=&quot;right&quot; valign=&quot;top&quot;&gt;
									&amp;nbsp;&lt;/td&gt;
							&lt;/tr&gt;
							&lt;tr&gt;
								&lt;td height=&quot;224&quot; valign=&quot;top&quot;&gt;
									&lt;img height=&quot;264&quot; src=&quot;http://fusionexcel.com/imgnews/glemarie7.jpg&quot; width=&quot;353&quot; /&gt;&lt;/td&gt;
								&lt;td align=&quot;right&quot; valign=&quot;top&quot;&gt;
									&lt;img height=&quot;264&quot; src=&quot;http://fusionexcel.com/imgnews/glemarie8.jpg&quot; width=&quot;353&quot; /&gt;&lt;/td&gt;
								&lt;td align=&quot;right&quot; valign=&quot;top&quot;&gt;
									&amp;nbsp;&lt;/td&gt;
							&lt;/tr&gt;
							&lt;tr&gt;
								&lt;td height=&quot;224&quot; valign=&quot;top&quot;&gt;
									&lt;img height=&quot;264&quot; src=&quot;http://fusionexcel.com/imgnews/glemarie9.jpg&quot; width=&quot;353&quot; /&gt;&lt;/td&gt;
								&lt;td align=&quot;right&quot; valign=&quot;top&quot;&gt;
									&lt;img height=&quot;264&quot; src=&quot;http://fusionexcel.com/imgnews/glemarie10.jpg&quot; width=&quot;353&quot; /&gt;&lt;/td&gt;
								&lt;td align=&quot;right&quot; valign=&quot;top&quot;&gt;
									&amp;nbsp;&lt;/td&gt;
							&lt;/tr&gt;
							&lt;tr&gt;
								&lt;td height=&quot;10&quot; valign=&quot;top&quot;&gt;
									&lt;img height=&quot;264&quot; src=&quot;http://fusionexcel.com/imgnews/glemarie11.jpg&quot; width=&quot;353&quot; /&gt;&lt;/td&gt;
								&lt;td align=&quot;right&quot; height=&quot;10&quot; valign=&quot;top&quot;&gt;
									&lt;img height=&quot;264&quot; src=&quot;http://fusionexcel.com/imgnews/glemarie12.jpg&quot; width=&quot;353&quot; /&gt;&lt;/td&gt;
								&lt;td align=&quot;right&quot; height=&quot;10&quot; valign=&quot;top&quot;&gt;
									&amp;nbsp;&lt;/td&gt;
							&lt;/tr&gt;
							&lt;tr&gt;
								&lt;td height=&quot;10&quot; valign=&quot;top&quot;&gt;
									&lt;img height=&quot;264&quot; src=&quot;http://fusionexcel.com/imgnews/glemarie13.jpg&quot; width=&quot;353&quot; /&gt;&lt;/td&gt;
								&lt;td align=&quot;right&quot; height=&quot;10&quot; valign=&quot;top&quot;&gt;
									&lt;img height=&quot;264&quot; src=&quot;http://fusionexcel.com/imgnews/glemarie14.jpg&quot; width=&quot;353&quot; /&gt;&lt;/td&gt;
								&lt;td align=&quot;right&quot; height=&quot;10&quot; valign=&quot;top&quot;&gt;
									&amp;nbsp;&lt;/td&gt;
							&lt;/tr&gt;
							&lt;tr&gt;
								&lt;td height=&quot;224&quot; valign=&quot;top&quot;&gt;
									&lt;img height=&quot;264&quot; src=&quot;http://fusionexcel.com/imgnews/glemarie15.jpg&quot; width=&quot;353&quot; /&gt;&lt;/td&gt;
								&lt;td align=&quot;right&quot; valign=&quot;top&quot;&gt;
									&lt;img height=&quot;264&quot; src=&quot;http://fusionexcel.com/imgnews/glemarie16.jpg&quot; width=&quot;353&quot; /&gt;&lt;/td&gt;
								&lt;td align=&quot;right&quot; valign=&quot;top&quot;&gt;
									&amp;nbsp;&lt;/td&gt;
							&lt;/tr&gt;
							&lt;tr&gt;
							&lt;/tr&gt;
						&lt;/tbody&gt;
					&lt;/table&gt;
				&lt;/td&gt;
			&lt;/tr&gt;
		&lt;/tbody&gt;
	&lt;/table&gt;
&lt;/div&gt;
&lt;p&gt;
	&amp;nbsp;&lt;/p&gt;
</content><meta><description>FusionExcel Co-Sponsors World Corporate Golf Challenge Malaysia, Glenmarie Golf &amp; Country Club, 27th April 2008!</description><keyword>FusionExcel Co-Sponsors World Corporate Golf Challenge Malaysia, Glenmarie Golf &amp; Country Club, 27th April 2008!</keyword><robots>all</robots><author>KLHunter</author></meta></en><bm><title>FusionExcel Co-Sponsors World Corporate Golf Challenge Malaysia, Glenmarie Golf &amp; Country Club, 27th April 2008!</title><content></content><meta><description>FusionExcel Co-Sponsors World Corporate Golf Challenge Malaysia, Glenmarie Golf &amp; Country Club, 27th April 2008!</description><keyword>FusionExcel Co-Sponsors World Corporate Golf Challenge Malaysia, Glenmarie Golf &amp; Country Club, 27th April 2008!</keyword><robots>all</robots><author>KLHunter</author></meta></bm><chi><title>FusionExcel Co-Sponsors World Corporate Golf Challenge Malaysia, Glenmarie Golf &amp; Country Club, 27th April 2008!</title><content></content><meta><description>FusionExcel Co-Sponsors World Corporate Golf Challenge Malaysia, Glenmarie Golf &amp; Country Club, 27th April 2008!</description><keyword>FusionExcel Co-Sponsors World Corporate Golf Challenge Malaysia, Glenmarie Golf &amp; Country Club, 27th April 2008!</keyword><robots>all</robots><author>KLHunter</author></meta></chi></article>