<?xml version='1.0' encoding='utf-8'?><article><en><title>Filipino Golf Champion Angelo Que With FusionExcel</title><content>&lt;p&gt;
	&amp;nbsp;&lt;/p&gt;
&lt;table border=&quot;0&quot; cellpadding=&quot;0&quot; cellspacing=&quot;0&quot; style=&quot;color: rgb(0, 0, 0); font-family: 'Times New Roman'; background-color: rgb(238, 240, 252); font-size: medium; &quot; width=&quot;100%&quot;&gt;
	&lt;tbody&gt;
		&lt;tr&gt;
			&lt;td class=&quot;content&quot; style=&quot;font-family: Verdana, Arial, Helvetica, sans-serif; font-size: 13px; text-align: justify; &quot; valign=&quot;top&quot;&gt;
				&lt;table border=&quot;0&quot; cellpadding=&quot;0&quot; cellspacing=&quot;0&quot; width=&quot;100%&quot;&gt;
					&lt;tbody&gt;
						&lt;tr valign=&quot;top&quot;&gt;
						&lt;/tr&gt;
						&lt;tr&gt;
							&lt;td class=&quot;content&quot; valign=&quot;top&quot;&gt;
								FE is proud to announce that Angelo Que is now part of the FE international team. Angelo is the Philippines top golfer, and winner of the 2008 Philippine Open.&lt;br /&gt;
								&lt;br /&gt;
								Angelo is highly impressed with the benefits and power of FE&amp;#39;s Scalar Energy range of products.&lt;br /&gt;
								&lt;br /&gt;
								&lt;a href=&quot;http://www.asiagolfonline.com/20080406/4567125-angelo-que-bags-philippine-open-title/&quot;&gt;Angelo Que bags Philippine Open title (Asia Golf Online.com - 6th April 2008)&lt;/a&gt;&lt;/td&gt;
						&lt;/tr&gt;
						&lt;tr&gt;
							&lt;td class=&quot;content&quot; valign=&quot;top&quot;&gt;
								&lt;table border=&quot;0&quot; cellpadding=&quot;0&quot; cellspacing=&quot;0&quot; width=&quot;100%&quot;&gt;
									&lt;tbody&gt;
										&lt;tr align=&quot;center&quot; valign=&quot;top&quot;&gt;
											&lt;td colspan=&quot;2&quot;&gt;
												&amp;nbsp;&lt;/td&gt;
										&lt;/tr&gt;
										&lt;tr valign=&quot;top&quot;&gt;
											&lt;td colspan=&quot;2&quot; height=&quot;10&quot;&gt;
												&amp;nbsp;&lt;/td&gt;
										&lt;/tr&gt;
										&lt;tr valign=&quot;top&quot;&gt;
											&lt;td&gt;
												&lt;img height=&quot;265&quot; src=&quot;http://fusionexcel.com/imgnews/angelo1.jpg&quot; width=&quot;354&quot; /&gt;&lt;/td&gt;
											&lt;td align=&quot;right&quot;&gt;
												&lt;img height=&quot;265&quot; src=&quot;http://fusionexcel.com/imgnews/angelo2.jpg&quot; width=&quot;354&quot; /&gt;&lt;/td&gt;
										&lt;/tr&gt;
										&lt;tr valign=&quot;top&quot;&gt;
											&lt;td colspan=&quot;2&quot; height=&quot;10&quot;&gt;
												&amp;nbsp;&lt;/td&gt;
										&lt;/tr&gt;
										&lt;tr valign=&quot;top&quot;&gt;
											&lt;td width=&quot;50%&quot;&gt;
												&lt;img height=&quot;265&quot; src=&quot;http://fusionexcel.com/imgnews/angelo3.jpg&quot; width=&quot;354&quot; /&gt;&lt;/td&gt;
											&lt;td align=&quot;right&quot;&gt;
												&lt;img height=&quot;265&quot; src=&quot;http://fusionexcel.com/imgnews/angelo5.jpg&quot; width=&quot;354&quot; /&gt;&lt;/td&gt;
										&lt;/tr&gt;
										&lt;tr valign=&quot;top&quot;&gt;
											&lt;td colspan=&quot;2&quot; height=&quot;10&quot;&gt;
												&amp;nbsp;&lt;/td&gt;
										&lt;/tr&gt;
										&lt;tr valign=&quot;top&quot;&gt;
											&lt;td&gt;
												&lt;img height=&quot;252&quot; src=&quot;http://fusionexcel.com/imgnews/angelo4.jpg&quot; width=&quot;220&quot; /&gt;&lt;br /&gt;
												&amp;nbsp;&lt;/td&gt;
										&lt;/tr&gt;
									&lt;/tbody&gt;
								&lt;/table&gt;
							&lt;/td&gt;
						&lt;/tr&gt;
					&lt;/tbody&gt;
				&lt;/table&gt;
			&lt;/td&gt;
		&lt;/tr&gt;
	&lt;/tbody&gt;
&lt;/table&gt;
&lt;p&gt;
	&amp;nbsp;&lt;/p&gt;
</content><meta><description>Filipino Golf Champion Angelo Que With FusionExcel</description><keyword>Filipino Golf Champion Angelo Que With FusionExcel</keyword><robots>all</robots><author>KLHunter</author></meta></en><bm><title>Filipino Golf Champion Angelo Que With FusionExcel</title><content></content><meta><description>Filipino Golf Champion Angelo Que With FusionExcel</description><keyword>Filipino Golf Champion Angelo Que With FusionExcel</keyword><robots>all</robots><author>KLHunter</author></meta></bm><chi><title>Filipino Golf Champion Angelo Que With FusionExcel</title><content></content><meta><description>Filipino Golf Champion Angelo Que With FusionExcel</description><keyword>Filipino Golf Champion Angelo Que With FusionExcel</keyword><robots>all</robots><author>KLHunter</author></meta></chi></article>