<?xml version='1.0' encoding='utf-8'?><article><en><title>FE Donates 250,000 pesos (RM 20,000) to Foundation for the Soup Kitchen, Food Bank &amp; Training Center Inc and Lighthouse Center for Children Foundation Inc, Quezon City, Philippines</title><content>&lt;p&gt;
	&amp;nbsp;&lt;/p&gt;
&lt;table border=&quot;0&quot; cellpadding=&quot;0&quot; cellspacing=&quot;0&quot; style=&quot;color: rgb(0, 0, 0); font-family: 'Times New Roman'; background-color: rgb(238, 240, 252); font-size: medium; &quot; width=&quot;100%&quot;&gt;
	&lt;tbody&gt;
		&lt;tr&gt;
			&lt;td&gt;
				&lt;table border=&quot;0&quot; cellpadding=&quot;0&quot; cellspacing=&quot;0&quot; width=&quot;100%&quot;&gt;
					&lt;tbody&gt;
						&lt;tr valign=&quot;top&quot;&gt;
							&lt;td width=&quot;50%&quot;&gt;
								&lt;img height=&quot;264&quot; src=&quot;http://fusionexcel.com/imgnews/manila23.jpg&quot; width=&quot;353&quot; /&gt;&lt;/td&gt;
							&lt;td align=&quot;right&quot;&gt;
								&lt;img height=&quot;264&quot; src=&quot;http://fusionexcel.com/imgnews/pesos2.jpg&quot; width=&quot;353&quot; /&gt;&lt;/td&gt;
						&lt;/tr&gt;
						&lt;tr valign=&quot;top&quot;&gt;
							&lt;td class=&quot;content&quot; colspan=&quot;2&quot; height=&quot;10&quot; style=&quot;font-family: Verdana, Arial, Helvetica, sans-serif; font-size: 13px; text-align: justify; &quot;&gt;
								&lt;p&gt;
									&lt;br /&gt;
									&lt;a href=&quot;http://fusionexcel.com/news_payatas.html&quot;&gt;Video FE Sponsors the Children of Payatas, Philippines&lt;/a&gt;&lt;br /&gt;
									&lt;br /&gt;
									As part of FE&amp;#39;s continued commitment to help the needy and underpriveleged, FE is donating 250,000 pesos (RM 20,000) to Foundation for the Soup Kitchen, Food Bank &amp;amp; Training Center Inc and Lighthouse Center for Children Foundation Inc, Quezon City, Philippines.&lt;br /&gt;
									&lt;br /&gt;
									These two foundations provide feeding and value formation programs, education and training programs in the Payatas district, the most depressed community in Quezon City, Metro Manila, Philippines, known as &amp;quot;Smokey Mountain&amp;quot;, which is home to 1000 families whos main source of livelihood is scavenging from the refuse and garbage of Metro Manila. The foundation feeds hundreds of children in Payatas per day. The cost of the feeding program is about US$0.20 per child per day, which is made possible through the support and cooperation of supermarkets and food stores as well as generous persons, firms and corporations.&lt;br /&gt;
									&lt;br /&gt;
									The donation was received on behalf of the foundations by its President and Executive Trustee Judge Lorenzo B. Veneracion. Judge Lorenzo is also the Charter President Rotary Club of Quezon City North.&lt;/p&gt;
								&lt;table border=&quot;0&quot; cellpadding=&quot;0&quot; cellspacing=&quot;0&quot; width=&quot;100%&quot;&gt;
									&lt;tbody&gt;
										&lt;tr&gt;
											&lt;th align=&quot;left&quot; scope=&quot;col&quot; width=&quot;48%&quot;&gt;
												&lt;img height=&quot;262&quot; src=&quot;http://fusionexcel.com/imgnews/pesos5.jpg&quot; width=&quot;346&quot; /&gt;&lt;/th&gt;
											&lt;th align=&quot;right&quot; scope=&quot;col&quot; width=&quot;26%&quot;&gt;
												&lt;img height=&quot;262&quot; src=&quot;http://fusionexcel.com/imgnews/pesos4.jpg&quot; width=&quot;175&quot; /&gt;&lt;/th&gt;
											&lt;th align=&quot;right&quot; scope=&quot;col&quot; width=&quot;26%&quot;&gt;
												&lt;img height=&quot;262&quot; src=&quot;http://fusionexcel.com/imgnews/pesos3.jpg&quot; width=&quot;175&quot; /&gt;&lt;/th&gt;
										&lt;/tr&gt;
									&lt;/tbody&gt;
								&lt;/table&gt;
							&lt;/td&gt;
						&lt;/tr&gt;
					&lt;/tbody&gt;
				&lt;/table&gt;
			&lt;/td&gt;
		&lt;/tr&gt;
	&lt;/tbody&gt;
&lt;/table&gt;
&lt;p&gt;
	&amp;nbsp;&lt;/p&gt;
</content><meta><description>FE Donates 250,000 pesos (RM 20,000) to Foundation for the Soup Kitchen, Food Bank &amp; Training Center Inc and Lighthouse Center for Children Foundation Inc, Quezon City, Philippines</description><keyword>FE Donates 250,000 pesos (RM 20,000) to Foundation for the Soup Kitchen, Food Bank &amp; Training Center Inc and Lighthouse Center for Children Foundation Inc, Quezon City, Philippines</keyword><robots>all</robots><author>KLHunter</author></meta></en><bm><title>FE Donates 250,000 pesos (RM 20,000) to Foundation for the Soup Kitchen, Food Bank &amp; Training Center Inc and Lighthouse Center for Children Foundation Inc, Quezon City, Philippines</title><content></content><meta><description>FE Donates 250,000 pesos (RM 20,000) to Foundation for the Soup Kitchen, Food Bank &amp; Training Center Inc and Lighthouse Center for Children Foundation Inc, Quezon City, Philippines</description><keyword>FE Donates 250,000 pesos (RM 20,000) to Foundation for the Soup Kitchen, Food Bank &amp; Training Center Inc and Lighthouse Center for Children Foundation Inc, Quezon City, Philippines</keyword><robots>all</robots><author>KLHunter</author></meta></bm><chi><title>FE Donates 250,000 pesos (RM 20,000) to Foundation for the Soup Kitchen, Food Bank &amp; Training Center Inc and Lighthouse Center for Children Foundation Inc, Quezon City, Philippines</title><content></content><meta><description>FE Donates 250,000 pesos (RM 20,000) to Foundation for the Soup Kitchen, Food Bank &amp; Training Center Inc and Lighthouse Center for Children Foundation Inc, Quezon City, Philippines</description><keyword>FE Donates 250,000 pesos (RM 20,000) to Foundation for the Soup Kitchen, Food Bank &amp; Training Center Inc and Lighthouse Center for Children Foundation Inc, Quezon City, Philippines</keyword><robots>all</robots><author>KLHunter</author></meta></chi></article>