<?xml version='1.0' encoding='utf-8'?><article><en><title>Congratulations to QP Wearers, New World Number 1 Woman Bowler, Wendy Chai and  New World Number 2 Man Bowler, Zulmazran Zulkifli at the 8th World Ranking Masters in Jakarta, 05th May 2008. We are very proud of you!</title><content>&lt;p&gt;
	&amp;nbsp;&lt;/p&gt;
&lt;br /&gt;
&lt;div&gt;
	&lt;table border=&quot;0&quot; cellpadding=&quot;0&quot; cellspacing=&quot;0&quot; style=&quot;color: rgb(0, 0, 0); font-family: 'Times New Roman'; background-color: rgb(238, 240, 252); font-size: medium; &quot; width=&quot;100%&quot;&gt;
		&lt;tbody&gt;
			&lt;tr&gt;
				&lt;td align=&quot;center&quot; valign=&quot;top&quot;&gt;
					&lt;img height=&quot;341&quot; src=&quot;http://fusionexcel.com/imgnews/championbowler1.jpg&quot; width=&quot;398&quot; /&gt;&lt;br /&gt;
					&lt;br /&gt;
					&lt;img height=&quot;336&quot; src=&quot;http://fusionexcel.com/imgnews/championbowler2.jpg&quot; width=&quot;398&quot; /&gt;&amp;nbsp;&lt;br /&gt;
					&amp;nbsp;&lt;/td&gt;
			&lt;/tr&gt;
		&lt;/tbody&gt;
	&lt;/table&gt;
&lt;/div&gt;
&lt;p&gt;
	&amp;nbsp;&lt;/p&gt;
</content><meta><description>Congratulations to QP Wearers, New World Number 1 Woman Bowler, Wendy Chai and 
New World Number 2 Man Bowler, Zulmazran Zulkifli at the 8th World Ranking Masters in Jakarta,
05th May 2008. We are very proud of you!</description><keyword>Congratulations to QP Wearers, New World Number 1 Woman Bowler, Wendy Chai and 
New World Number 2 Man Bowler, Zulmazran Zulkifli at the 8th World Ranking Masters in Jakarta,
05th May 2008. We are very proud of you!</keyword><robots>all</robots><author>KLHunter</author></meta></en><bm><title>FE Donates 250,000 pesos (RM 20,000) to Foundation for the Soup Kitchen, Food Bank &amp; Training Center Inc and Lighthouse Center for Children Foundation Inc, Quezon City, Philippines</title><content></content><meta><description>FE Donates 250,000 pesos (RM 20,000) to Foundation for the Soup Kitchen, Food Bank &amp; Training Center Inc and Lighthouse Center for Children Foundation Inc, Quezon City, Philippines</description><keyword>FE Donates 250,000 pesos (RM 20,000) to Foundation for the Soup Kitchen, Food Bank &amp; Training Center Inc and Lighthouse Center for Children Foundation Inc, Quezon City, Philippines</keyword><robots>all</robots><author>KLHunter</author></meta></bm><chi><title>FE Donates 250,000 pesos (RM 20,000) to Foundation for the Soup Kitchen, Food Bank &amp; Training Center Inc and Lighthouse Center for Children Foundation Inc, Quezon City, Philippines</title><content></content><meta><description>FE Donates 250,000 pesos (RM 20,000) to Foundation for the Soup Kitchen, Food Bank &amp; Training Center Inc and Lighthouse Center for Children Foundation Inc, Quezon City, Philippines</description><keyword>FE Donates 250,000 pesos (RM 20,000) to Foundation for the Soup Kitchen, Food Bank &amp; Training Center Inc and Lighthouse Center for Children Foundation Inc, Quezon City, Philippines</keyword><robots>all</robots><author>KLHunter</author></meta></chi></article>