<?xml version='1.0' encoding='utf-8'?><article><en><title>Fusion Excel's Medical Consultant and Speaker : Prof. Dr. Vichit Punyahotra </title><content>&lt;p&gt;
	&amp;nbsp;&lt;/p&gt;
&lt;table border=&quot;0&quot; cellpadding=&quot;0&quot; cellspacing=&quot;0&quot; style=&quot;color: rgb(0, 0, 0); font-family: Verdana, Arial, Helvetica, sans-serif; font-size: 13px; text-align: justify; background-color: rgb(238, 240, 252); &quot; width=&quot;100%&quot;&gt;
	&lt;tbody&gt;
		&lt;tr valign=&quot;top&quot;&gt;
			&lt;td height=&quot;10&quot;&gt;
				&lt;table border=&quot;0&quot; cellpadding=&quot;0&quot; cellspacing=&quot;0&quot; width=&quot;100%&quot;&gt;
					&lt;tbody&gt;
						&lt;tr&gt;
							&lt;td align=&quot;center&quot; valign=&quot;top&quot;&gt;
								&lt;img height=&quot;274&quot; src=&quot;http://fusionexcel.com/imgnews/profvichit.jpg&quot; width=&quot;365&quot; /&gt;&lt;/td&gt;
						&lt;/tr&gt;
					&lt;/tbody&gt;
				&lt;/table&gt;
			&lt;/td&gt;
		&lt;/tr&gt;
		&lt;tr align=&quot;center&quot; valign=&quot;top&quot;&gt;
			&lt;td class=&quot;smallhead&quot; height=&quot;10&quot; style=&quot;font-size: 11px; font-weight: bold; &quot;&gt;
				PROF.DR.VICHIT&amp;nbsp; PUNYAHOTRA&lt;/td&gt;
		&lt;/tr&gt;
		&lt;tr valign=&quot;top&quot;&gt;
			&lt;td height=&quot;10&quot;&gt;
				&lt;table border=&quot;0&quot; cellpadding=&quot;0&quot; cellspacing=&quot;0&quot; width=&quot;100%&quot;&gt;
					&lt;tbody&gt;
						&lt;tr&gt;
							&lt;td class=&quot;content&quot; valign=&quot;top&quot;&gt;
								&lt;strong&gt;EDUCATION&lt;/strong&gt;&lt;br /&gt;
								&lt;br /&gt;
								&amp;nbsp;- Doctor of Medicine (M.D.)&lt;br /&gt;
								&amp;nbsp;- Doctor of Science (D.Sc.)&lt;br /&gt;
								&amp;nbsp;- Diplomate, American Board of Plastic Surgery (Duke University Med. Center)&lt;br /&gt;
								&amp;nbsp;- Diploma in Occupational Health and Safety (D.OH.S.)&lt;br /&gt;
								&amp;nbsp;- Diploma in Safety Management (Australia)&lt;br /&gt;
								&amp;nbsp;- Diploma in Disaster Management (A.I.T.)&lt;br /&gt;
								&amp;nbsp;- Diploma in Injury Prevention (Johns Hopkins)&lt;br /&gt;
								&amp;nbsp;- Diploma in Traffic Safety (Sweden)&lt;br /&gt;
								&amp;nbsp;- Diploma in Sport Medicine (International Federation in Sport Medicine)&lt;br /&gt;
								&amp;nbsp;- Certificate in Demand Side Management (International Institute for Energy Conservation)&lt;br /&gt;
								&lt;br /&gt;
								&lt;strong&gt;PRESENT STATUS&lt;/strong&gt;&lt;br /&gt;
								&lt;br /&gt;
								&amp;nbsp;- Emeritus Professor (Mahidol University)&lt;br /&gt;
								&amp;nbsp;- Member of The National Economic &amp;amp; Social Advisory Council of Thailand&lt;br /&gt;
								&amp;nbsp;- President of International Health Institute&lt;br /&gt;
								&amp;nbsp;- President of Health Foundation&lt;br /&gt;
								&amp;nbsp;- President of Consumer Association (Thailand) (CAT)&lt;br /&gt;
								&amp;nbsp;- President of Asian Institute for Safety &amp;ndash; Health &amp;ndash; Environment and Energy Conservation&amp;nbsp;&amp;nbsp;&amp;nbsp;&amp;nbsp;&lt;br /&gt;
								&amp;nbsp;&amp;nbsp;&amp;nbsp;(AI-SHEEC)&lt;br /&gt;
								&amp;nbsp;- Chairman of Safety &amp;ndash; Health and Environment Company Limited (SHE)&lt;br /&gt;
								&amp;nbsp;- Chairman of The Health Group and Companies&lt;br /&gt;
								&lt;br /&gt;
								&lt;strong&gt;EXPERIENCES&lt;/strong&gt;&lt;br /&gt;
								&lt;br /&gt;
								&amp;nbsp;- Chairman, Committee of&amp;nbsp; Science &amp;amp; Technology, Resources, Environment and Energy(NESACT)&amp;nbsp;&lt;br /&gt;
								&amp;nbsp;- Advisor to World Health Organization (WHO)&amp;nbsp;&lt;br /&gt;
								&amp;nbsp;- Advisor to the Prime Minister (General Prem Tinasulanonda)&lt;br /&gt;
								&amp;nbsp;- Secretary General, National Safety Council of Thailand, Office of the Prime Minister&lt;br /&gt;
								&amp;nbsp;- Chairman of The National Safety Education Center&lt;br /&gt;
								&amp;nbsp;- Chairman of The National Accident Research Center&lt;br /&gt;
								&amp;nbsp;- Chairman of The National Traffic Safety Board&lt;br /&gt;
								&amp;nbsp;- Chairman of The National Occupational Safety Board&lt;br /&gt;
								&amp;nbsp;- Member of Asia &amp;ndash; Pacific Occupational Safety Council&lt;br /&gt;
								&amp;nbsp;- Advisor to Standing Committee on Environment (Parliament)&lt;br /&gt;
								&amp;nbsp;- Advisor to the Governor of Industrial Estate Authority of Thailand&lt;br /&gt;
								&amp;nbsp;- Advisor to Deputy Minister of Commerce&lt;br /&gt;
								&amp;nbsp;- Advisor to Deputy Minister of Labour &amp;amp; Social welfare&amp;nbsp;&lt;br /&gt;
								&amp;nbsp;- Advisor to Standing Committee on Public Health (Senate)&lt;br /&gt;
								&lt;br /&gt;
								&lt;strong&gt;HONOUR&lt;/strong&gt;&lt;br /&gt;
								&lt;br /&gt;
								&amp;nbsp;- Honour by Biography Fame International as the &amp;ldquo; International Outstanding People&amp;rdquo; (1995)&lt;br /&gt;
								&amp;nbsp;- Honour by Marquis &amp;ldquo;Who&amp;rsquo;s Who in the World&amp;rdquo; as one in 30,000 VIP of the world (1998)&lt;/td&gt;
						&lt;/tr&gt;
					&lt;/tbody&gt;
				&lt;/table&gt;
			&lt;/td&gt;
		&lt;/tr&gt;
		&lt;tr valign=&quot;top&quot;&gt;
		&lt;/tr&gt;
	&lt;/tbody&gt;
&lt;/table&gt;
&lt;br /&gt;
</content><meta><description>Fusion Excel's Medical Consultant and Speaker : Prof. Dr. Vichit Punyahotra </description><keyword>Fusion Excel's Medical Consultant and Speaker : Prof. Dr. Vichit Punyahotra </keyword><robots>all</robots><author>KLHunter</author></meta></en><bm><title>Fusion Excel's Medical Consultant and Speaker : Prof. Dr. Vichit Punyahotra </title><content></content><meta><description>Fusion Excel's Medical Consultant and Speaker : Prof. Dr. Vichit Punyahotra </description><keyword>Fusion Excel's Medical Consultant and Speaker : Prof. Dr. Vichit Punyahotra </keyword><robots>all</robots><author>KLHunter</author></meta></bm><chi><title>Fusion Excel's Medical Consultant and Speaker : Prof. Dr. Vichit Punyahotra </title><content></content><meta><description>Fusion Excel's Medical Consultant and Speaker : Prof. Dr. Vichit Punyahotra </description><keyword>Fusion Excel's Medical Consultant and Speaker : Prof. Dr. Vichit Punyahotra </keyword><robots>all</robots><author>KLHunter</author></meta></chi></article>