<?xml version='1.0' encoding='utf-8'?><article><en><title>Official Appointment</title><content>&lt;p&gt;
	&amp;nbsp;&lt;/p&gt;
&lt;table border=&quot;0&quot; cellpadding=&quot;0&quot; cellspacing=&quot;0&quot; style=&quot;color: rgb(0, 0, 0); font-family: Verdana, Arial, Helvetica, sans-serif; font-size: 13px; text-align: justify; background-color: rgb(238, 240, 252); &quot; width=&quot;100%&quot;&gt;
	&lt;tbody&gt;
		&lt;tr valign=&quot;top&quot;&gt;
			&lt;td class=&quot;content&quot; height=&quot;15&quot;&gt;
				&lt;strong&gt;YUAN YUFANG&lt;/strong&gt;&lt;/td&gt;
		&lt;/tr&gt;
		&lt;tr valign=&quot;top&quot;&gt;
			&lt;td class=&quot;content&quot; height=&quot;10&quot;&gt;
				FusionExcel welcomes Olympic Athlete and Quantum Pendant Wearer Yuan Yufang. Yuan Yufang is a 2 times Olympian representing Malaysia in the 20 Km Walk 2000 Sydney Olympics and 2004 Athens Olympics. She will again be representing Malaysia in the 2008 Beijing Olympics.&amp;nbsp;&lt;br /&gt;
				&lt;br /&gt;
				Yuan Yufang has been using FusionExcel&amp;rsquo;s Quantum Pendant during her trainings and found it has helped improve her performance with increased energy and concentration.&amp;nbsp;&lt;br /&gt;
				&lt;br /&gt;
				&lt;strong&gt;YUAN YUFANG CREDENTIAL:&lt;/strong&gt;&lt;br /&gt;
				&lt;br /&gt;
				- Winner of SEA Games Gold Medals 1999 to 2007. (20 km walk).&lt;br /&gt;
				- 3 Times Winner and Record Holder of Kuala Lumpur International Marathon.&lt;br /&gt;
				- 2 Times Bronze Medal Winner Asian Walking Championships.&lt;br /&gt;
				- Bronze Medal Winner Commonwealth Games, Manchester 2002.&lt;/td&gt;
		&lt;/tr&gt;
		&lt;tr valign=&quot;top&quot;&gt;
			&lt;td align=&quot;center&quot; height=&quot;10&quot;&gt;
				&lt;img height=&quot;240&quot; src=&quot;http://fusionexcel.com/imgnews/y_y_spoken.jpg&quot; width=&quot;354&quot; /&gt;&lt;/td&gt;
		&lt;/tr&gt;
		&lt;tr valign=&quot;top&quot;&gt;
		&lt;/tr&gt;
	&lt;/tbody&gt;
&lt;/table&gt;
&lt;br /&gt;
</content><meta><description>Official Appointment</description><keyword>Official Appointment</keyword><robots>all</robots><author>KLHunter</author></meta></en><bm><title>Official Appointment</title><content></content><meta><description>Official Appointment</description><keyword>Official Appointment</keyword><robots>all</robots><author>KLHunter</author></meta></bm><chi><title>Official Appointment</title><content></content><meta><description>Official Appointment</description><keyword>Official Appointment</keyword><robots>all</robots><author>KLHunter</author></meta></chi></article>