<?xml version='1.0' encoding='utf-8'?><article><en><title>Philippines QP Wearers Sergio Ortiz-Luis JR, Ambassador Donald Dee and Congressman Antonio Roman</title><content>&lt;p&gt;
	&amp;nbsp;&lt;/p&gt;
&lt;table border=&quot;0&quot; cellpadding=&quot;0&quot; cellspacing=&quot;0&quot; style=&quot;color: rgb(0, 0, 0); font-family: 'Times New Roman'; background-color: rgb(238, 240, 252); font-size: medium; &quot; width=&quot;100%&quot;&gt;
	&lt;tbody&gt;
		&lt;tr&gt;
			&lt;td align=&quot;center&quot; valign=&quot;top&quot;&gt;
				&lt;img height=&quot;277&quot; src=&quot;http://fusionexcel.com/imgnews/morespoke4.jpg&quot; width=&quot;398&quot; /&gt;&lt;/td&gt;
		&lt;/tr&gt;
		&lt;tr&gt;
			&lt;td align=&quot;center&quot; class=&quot;smallhead&quot; height=&quot;10&quot; style=&quot;font-family: Verdana, Arial, Helvetica, sans-serif; font-size: 11px; font-weight: bold; &quot; valign=&quot;top&quot;&gt;
				&lt;strong&gt;L- R :&amp;nbsp; SERGIO ORTIZ-LUIS JR&lt;/strong&gt;. Chairman/Treasurer&amp;nbsp;&lt;br /&gt;
				of the Philippine Chamber of Commerce &amp;amp; Industry,&amp;nbsp;&lt;br /&gt;
				Filipino Ambassador&amp;nbsp;&lt;strong&gt;DONALD DEE&lt;/strong&gt;&amp;nbsp;to China &amp;amp;&amp;nbsp;&lt;br /&gt;
				Special Envoy of the President on Trade Negotiation&amp;nbsp;&lt;br /&gt;
				and Jeremy&lt;/td&gt;
		&lt;/tr&gt;
		&lt;tr&gt;
			&lt;td align=&quot;center&quot; valign=&quot;top&quot;&gt;
				&lt;img height=&quot;277&quot; src=&quot;http://fusionexcel.com/imgnews/morespoke2.jpg&quot; width=&quot;398&quot; /&gt;&lt;/td&gt;
		&lt;/tr&gt;
		&lt;tr&gt;
			&lt;td align=&quot;center&quot; class=&quot;smallhead&quot; style=&quot;font-family: Verdana, Arial, Helvetica, sans-serif; font-size: 11px; font-weight: bold; &quot; valign=&quot;top&quot;&gt;
				Sharing the benefits of using Scalar Energy products&lt;br /&gt;
				and the science behind it.&lt;/td&gt;
		&lt;/tr&gt;
		&lt;tr&gt;
			&lt;td align=&quot;center&quot; valign=&quot;top&quot;&gt;
				&lt;img height=&quot;277&quot; src=&quot;http://fusionexcel.com/imgnews/morespoke3.jpg&quot; width=&quot;398&quot; /&gt;&lt;/td&gt;
		&lt;/tr&gt;
		&lt;tr&gt;
			&lt;td align=&quot;center&quot; class=&quot;smallhead&quot; style=&quot;font-family: Verdana, Arial, Helvetica, sans-serif; font-size: 11px; font-weight: bold; &quot; valign=&quot;top&quot;&gt;
				Action always speaks louder than words,&amp;nbsp;&lt;br /&gt;
				Fusion Excel demos has NEVER fail to&amp;nbsp;&lt;br /&gt;
				impress anyone.&lt;/td&gt;
		&lt;/tr&gt;
		&lt;tr&gt;
			&lt;td align=&quot;center&quot; valign=&quot;top&quot;&gt;
				&lt;img height=&quot;277&quot; src=&quot;http://fusionexcel.com/imgnews/morespoke1.jpg&quot; width=&quot;398&quot; /&gt;&lt;/td&gt;
		&lt;/tr&gt;
		&lt;tr&gt;
			&lt;td align=&quot;center&quot; class=&quot;smallhead&quot; style=&quot;font-family: Verdana, Arial, Helvetica, sans-serif; font-size: 11px; font-weight: bold; &quot; valign=&quot;top&quot;&gt;
				Congressman Antonio Roman, an avid golfer and&amp;nbsp;&lt;br /&gt;
				NOW a firm believer of Fusion Excel products.&lt;/td&gt;
		&lt;/tr&gt;
		&lt;tr&gt;
		&lt;/tr&gt;
	&lt;/tbody&gt;
&lt;/table&gt;
&lt;br /&gt;
</content><meta><description>Philippines QP Wearers Sergio Ortiz-Luis JR, Ambassador Donald Dee and Congressman Antonio Roman</description><keyword>Philippines QP Wearers Sergio Ortiz-Luis JR, Ambassador Donald Dee and Congressman Antonio Roman</keyword><robots>all</robots><author>KLHunter</author></meta></en><bm><title>Philippines QP Wearers Sergio Ortiz-Luis JR, Ambassador Donald Dee and Congressman Antonio Roman</title><content></content><meta><description>Philippines QP Wearers Sergio Ortiz-Luis JR, Ambassador Donald Dee and Congressman Antonio Roman</description><keyword>Philippines QP Wearers Sergio Ortiz-Luis JR, Ambassador Donald Dee and Congressman Antonio Roman</keyword><robots>all</robots><author>KLHunter</author></meta></bm><chi><title>Philippines QP Wearers Sergio Ortiz-Luis JR, Ambassador Donald Dee and Congressman Antonio Roman</title><content></content><meta><description>Philippines QP Wearers Sergio Ortiz-Luis JR, Ambassador Donald Dee and Congressman Antonio Roman</description><keyword>Philippines QP Wearers Sergio Ortiz-Luis JR, Ambassador Donald Dee and Congressman Antonio Roman</keyword><robots>all</robots><author>KLHunter</author></meta></chi></article>