<?xml version='1.0' encoding='utf-8'?><article><en><title>FE's Thailand Country Licensee Office Opening Ceremony, 17th May 2008 (2)</title><content>&lt;p&gt;
	&amp;nbsp;&lt;/p&gt;
&lt;br /&gt;
&lt;div&gt;
	&lt;table border=&quot;0&quot; cellpadding=&quot;0&quot; cellspacing=&quot;0&quot; style=&quot;color: rgb(0, 0, 0); font-family: 'Times New Roman'; background-color: rgb(238, 240, 252); font-size: medium; &quot; width=&quot;100%&quot;&gt;
		&lt;tbody&gt;
			&lt;tr&gt;
				&lt;td class=&quot;content&quot; style=&quot;font-family: Verdana, Arial, Helvetica, sans-serif; font-size: 13px; text-align: justify; &quot; valign=&quot;top&quot;&gt;
					&lt;table border=&quot;0&quot; cellpadding=&quot;0&quot; cellspacing=&quot;0&quot; width=&quot;100%&quot;&gt;
						&lt;tbody&gt;
						&lt;/tbody&gt;
					&lt;/table&gt;
					&lt;table border=&quot;0&quot; cellpadding=&quot;0&quot; cellspacing=&quot;0&quot; width=&quot;100%&quot;&gt;
						&lt;tbody&gt;
							&lt;tr valign=&quot;top&quot;&gt;
								&lt;td width=&quot;50%&quot;&gt;
									&lt;img height=&quot;240&quot; src=&quot;http://fusionexcel.com/imgnews/cl9.jpg&quot; width=&quot;353&quot; /&gt;&lt;/td&gt;
								&lt;td align=&quot;right&quot;&gt;
									&lt;img height=&quot;240&quot; src=&quot;http://fusionexcel.com/imgnews/cl20.jpg&quot; width=&quot;353&quot; /&gt;&lt;/td&gt;
							&lt;/tr&gt;
							&lt;tr valign=&quot;top&quot;&gt;
								&lt;td&gt;
									&lt;img height=&quot;240&quot; src=&quot;http://fusionexcel.com/imgnews/cl21.jpg&quot; width=&quot;353&quot; /&gt;&lt;/td&gt;
								&lt;td align=&quot;right&quot;&gt;
									&lt;img height=&quot;240&quot; src=&quot;http://fusionexcel.com/imgnews/cl22.jpg&quot; width=&quot;353&quot; /&gt;&lt;/td&gt;
							&lt;/tr&gt;
							&lt;tr valign=&quot;top&quot;&gt;
								&lt;td&gt;
									&lt;img height=&quot;240&quot; src=&quot;http://fusionexcel.com/imgnews/cl23.jpg&quot; width=&quot;298&quot; /&gt;&lt;/td&gt;
								&lt;td align=&quot;right&quot;&gt;
									&lt;img height=&quot;240&quot; src=&quot;http://fusionexcel.com/imgnews/cl24.jpg&quot; width=&quot;353&quot; /&gt;&lt;/td&gt;
							&lt;/tr&gt;
							&lt;tr valign=&quot;top&quot;&gt;
								&lt;td&gt;
									&lt;img height=&quot;240&quot; src=&quot;http://fusionexcel.com/imgnews/cl25.jpg&quot; width=&quot;353&quot; /&gt;&lt;/td&gt;
								&lt;td align=&quot;right&quot;&gt;
									&lt;img height=&quot;240&quot; src=&quot;http://fusionexcel.com/imgnews/cl26.jpg&quot; width=&quot;298&quot; /&gt;&lt;/td&gt;
							&lt;/tr&gt;
							&lt;tr valign=&quot;top&quot;&gt;
								&lt;td&gt;
									&lt;img height=&quot;240&quot; src=&quot;http://fusionexcel.com/imgnews/cl27.jpg&quot; width=&quot;353&quot; /&gt;&lt;/td&gt;
								&lt;td align=&quot;right&quot;&gt;
									&lt;img height=&quot;240&quot; src=&quot;http://fusionexcel.com/imgnews/cl28.jpg&quot; width=&quot;353&quot; /&gt;&lt;/td&gt;
							&lt;/tr&gt;
							&lt;tr valign=&quot;top&quot;&gt;
								&lt;td&gt;
									&lt;img height=&quot;240&quot; src=&quot;http://fusionexcel.com/imgnews/cl29.jpg&quot; width=&quot;353&quot; /&gt;&lt;/td&gt;
								&lt;td align=&quot;right&quot;&gt;
									&lt;img height=&quot;240&quot; src=&quot;http://fusionexcel.com/imgnews/cl30.jpg&quot; width=&quot;353&quot; /&gt;&lt;/td&gt;
							&lt;/tr&gt;
							&lt;tr valign=&quot;top&quot;&gt;
								&lt;td&gt;
									&lt;img height=&quot;240&quot; src=&quot;http://fusionexcel.com/imgnews/cl31.jpg&quot; width=&quot;353&quot; /&gt;&lt;/td&gt;
								&lt;td align=&quot;right&quot;&gt;
									&lt;img height=&quot;240&quot; src=&quot;http://fusionexcel.com/imgnews/cl32.jpg&quot; width=&quot;353&quot; /&gt;&lt;/td&gt;
							&lt;/tr&gt;
							&lt;tr valign=&quot;top&quot;&gt;
							&lt;/tr&gt;
						&lt;/tbody&gt;
					&lt;/table&gt;
				&lt;/td&gt;
			&lt;/tr&gt;
		&lt;/tbody&gt;
	&lt;/table&gt;
&lt;/div&gt;
&lt;p&gt;
	&amp;nbsp;&lt;/p&gt;
</content><meta><description>FE's Thailand Country Licensee Office Opening Ceremony, 17th May 2008 (2)</description><keyword>FE's Thailand Country Licensee Office Opening Ceremony, 17th May 2008 (2)</keyword><robots>all</robots><author>KLHunter</author></meta></en><bm><title>FE's Thailand Country Licensee Office Opening Ceremony, 17th May 2008 (2)</title><content></content><meta><description>FE's Thailand Country Licensee Office Opening Ceremony, 17th May 2008 (2)</description><keyword>FE's Thailand Country Licensee Office Opening Ceremony, 17th May 2008 (2)</keyword><robots>all</robots><author>KLHunter</author></meta></bm><chi><title>FE's Thailand Country Licensee Office Opening Ceremony, 17th May 2008 (2)</title><content></content><meta><description>FE's Thailand Country Licensee Office Opening Ceremony, 17th May 2008 (2)</description><keyword>FE's Thailand Country Licensee Office Opening Ceremony, 17th May 2008 (2)</keyword><robots>all</robots><author>KLHunter</author></meta></chi></article>