<?xml version='1.0' encoding='utf-8'?><article><en><title>QP Wearer, Well Known Filipino Singer and Songwriter Lito Camo.</title><content>&lt;p&gt;
	&lt;img height=&quot;298&quot; src=&quot;http://fusionexcel.com/imgnews/lito.jpg&quot; style=&quot;color: rgb(0, 0, 0); font-family: 'Times New Roman'; text-align: -webkit-center; background-color: rgb(238, 240, 252); font-size: medium; &quot; width=&quot;448&quot; /&gt;&lt;/p&gt;
</content><meta><description>QP Wearer, Well Known Filipino Singer and Songwriter Lito Camo.</description><keyword>QP Wearer, Well Known Filipino Singer and Songwriter Lito Camo.</keyword><robots>all</robots><author>KLHunter</author></meta></en><bm><title>QP Wearer, Well Known Filipino Singer and Songwriter Lito Camo.</title><content></content><meta><description>QP Wearer, Well Known Filipino Singer and Songwriter Lito Camo.</description><keyword>QP Wearer, Well Known Filipino Singer and Songwriter Lito Camo.</keyword><robots>all</robots><author>KLHunter</author></meta></bm><chi><title>QP Wearer, Well Known Filipino Singer and Songwriter Lito Camo.</title><content></content><meta><description>QP Wearer, Well Known Filipino Singer and Songwriter Lito Camo.</description><keyword>QP Wearer, Well Known Filipino Singer and Songwriter Lito Camo.</keyword><robots>all</robots><author>KLHunter</author></meta></chi></article>