<?xml version='1.0' encoding='utf-8'?><article><en><title>Congratulations! FusionExcel Sponsored Team Wearing FusionExcel's Qunatum Pendant Wins Two Horns Penang Open Dart Doubles Championship 2008. There were 240 Local and Foreign Participants From Malaysia, Hong Kong, Philippines, Japan, Korea, China, Thailand</title><content>&lt;p&gt;
	&amp;nbsp;&lt;/p&gt;
&lt;table border=&quot;0&quot; cellpadding=&quot;0&quot; cellspacing=&quot;0&quot; width=&quot;100%&quot;&gt;
	&lt;tbody&gt;
		&lt;tr&gt;
			&lt;td valign=&quot;top&quot; width=&quot;718&quot;&gt;
				&lt;table border=&quot;0&quot; cellpadding=&quot;0&quot; cellspacing=&quot;0&quot; width=&quot;100%&quot;&gt;
					&lt;tbody&gt;
						&lt;tr&gt;
							&lt;td valign=&quot;top&quot;&gt;
								&lt;table border=&quot;0&quot; cellpadding=&quot;0&quot; cellspacing=&quot;0&quot; width=&quot;100%&quot;&gt;
									&lt;tbody&gt;
										&lt;tr&gt;
											&lt;td height=&quot;224&quot; valign=&quot;top&quot;&gt;
												&lt;img height=&quot;270&quot; src=&quot;http://fusionexcel.com/imgnews/horn1.jpg&quot; width=&quot;354&quot; /&gt;&lt;/td&gt;
											&lt;td align=&quot;right&quot; valign=&quot;top&quot;&gt;
												&lt;img height=&quot;270&quot; src=&quot;http://fusionexcel.com/imgnews/horn2.jpg&quot; width=&quot;354&quot; /&gt;&lt;/td&gt;
										&lt;/tr&gt;
										&lt;tr&gt;
											&lt;td height=&quot;224&quot; valign=&quot;top&quot;&gt;
												&lt;img height=&quot;270&quot; src=&quot;http://fusionexcel.com/imgnews/horn3.jpg&quot; width=&quot;354&quot; /&gt;&lt;/td&gt;
											&lt;td align=&quot;right&quot; valign=&quot;top&quot;&gt;
												&lt;img height=&quot;270&quot; src=&quot;http://fusionexcel.com/imgnews/horn4.jpg&quot; width=&quot;354&quot; /&gt;&lt;/td&gt;
										&lt;/tr&gt;
									&lt;/tbody&gt;
								&lt;/table&gt;
							&lt;/td&gt;
						&lt;/tr&gt;
					&lt;/tbody&gt;
				&lt;/table&gt;
			&lt;/td&gt;
		&lt;/tr&gt;
	&lt;/tbody&gt;
&lt;/table&gt;
&lt;p&gt;
	&amp;nbsp;&lt;/p&gt;
</content><meta><description>Congratulations! FusionExcel Sponsored Team Wearing FusionExcel's Qunatum Pendant Wins Two Horns Penang Open Dart Doubles Championship 2008. There were 240 Local and Foreign Participants From Malaysia, Hong Kong, Philippines, Japan, Korea, China, Thailand</description><keyword>Congratulations! FusionExcel Sponsored Team Wearing FusionExcel's Qunatum Pendant Wins Two Horns Penang Open Dart Doubles Championship 2008. There were 240 Local and Foreign Participants From Malaysia, Hong Kong, Philippines, Japan, Korea, China, Thailand</keyword><robots>all</robots><author>KLHunter</author></meta></en><bm><title>Congratulations! FusionExcel Sponsored Team Wearing FusionExcel's Qunatum Pendant Wins Two Horns Penang Open Dart Doubles Championship 2008. There were 240 Local and Foreign Participants From Malaysia, Hong Kong, Philippines, Japan, Korea, China, Thailand</title><content></content><meta><description>Congratulations! FusionExcel Sponsored Team Wearing FusionExcel's Qunatum Pendant Wins Two Horns Penang Open Dart Doubles Championship 2008. There were 240 Local and Foreign Participants From Malaysia, Hong Kong, Philippines, Japan, Korea, China, Thailand</description><keyword>Congratulations! FusionExcel Sponsored Team Wearing FusionExcel's Qunatum Pendant Wins Two Horns Penang Open Dart Doubles Championship 2008. There were 240 Local and Foreign Participants From Malaysia, Hong Kong, Philippines, Japan, Korea, China, Thailand</keyword><robots>all</robots><author>KLHunter</author></meta></bm><chi><title>Congratulations! FusionExcel Sponsored Team Wearing FusionExcel's Qunatum Pendant Wins Two Horns Penang Open Dart Doubles Championship 2008. There were 240 Local and Foreign Participants From Malaysia, Hong Kong, Philippines, Japan, Korea, China, Thailand</title><content></content><meta><description>Congratulations! FusionExcel Sponsored Team Wearing FusionExcel's Qunatum Pendant Wins Two Horns Penang Open Dart Doubles Championship 2008. There were 240 Local and Foreign Participants From Malaysia, Hong Kong, Philippines, Japan, Korea, China, Thailand</description><keyword>Congratulations! FusionExcel Sponsored Team Wearing FusionExcel's Qunatum Pendant Wins Two Horns Penang Open Dart Doubles Championship 2008. There were 240 Local and Foreign Participants From Malaysia, Hong Kong, Philippines, Japan, Korea, China, Thailand</keyword><robots>all</robots><author>KLHunter</author></meta></chi></article>