<?xml version="1.0" encoding="utf-8"?>
<article><en><title>Arriving in Style In Orlando, USA.</title><content>&lt;p&gt;
	FE Leaders arriving in style in stretch limo for the PGA Merchandise Show,&amp;nbsp;&lt;br /&gt;
	Orlando, Florida, 17th - 19th January 2008.&lt;/p&gt;
&lt;table border="0" cellpadding="0" cellspacing="0" width="100%"&gt;
	&lt;tbody&gt;
		&lt;tr valign="top"&gt;
			&lt;td&gt;
				&lt;table border="0" cellpadding="0" cellspacing="0" width="100%"&gt;
					&lt;tbody&gt;
						&lt;tr&gt;
							&lt;td&gt;
								&lt;img height="265" src="http://fusionexcel.com/imgnews/arriving1.jpg" width="354" /&gt;&amp;nbsp;&amp;nbsp;&lt;/td&gt;
							&lt;td&gt;
								&lt;img height="265" src="http://fusionexcel.com/imgnews/arriving2.jpg" width="354" /&gt;&lt;/td&gt;
						&lt;/tr&gt;
					&lt;/tbody&gt;
				&lt;/table&gt;
			&lt;/td&gt;
		&lt;/tr&gt;
		&lt;tr valign="top"&gt;
			&lt;td&gt;
				&lt;table border="0" cellpadding="0" cellspacing="0" width="100%"&gt;
					&lt;tbody&gt;
						&lt;tr&gt;
							&lt;td&gt;
								&lt;img height="265" src="http://fusionexcel.com/imgnews/arriving3.jpg" width="354" /&gt;&amp;nbsp;&amp;nbsp;&lt;/td&gt;
							&lt;td&gt;
								&lt;img height="265" src="http://fusionexcel.com/imgnews/arriving4.jpg" width="354" /&gt;&lt;/td&gt;
						&lt;/tr&gt;
					&lt;/tbody&gt;
				&lt;/table&gt;
			&lt;/td&gt;
		&lt;/tr&gt;
		&lt;tr valign="top"&gt;
			&lt;td&gt;
				&lt;table border="0" cellpadding="0" cellspacing="0" width="100%"&gt;
					&lt;tbody&gt;
						&lt;tr&gt;
							&lt;td&gt;
								&lt;img height="265" src="http://fusionexcel.com/imgnews/arriving5.jpg" width="354" /&gt;&amp;nbsp;&amp;nbsp;&lt;/td&gt;
							&lt;td&gt;
								&lt;img height="265" src="http://fusionexcel.com/imgnews/arriving6.jpg" width="354" /&gt;&lt;/td&gt;
						&lt;/tr&gt;
					&lt;/tbody&gt;
				&lt;/table&gt;
			&lt;/td&gt;
		&lt;/tr&gt;
	&lt;/tbody&gt;
&lt;/table&gt;
</content><meta><description>Arriving in Style In Orlando, USA.</description><keyword>Arriving in Style In Orlando, USA.</keyword><robots>all</robots><author>KLHunter</author></meta></en><bm><title>Arriving in Style in Orlando, USA.</title><content></content><meta><description>Arriving in Style in Orlando, USA.</description><keyword>Arriving in Style in Orlando, USA.</keyword><robots>all</robots><author>KLHunter</author></meta></bm><chi><title>Arriving in Style in Orlando, USA.</title><content></content><meta><description>Arriving in Style in Orlando, USA.</description><keyword>Arriving in Style in Orlando, USA.</keyword><robots>all</robots><author>KLHunter</author></meta></chi></article>
