<?xml version='1.0' encoding='utf-8'?><article><en><title>FE Welcomes QP Wearer, General (Rtd) Roesmanhadi, Former Chief of Indonesia National Police. </title><content>&lt;p&gt;
	&lt;br /&gt;
	&lt;br /&gt;
	&lt;img height=&quot;360&quot; src=&quot;http://fusionexcel.com/imgnews/roesmanhadi.jpg&quot; width=&quot;480&quot; /&gt;&lt;/p&gt;
</content><meta><description>FE Welcomes QP Wearer, General (Rtd) Roesmanhadi, Former Chief of Indonesia National Police. </description><keyword>FE Welcomes QP Wearer, General (Rtd) Roesmanhadi, Former Chief of Indonesia National Police. </keyword><robots>all</robots><author>KLHunter</author></meta></en><bm><title>FE Welcomes QP Wearer, General (Rtd) Roesmanhadi, Former Chief of Indonesia National Police. </title><content></content><meta><description>FE Welcomes QP Wearer, General (Rtd) Roesmanhadi, Former Chief of Indonesia National Police. </description><keyword>FE Welcomes QP Wearer, General (Rtd) Roesmanhadi, Former Chief of Indonesia National Police. </keyword><robots>all</robots><author>KLHunter</author></meta></bm><chi><title>FE Welcomes QP Wearer, General (Rtd) Roesmanhadi, Former Chief of Indonesia National Police. </title><content></content><meta><description>FE Welcomes QP Wearer, General (Rtd) Roesmanhadi, Former Chief of Indonesia National Police. </description><keyword>FE Welcomes QP Wearer, General (Rtd) Roesmanhadi, Former Chief of Indonesia National Police. </keyword><robots>all</robots><author>KLHunter</author></meta></chi></article>