<?xml version='1.0' encoding='utf-8'?><article><en><title>FE Welcomes QP Wearer, Adam Hollioake, Former Captain of England Cricket Team! </title><content>&lt;p&gt;
	&amp;nbsp;&lt;/p&gt;
&lt;div&gt;
	&lt;table border=&quot;0&quot; cellpadding=&quot;0&quot; cellspacing=&quot;0&quot; style=&quot;color: rgb(0, 0, 0); font-family: 'Times New Roman'; background-color: rgb(238, 240, 252); font-size: medium; &quot; width=&quot;100%&quot;&gt;
		&lt;tbody&gt;
			&lt;tr&gt;
				&lt;td align=&quot;center&quot; class=&quot;conthead&quot; style=&quot;font-family: Arial, Helvetica, sans-serif; font-size: 14px; font-weight: bold; color: rgb(0, 0, 255); &quot; valign=&quot;top&quot;&gt;
					&lt;img height=&quot;360&quot; src=&quot;http://fusionexcel.com/imgnews/adam.jpg&quot; width=&quot;480&quot; /&gt;&lt;/td&gt;
			&lt;/tr&gt;
			&lt;tr&gt;
				&lt;td align=&quot;center&quot; class=&quot;content&quot; style=&quot;font-family: Verdana, Arial, Helvetica, sans-serif; font-size: 13px; text-align: justify; &quot; valign=&quot;top&quot;&gt;
					&lt;table cellpadding=&quot;0&quot; cellspacing=&quot;0&quot;&gt;
						&lt;tbody&gt;
							&lt;tr&gt;
								&lt;td height=&quot;395&quot; valign=&quot;top&quot;&gt;
									Adam John Hollioake is the former Captain of the England Cricket team and is a cricketing all-rounder.&lt;br /&gt;
									&lt;br /&gt;
									He played first-class cricket for Surrey County Cricket Club between 1993 and 2004 and&amp;nbsp; also captained Surrey for several years leading them to victory in the County Championship in 1999, 2000 and 2002.Hollioake played in four Test matches for England at the end of 1997 and the beginning of 1998.&lt;br /&gt;
									&lt;br /&gt;
									He achieved greater success in One Day Internationals, playing in 35 matches from 1996 to 1999, taking over the captaincy of the ODI side for 14 matches while Michael Atherton remained Test captain.&lt;br /&gt;
									&lt;br /&gt;
									Adam Hollioake retired from international cricket in 2003 but continued to play for Surrey and resumed his captaincy of the side.&lt;br /&gt;
									&lt;br /&gt;
									He was named as one of the five Wisden Cricketers of the Year in 2003 and retired after an injury-affected 2004 season.&lt;br /&gt;
									&lt;br /&gt;
									He came out of retirement on 20th June 2007 to play in a World XI at The Oval against an Asian XI in a Twenty20 charity match in aid of the 2004 Asian Tsunami.&lt;br /&gt;
									&lt;br /&gt;
									In 2007 he made an unexpected return to Twenty20 cricket, playing for Essex. He currently plays in social cricket sixes tournaments around the Asian region and is also involved in beach cricket and other events in Australia.&lt;/td&gt;
							&lt;/tr&gt;
						&lt;/tbody&gt;
					&lt;/table&gt;
				&lt;/td&gt;
			&lt;/tr&gt;
		&lt;/tbody&gt;
	&lt;/table&gt;
&lt;/div&gt;
&lt;p&gt;
	&amp;nbsp;&lt;/p&gt;
&lt;p&gt;
	&amp;nbsp;&lt;/p&gt;
</content><meta><description>FE Welcomes QP Wearer, Adam Hollioake, Former Captain of England Cricket Team! </description><keyword>FE Welcomes QP Wearer, Adam Hollioake, Former Captain of England Cricket Team! </keyword><robots>all</robots><author>KLHunter</author></meta></en><bm><title>FE Welcomes QP Wearer, Adam Hollioake, Former Captain of England Cricket Team! </title><content></content><meta><description>FE Welcomes QP Wearer, Adam Hollioake, Former Captain of England Cricket Team! </description><keyword>FE Welcomes QP Wearer, Adam Hollioake, Former Captain of England Cricket Team! </keyword><robots>all</robots><author>KLHunter</author></meta></bm><chi><title>FE Welcomes QP Wearer, Adam Hollioake, Former Captain of England Cricket Team! </title><content></content><meta><description>FE Welcomes QP Wearer, Adam Hollioake, Former Captain of England Cricket Team! </description><keyword>FE Welcomes QP Wearer, Adam Hollioake, Former Captain of England Cricket Team! </keyword><robots>all</robots><author>KLHunter</author></meta></chi></article>