<?xml version="1.0" encoding="utf-8"?>
<article><en><title>FE Donates Baht 200,000 To Pibulsonggram Foundation, Thailand 29th March 2008</title><content>&lt;table border="0" cellpadding="0" cellspacing="0" style="color: rgb(0, 0, 0); font-family: 'Times New Roman'; background-color: rgb(238, 240, 252); font-size: medium; " width="100%"&gt;
	&lt;tbody&gt;
		&lt;tr&gt;
			&lt;td align="center" valign="top"&gt;
				&lt;img height="556" src="http://www.fusionexcel.com/imgnews/donate.jpg" width="705" /&gt;&lt;/td&gt;
		&lt;/tr&gt;
		&lt;tr&gt;
			&lt;td class="content" style="font-family: Verdana, Arial, Helvetica, sans-serif; font-size: 13px; text-align: justify; "&gt;
				&lt;p&gt;
					&amp;nbsp;&lt;/p&gt;
				&lt;p&gt;
					&amp;nbsp;&lt;/p&gt;
			&lt;/td&gt;
		&lt;/tr&gt;
		&lt;tr&gt;
			&lt;td class="content" style="font-family: Verdana, Arial, Helvetica, sans-serif; font-size: 13px; text-align: justify; "&gt;
				&lt;p&gt;
					&lt;span lang="EN-MY" xml:lang="EN-MY"&gt;FE is honoured to donate Baht 200,000 to Pibulsonggram Foundation of Thailand. The donation was accepted by H.E Former Minister of Foreign Affairs, Mr. Nitya Pibulsonggram and witnessed by H.E Malaysia Ambassador Dato Shaarani Ibrahim and General Dato Kitti Ratanachaya. The Pibulsonggram Foundation was set up in recognition and in memory of H.E Mr. Nitya Pibulsonggram&amp;rsquo;s parents Field Marshal P. Pibulsonggram and Lady La-iad Pibulsonggram. Field Marshal Pibulsonggram was the third Prime Minister of Thailand.&lt;/span&gt;&lt;/p&gt;
			&lt;/td&gt;
		&lt;/tr&gt;
	&lt;/tbody&gt;
&lt;/table&gt;</content><meta><description>FusionExcel Donates Baht 200,000 to Pibulsonggram Foundation, Thailand on 29th March 2008.</description><keyword>ibulsonggram Foundation, 29th March 2008, Mr. Nitya Pibulsonggram, Dato Shaarani Ibrahim, Dato Kitti Ratanachaya</keyword><robots>all</robots><author>KLHunter</author></meta></en><bm><title>FE Welcomes QP Wearer TV Personality, Datuk Mahadzir Lokman.</title><content></content><meta><description>FE Welcomes QP Wearer TV Personality, Datuk Mahadzir Lokman.</description><keyword>FE Welcomes QP Wearer TV Personality, Datuk Mahadzir Lokman.</keyword><robots>all</robots><author>KLHunter</author></meta></bm><chi><title>FE Welcomes QP Wearer TV Personality, Datuk Mahadzir Lokman.</title><content></content><meta><description>FE Welcomes QP Wearer TV Personality, Datuk Mahadzir Lokman.</description><keyword>FE Welcomes QP Wearer TV Personality, Datuk Mahadzir Lokman.</keyword><robots>all</robots><author>KLHunter</author></meta></chi></article>
