<?xml version='1.0' encoding='utf-8'?><article><en><title>Pic Lifting Ramazan (WMC Muay Thai World Heavyweight Champion) </title><content>&lt;p&gt;
	&amp;nbsp;&lt;/p&gt;
&lt;div&gt;
	&lt;table border=&quot;0&quot; cellpadding=&quot;0&quot; cellspacing=&quot;0&quot; width=&quot;100%&quot;&gt;
		&lt;tbody&gt;
			&lt;tr valign=&quot;top&quot;&gt;
				&lt;td&gt;
					&lt;img height=&quot;270&quot; src=&quot;http://fusionexcel.com/imgnews/rama1.jpg&quot; width=&quot;353&quot; /&gt;&lt;/td&gt;
				&lt;td align=&quot;right&quot;&gt;
					&lt;img height=&quot;270&quot; src=&quot;http://fusionexcel.com/imgnews/rama2.jpg&quot; width=&quot;353&quot; /&gt;&lt;/td&gt;
			&lt;/tr&gt;
			&lt;tr valign=&quot;top&quot;&gt;
				&lt;td width=&quot;50%&quot;&gt;
					&lt;img height=&quot;270&quot; src=&quot;http://fusionexcel.com/imgnews/rama3.jpg&quot; width=&quot;353&quot; /&gt;&lt;/td&gt;
				&lt;td align=&quot;right&quot;&gt;
					&lt;img height=&quot;270&quot; src=&quot;http://fusionexcel.com/imgnews/rama4.jpg&quot; width=&quot;353&quot; /&gt;&lt;/td&gt;
			&lt;/tr&gt;
		&lt;/tbody&gt;
	&lt;/table&gt;
&lt;/div&gt;
&lt;p&gt;
	&amp;nbsp;&lt;/p&gt;
&lt;p&gt;
	&amp;nbsp;&lt;/p&gt;
</content><meta><description>Pic Lifting Ramazan (WMC Muay Thai World Heavyweight Champion) </description><keyword>Pic Lifting Ramazan (WMC Muay Thai World Heavyweight Champion) </keyword><robots>all</robots><author>KLHunter</author></meta></en><bm><title>Pic Lifting Ramazan (WMC Muay Thai World Heavyweight Champion) </title><content></content><meta><description>Pic Lifting Ramazan (WMC Muay Thai World Heavyweight Champion) </description><keyword>Pic Lifting Ramazan (WMC Muay Thai World Heavyweight Champion) </keyword><robots>all</robots><author>KLHunter</author></meta></bm><chi><title>Pic Lifting Ramazan (WMC Muay Thai World Heavyweight Champion) </title><content></content><meta><description>Pic Lifting Ramazan (WMC Muay Thai World Heavyweight Champion) </description><keyword>Pic Lifting Ramazan (WMC Muay Thai World Heavyweight Champion) </keyword><robots>all</robots><author>KLHunter</author></meta></chi></article>