<?xml version='1.0' encoding='utf-8'?><article><en><title>Photos Company Trip Langkawi 22nd / 23rd June 2008</title><content>&lt;p&gt;
	&amp;nbsp;&lt;/p&gt;
&lt;table border=&quot;0&quot; cellpadding=&quot;0&quot; cellspacing=&quot;0&quot; style=&quot;color: rgb(0, 0, 0); font-family: Verdana, Arial, Helvetica, sans-serif; font-size: 13px; text-align: justify; background-color: rgb(238, 240, 252); &quot; width=&quot;100%&quot;&gt;
	&lt;tbody&gt;
		&lt;tr valign=&quot;top&quot;&gt;
			&lt;td class=&quot;content&quot; colspan=&quot;2&quot;&gt;
				FE recently organized a company trip for all FE staff to Langkawi staying at Langkawi Lagoon Resort. Everybody had a great weekend!&lt;/td&gt;
		&lt;/tr&gt;
		&lt;tr valign=&quot;top&quot;&gt;
			&lt;td&gt;
				&lt;img height=&quot;265&quot; src=&quot;http://fusionexcel.com/imgnews/langkawi1.jpg&quot; width=&quot;354&quot; /&gt;&lt;/td&gt;
			&lt;td align=&quot;right&quot;&gt;
				&lt;img height=&quot;265&quot; src=&quot;http://fusionexcel.com/imgnews/langkawi2.jpg&quot; width=&quot;354&quot; /&gt;&lt;/td&gt;
		&lt;/tr&gt;
		&lt;tr valign=&quot;top&quot;&gt;
			&lt;td&gt;
				&lt;table border=&quot;0&quot; cellpadding=&quot;0&quot; cellspacing=&quot;0&quot; width=&quot;100%&quot;&gt;
					&lt;tbody&gt;
						&lt;tr&gt;
							&lt;td&gt;
								&lt;img height=&quot;265&quot; src=&quot;http://fusionexcel.com/imgnews/langkawi3.jpg&quot; width=&quot;354&quot; /&gt;&lt;/td&gt;
						&lt;/tr&gt;
					&lt;/tbody&gt;
				&lt;/table&gt;
			&lt;/td&gt;
			&lt;td align=&quot;right&quot;&gt;
				&lt;img height=&quot;265&quot; src=&quot;http://fusionexcel.com/imgnews/langkawi4.jpg&quot; width=&quot;354&quot; /&gt;&lt;/td&gt;
		&lt;/tr&gt;
		&lt;tr valign=&quot;top&quot;&gt;
			&lt;td&gt;
				&lt;img height=&quot;265&quot; src=&quot;http://fusionexcel.com/imgnews/langkawi5.jpg&quot; width=&quot;354&quot; /&gt;&lt;/td&gt;
			&lt;td align=&quot;right&quot;&gt;
				&lt;img height=&quot;265&quot; src=&quot;http://fusionexcel.com/imgnews/langkawi6.jpg&quot; width=&quot;354&quot; /&gt;&lt;/td&gt;
		&lt;/tr&gt;
		&lt;tr valign=&quot;top&quot;&gt;
			&lt;td&gt;
				&lt;img height=&quot;265&quot; src=&quot;http://fusionexcel.com/imgnews/langkawi7.jpg&quot; width=&quot;354&quot; /&gt;&lt;/td&gt;
			&lt;td align=&quot;right&quot;&gt;
				&lt;img height=&quot;265&quot; src=&quot;http://fusionexcel.com/imgnews/langkawi8.jpg&quot; width=&quot;354&quot; /&gt;&lt;/td&gt;
		&lt;/tr&gt;
		&lt;tr valign=&quot;top&quot;&gt;
			&lt;td&gt;
				&lt;img height=&quot;265&quot; src=&quot;http://fusionexcel.com/imgnews/langkawi9.jpg&quot; width=&quot;354&quot; /&gt;&lt;/td&gt;
			&lt;td align=&quot;right&quot;&gt;
				&lt;img height=&quot;265&quot; src=&quot;http://fusionexcel.com/imgnews/langkawi10.jpg&quot; width=&quot;354&quot; /&gt;&lt;/td&gt;
		&lt;/tr&gt;
		&lt;tr valign=&quot;top&quot;&gt;
			&lt;td&gt;
				&lt;img height=&quot;265&quot; src=&quot;http://fusionexcel.com/imgnews/langkawi10.1.jpg&quot; width=&quot;354&quot; /&gt;&lt;/td&gt;
			&lt;td align=&quot;right&quot;&gt;
				&lt;img height=&quot;265&quot; src=&quot;http://fusionexcel.com/imgnews/langkawi11.jpg&quot; width=&quot;354&quot; /&gt;&lt;/td&gt;
		&lt;/tr&gt;
		&lt;tr valign=&quot;top&quot;&gt;
			&lt;td&gt;
				&lt;img height=&quot;265&quot; src=&quot;http://fusionexcel.com/imgnews/langkawi12.jpg&quot; width=&quot;354&quot; /&gt;&lt;/td&gt;
			&lt;td align=&quot;right&quot;&gt;
				&lt;img height=&quot;265&quot; src=&quot;http://fusionexcel.com/imgnews/langkawi13.jpg&quot; width=&quot;354&quot; /&gt;&lt;/td&gt;
		&lt;/tr&gt;
		&lt;tr valign=&quot;top&quot;&gt;
			&lt;td&gt;
				&lt;img height=&quot;265&quot; src=&quot;http://fusionexcel.com/imgnews/langkawi14.jpg&quot; width=&quot;354&quot; /&gt;&lt;/td&gt;
			&lt;td align=&quot;right&quot;&gt;
				&lt;img height=&quot;265&quot; src=&quot;http://fusionexcel.com/imgnews/langkawi15.jpg&quot; width=&quot;354&quot; /&gt;&lt;/td&gt;
		&lt;/tr&gt;
		&lt;tr valign=&quot;top&quot;&gt;
			&lt;td&gt;
				&lt;img height=&quot;265&quot; src=&quot;http://fusionexcel.com/imgnews/langkawi16.jpg&quot; width=&quot;354&quot; /&gt;&lt;/td&gt;
			&lt;td align=&quot;right&quot;&gt;
				&lt;img height=&quot;265&quot; src=&quot;http://fusionexcel.com/imgnews/langkawi17.jpg&quot; width=&quot;354&quot; /&gt;&lt;/td&gt;
		&lt;/tr&gt;
		&lt;tr valign=&quot;top&quot;&gt;
			&lt;td&gt;
				&lt;img height=&quot;265&quot; src=&quot;http://fusionexcel.com/imgnews/langkawi18.jpg&quot; width=&quot;354&quot; /&gt;&lt;/td&gt;
			&lt;td align=&quot;right&quot;&gt;
				&lt;img height=&quot;265&quot; src=&quot;http://fusionexcel.com/imgnews/langkawi18.1.jpg&quot; width=&quot;354&quot; /&gt;&lt;/td&gt;
		&lt;/tr&gt;
		&lt;tr valign=&quot;top&quot;&gt;
			&lt;td&gt;
				&lt;img height=&quot;265&quot; src=&quot;http://fusionexcel.com/imgnews/langkawi19.jpg&quot; width=&quot;354&quot; /&gt;&lt;/td&gt;
			&lt;td align=&quot;right&quot;&gt;
				&lt;img height=&quot;265&quot; src=&quot;http://fusionexcel.com/imgnews/langkawi20.jpg&quot; width=&quot;354&quot; /&gt;&lt;/td&gt;
		&lt;/tr&gt;
		&lt;tr valign=&quot;top&quot;&gt;
			&lt;td width=&quot;50%&quot;&gt;
				&lt;img height=&quot;265&quot; src=&quot;http://fusionexcel.com/imgnews/langkawi21.jpg&quot; width=&quot;354&quot; /&gt;&lt;/td&gt;
			&lt;td align=&quot;right&quot;&gt;
				&lt;img height=&quot;265&quot; src=&quot;http://fusionexcel.com/imgnews/langkawi22.jpg&quot; width=&quot;354&quot; /&gt;&lt;/td&gt;
		&lt;/tr&gt;
		&lt;tr valign=&quot;top&quot;&gt;
		&lt;/tr&gt;
	&lt;/tbody&gt;
&lt;/table&gt;
&lt;br /&gt;
&lt;p&gt;
	&amp;nbsp;&lt;/p&gt;
</content><meta><description>Photos Company Trip Langkawi 22nd / 23rd June 2008</description><keyword>Photos Company Trip Langkawi 22nd / 23rd June 2008</keyword><robots>all</robots><author>KLHunter</author></meta></en><bm><title>Photos Company Trip Langkawi 22nd / 23rd June 2008</title><content></content><meta><description>Photos Company Trip Langkawi 22nd / 23rd June 2008</description><keyword>Photos Company Trip Langkawi 22nd / 23rd June 2008</keyword><robots>a</robots><author>KLHunter</author></meta></bm><chi><title>Photos Company Trip Langkawi 22nd / 23rd June 2008</title><content></content><meta><description>Photos Company Trip Langkawi 22nd / 23rd June 2008</description><keyword>Photos Company Trip Langkawi 22nd / 23rd June 2008</keyword><robots>a</robots><author>KLHunter</author></meta></chi></article>