<?xml version='1.0' encoding='utf-8'?><article><en><title>FE Press Conference with Maggie Loo and KC Phoon</title><content>&lt;p&gt;
	&amp;nbsp;&lt;/p&gt;
&lt;table border=&quot;0&quot; cellpadding=&quot;0&quot; cellspacing=&quot;0&quot; style=&quot;color: rgb(0, 0, 0); font-family: Verdana, Arial, Helvetica, sans-serif; font-size: 13px; text-align: justify; background-color: rgb(238, 240, 252); &quot; width=&quot;100%&quot;&gt;
	&lt;tbody&gt;
		&lt;tr valign=&quot;top&quot;&gt;
			&lt;td class=&quot;content&quot; colspan=&quot;2&quot;&gt;
				FE recently held a press conference with&amp;nbsp;12 newspapers&amp;nbsp;in Kuching with Presidential Director KC Phoon and Maggie Loo, former Miss Malaysia Universe, now QP Wearer and FE Leader. Both KC and Maggie did a great job, the result of which was great coverage in the newspapers the following day. The media were&amp;nbsp;also&amp;nbsp;impressed with the demonstrations of FE&amp;#39;s Quantum Pendant performed by FE leader Rena Chong.&lt;/td&gt;
		&lt;/tr&gt;
		&lt;tr valign=&quot;top&quot;&gt;
			&lt;td colspan=&quot;2&quot;&gt;
				&lt;a href=&quot;http://fusionexcel.com/news1.html&quot; target=&quot;_blank&quot;&gt;&amp;lt; Link Newspaper 1&amp;gt;&lt;/a&gt;&amp;nbsp;&amp;nbsp;&lt;a href=&quot;http://fusionexcel.com/news2.html&quot; target=&quot;_blank&quot;&gt;&amp;lt; Link Newspaper 2&amp;gt;&lt;/a&gt;&amp;nbsp;&amp;nbsp;&amp;nbsp;&lt;a href=&quot;http://fusionexcel.com/news3.html&quot; target=&quot;_blank&quot;&gt;&amp;lt; Link Newspaper 3 &amp;gt;&lt;/a&gt;&lt;/td&gt;
		&lt;/tr&gt;
		&lt;tr valign=&quot;top&quot;&gt;
			&lt;td width=&quot;50%&quot;&gt;
				&lt;img height=&quot;264&quot; src=&quot;http://fusionexcel.com/imgnews/press1.jpg&quot; width=&quot;353&quot; /&gt;&lt;/td&gt;
			&lt;td align=&quot;right&quot;&gt;
				&lt;img height=&quot;264&quot; src=&quot;http://fusionexcel.com/imgnews/press2.jpg&quot; width=&quot;353&quot; /&gt;&lt;/td&gt;
		&lt;/tr&gt;
		&lt;tr valign=&quot;top&quot;&gt;
			&lt;td&gt;
				&lt;img height=&quot;264&quot; src=&quot;http://fusionexcel.com/imgnews/press3.jpg&quot; width=&quot;353&quot; /&gt;&lt;/td&gt;
			&lt;td align=&quot;right&quot;&gt;
				&lt;img height=&quot;264&quot; src=&quot;http://fusionexcel.com/imgnews/press4.jpg&quot; width=&quot;353&quot; /&gt;&lt;/td&gt;
		&lt;/tr&gt;
		&lt;tr valign=&quot;top&quot;&gt;
		&lt;/tr&gt;
	&lt;/tbody&gt;
&lt;/table&gt;
&lt;br /&gt;
</content><meta><description>FE Press Conference with Maggie Loo and KC Phoon</description><keyword>FE Press Conference with Maggie Loo and KC Phoon</keyword><robots>all</robots><author>KLHunter</author></meta></en><bm><title>FE Press Conference with Maggie Loo and KC Phoon</title><content></content><meta><description>FE Press Conference with Maggie Loo and KC Phoon</description><keyword>FE Press Conference with Maggie Loo and KC Phoon</keyword><robots>all</robots><author>KLHunter</author></meta></bm><chi><title>FE Press Conference with Maggie Loo and KC Phoon</title><content></content><meta><description>FE Press Conference with Maggie Loo and KC Phoon</description><keyword>FE Press Conference with Maggie Loo and KC Phoon</keyword><robots>all</robots><author>KLHunter</author></meta></chi></article>