<?xml version='1.0' encoding='utf-8'?><article><en><title>Photos of Dr Siva's Seminar </title><content>&lt;p&gt;
	&amp;nbsp;&lt;/p&gt;
&lt;br /&gt;
&lt;div&gt;
	&lt;table border=&quot;0&quot; cellpadding=&quot;0&quot; cellspacing=&quot;0&quot; width=&quot;100%&quot;&gt;
		&lt;tbody&gt;
			&lt;tr valign=&quot;top&quot;&gt;
				&lt;td width=&quot;50%&quot;&gt;
					&lt;img height=&quot;250&quot; src=&quot;http://fusionexcel.com/imgnews/sivaseminar2.jpg&quot; width=&quot;353&quot; /&gt;&lt;/td&gt;
				&lt;td align=&quot;right&quot;&gt;
					&lt;img height=&quot;250&quot; src=&quot;http://fusionexcel.com/imgnews/sivaseminar2a.jpg&quot; width=&quot;353&quot; /&gt;&lt;/td&gt;
			&lt;/tr&gt;
			&lt;tr valign=&quot;top&quot;&gt;
				&lt;td&gt;
					&lt;table border=&quot;0&quot; cellpadding=&quot;0&quot; cellspacing=&quot;0&quot; width=&quot;100%&quot;&gt;
						&lt;tbody&gt;
							&lt;tr&gt;
								&lt;td&gt;
									&lt;img height=&quot;250&quot; src=&quot;http://fusionexcel.com/imgnews/sivaseminar3.jpg&quot; width=&quot;353&quot; /&gt;&lt;/td&gt;
							&lt;/tr&gt;
						&lt;/tbody&gt;
					&lt;/table&gt;
				&lt;/td&gt;
				&lt;td align=&quot;right&quot;&gt;
					&lt;img height=&quot;250&quot; src=&quot;http://fusionexcel.com/imgnews/sivaseminar4.jpg&quot; width=&quot;353&quot; /&gt;&lt;/td&gt;
			&lt;/tr&gt;
			&lt;tr valign=&quot;top&quot;&gt;
				&lt;td&gt;
					&lt;img height=&quot;250&quot; src=&quot;http://fusionexcel.com/imgnews/sivaseminar5.jpg&quot; width=&quot;353&quot; /&gt;&lt;/td&gt;
				&lt;td align=&quot;right&quot;&gt;
					&lt;img height=&quot;250&quot; src=&quot;http://fusionexcel.com/imgnews/sivaseminar6.jpg&quot; width=&quot;353&quot; /&gt;&lt;/td&gt;
			&lt;/tr&gt;
			&lt;tr valign=&quot;top&quot;&gt;
				&lt;td&gt;
					&lt;img height=&quot;250&quot; src=&quot;http://fusionexcel.com/imgnews/sivaseminar7.jpg&quot; width=&quot;353&quot; /&gt;&lt;/td&gt;
				&lt;td align=&quot;right&quot;&gt;
					&lt;img height=&quot;250&quot; src=&quot;http://fusionexcel.com/imgnews/sivaseminar8.jpg&quot; width=&quot;353&quot; /&gt;&lt;/td&gt;
			&lt;/tr&gt;
			&lt;tr valign=&quot;top&quot;&gt;
				&lt;td&gt;
					&lt;img height=&quot;250&quot; src=&quot;http://fusionexcel.com/imgnews/sivaseminar9.jpg&quot; width=&quot;353&quot; /&gt;&lt;/td&gt;
				&lt;td align=&quot;right&quot;&gt;
					&lt;img height=&quot;250&quot; src=&quot;http://fusionexcel.com/imgnews/sivaseminar10.jpg&quot; width=&quot;353&quot; /&gt;&lt;/td&gt;
			&lt;/tr&gt;
		&lt;/tbody&gt;
	&lt;/table&gt;
&lt;/div&gt;
&lt;p&gt;
	&amp;nbsp;&lt;/p&gt;
</content><meta><description>Photos of Dr Siva's Seminar &quot;Health Applications of Quantum Pendant&quot; at HQ on Thursday, 26th June 2008 </description><keyword>Photos of Dr Siva's Seminar &quot;Health Applications of Quantum Pendant&quot; at HQ on Thursday, 26th June 2008 </keyword><robots>all</robots><author>KLHunter</author></meta></en><bm><title>Photos of Dr Siva's Seminar </title><content></content><meta><description>Photos of Dr Siva's Seminar &quot;Health Applications of Quantum Pendant&quot; at HQ on Thursday, 26th June 2008 </description><keyword>Photos of Dr Siva's Seminar &quot;Health Applications of Quantum Pendant&quot; at HQ on Thursday, 26th June 2008 </keyword><robots>all</robots><author>KLHunter</author></meta></bm><chi><title>Photos of Dr Siva's Seminar </title><content></content><meta><description>Photos of Dr Siva's Seminar &quot;Health Applications of Quantum Pendant&quot; at HQ on Thursday, 26th June 2008 </description><keyword>Photos of Dr Siva's Seminar &quot;Health Applications of Quantum Pendant&quot; at HQ on Thursday, 26th June 2008 </keyword><robots>all</robots><author>KLHunter</author></meta></chi></article>