<?xml version='1.0' encoding='utf-8'?><article><en><title>Congratulations! FE Spokesman Shalin Zulkifli wins GOLD at Asian Championships Hong Kong (Woman's Double) </title><content>&lt;p&gt;
	&amp;nbsp;&lt;/p&gt;
&lt;br /&gt;
&lt;div&gt;
	&lt;img height=&quot;1747&quot; src=&quot;http://fusionexcel.com/imgnews/womandouble.jpg&quot; width=&quot;718&quot; /&gt;&lt;/div&gt;
</content><meta><description>Congratulations! FE Spokesman Shalin Zulkifli wins GOLD at Asian Championships Hong Kong (Woman's Double) </description><keyword>Congratulations! FE Spokesman Shalin Zulkifli wins GOLD at Asian Championships Hong Kong (Woman's Double) </keyword><robots>all</robots><author>KLHunter</author></meta></en><bm><title>Congratulations! FE Spokesman Shalin Zulkifli wins GOLD at Asian Championships Hong Kong (Woman's Double) </title><content></content><meta><description>Congratulations! FE Spokesman Shalin Zulkifli wins GOLD at Asian Championships Hong Kong (Woman's Double) </description><keyword>Congratulations! FE Spokesman Shalin Zulkifli wins GOLD at Asian Championships Hong Kong (Woman's Double) </keyword><robots>all</robots><author>KLHunter</author></meta></bm><chi><title>Congratulations! FE Spokesman Shalin Zulkifli wins GOLD at Asian Championships Hong Kong (Woman's Double) </title><content></content><meta><description>Congratulations! FE Spokesman Shalin Zulkifli wins GOLD at Asian Championships Hong Kong (Woman's Double) </description><keyword>Congratulations! FE Spokesman Shalin Zulkifli wins GOLD at Asian Championships Hong Kong (Woman's Double) </keyword><robots>all</robots><author>KLHunter</author></meta></chi></article>