<?xml version='1.0' encoding='utf-8'?><article><en><title>Master Yap's Seminar FE HQ 3rd July 2008. </title><content>&lt;p&gt;
	&amp;nbsp;&lt;/p&gt;
&lt;table border=&quot;0&quot; cellpadding=&quot;0&quot; cellspacing=&quot;0&quot; style=&quot;color: rgb(0, 0, 0); font-family: Verdana, Arial, Helvetica, sans-serif; font-size: 13px; text-align: justify; background-color: rgb(238, 240, 252); &quot; width=&quot;100%&quot;&gt;
	&lt;tbody&gt;
		&lt;tr valign=&quot;top&quot;&gt;
			&lt;td class=&quot;content&quot; colspan=&quot;2&quot; height=&quot;10&quot;&gt;
				Master Yap&amp;#39;s Seminar &amp;quot; Abundance , Wellness and Happiness Through Quantum Pendant&amp;quot; was attended by a capacity crowd at FE&amp;#39;s HQ on 3rd July 2008. The seminar was very informative and educational with interesting demonstrations performed hy Master Yap. FE looks forward to more exciting seminars with Master Yap!&lt;br /&gt;
				&amp;nbsp;&lt;/td&gt;
		&lt;/tr&gt;
		&lt;tr valign=&quot;top&quot;&gt;
			&lt;td width=&quot;50%&quot;&gt;
				&lt;table border=&quot;0&quot; cellpadding=&quot;0&quot; cellspacing=&quot;0&quot; width=&quot;100%&quot;&gt;
					&lt;tbody&gt;
						&lt;tr&gt;
							&lt;td&gt;
								&lt;img height=&quot;245&quot; src=&quot;http://fusionexcel.com/imgnews/yap1.jpg&quot; width=&quot;354&quot; /&gt;&lt;/td&gt;
						&lt;/tr&gt;
					&lt;/tbody&gt;
				&lt;/table&gt;
			&lt;/td&gt;
			&lt;td align=&quot;right&quot;&gt;
				&lt;img height=&quot;245&quot; src=&quot;http://fusionexcel.com/imgnews/yap2.jpg&quot; width=&quot;354&quot; /&gt;&lt;/td&gt;
		&lt;/tr&gt;
		&lt;tr valign=&quot;top&quot;&gt;
			&lt;td&gt;
				&lt;img height=&quot;245&quot; src=&quot;http://fusionexcel.com/imgnews/yap3.jpg&quot; width=&quot;354&quot; /&gt;&lt;/td&gt;
			&lt;td align=&quot;right&quot;&gt;
				&lt;img height=&quot;245&quot; src=&quot;http://fusionexcel.com/imgnews/yap4.jpg&quot; width=&quot;354&quot; /&gt;&lt;/td&gt;
		&lt;/tr&gt;
		&lt;tr valign=&quot;top&quot;&gt;
			&lt;td&gt;
				&lt;img height=&quot;245&quot; src=&quot;http://fusionexcel.com/imgnews/yap5.jpg&quot; width=&quot;354&quot; /&gt;&lt;/td&gt;
			&lt;td align=&quot;right&quot;&gt;
				&lt;img height=&quot;245&quot; src=&quot;http://fusionexcel.com/imgnews/yap6.jpg&quot; width=&quot;354&quot; /&gt;&lt;/td&gt;
		&lt;/tr&gt;
		&lt;tr valign=&quot;top&quot;&gt;
			&lt;td&gt;
				&lt;img height=&quot;245&quot; src=&quot;http://fusionexcel.com/imgnews/yap7.jpg&quot; width=&quot;354&quot; /&gt;&lt;/td&gt;
			&lt;td align=&quot;right&quot;&gt;
				&lt;img height=&quot;245&quot; src=&quot;http://fusionexcel.com/imgnews/yap8.jpg&quot; width=&quot;354&quot; /&gt;&lt;/td&gt;
		&lt;/tr&gt;
		&lt;tr valign=&quot;top&quot;&gt;
			&lt;td&gt;
				&lt;img height=&quot;245&quot; src=&quot;http://fusionexcel.com/imgnews/yap9.jpg&quot; width=&quot;354&quot; /&gt;&lt;/td&gt;
			&lt;td align=&quot;right&quot;&gt;
				&lt;img height=&quot;245&quot; src=&quot;http://fusionexcel.com/imgnews/yap10.jpg&quot; width=&quot;354&quot; /&gt;&lt;/td&gt;
		&lt;/tr&gt;
		&lt;tr valign=&quot;top&quot;&gt;
			&lt;td&gt;
				&lt;img height=&quot;245&quot; src=&quot;http://fusionexcel.com/imgnews/yap11.jpg&quot; width=&quot;354&quot; /&gt;&lt;/td&gt;
			&lt;td align=&quot;right&quot;&gt;
				&lt;img height=&quot;245&quot; src=&quot;http://fusionexcel.com/imgnews/yap12.jpg&quot; width=&quot;354&quot; /&gt;&lt;/td&gt;
		&lt;/tr&gt;
		&lt;tr valign=&quot;top&quot;&gt;
			&lt;td&gt;
				&lt;img height=&quot;245&quot; src=&quot;http://fusionexcel.com/imgnews/yap13.jpg&quot; width=&quot;354&quot; /&gt;&lt;/td&gt;
			&lt;td align=&quot;right&quot;&gt;
				&lt;img height=&quot;245&quot; src=&quot;http://fusionexcel.com/imgnews/yap14.jpg&quot; width=&quot;354&quot; /&gt;&lt;/td&gt;
		&lt;/tr&gt;
		&lt;tr valign=&quot;top&quot;&gt;
			&lt;td&gt;
				&lt;img height=&quot;245&quot; src=&quot;http://fusionexcel.com/imgnews/yap15.jpg&quot; width=&quot;354&quot; /&gt;&lt;/td&gt;
			&lt;td align=&quot;right&quot;&gt;
				&lt;img height=&quot;245&quot; src=&quot;http://fusionexcel.com/imgnews/yap16.jpg&quot; width=&quot;354&quot; /&gt;&lt;/td&gt;
		&lt;/tr&gt;
		&lt;tr valign=&quot;top&quot;&gt;
			&lt;td&gt;
				&lt;img height=&quot;245&quot; src=&quot;http://fusionexcel.com/imgnews/yap17.jpg&quot; width=&quot;354&quot; /&gt;&lt;/td&gt;
			&lt;td align=&quot;right&quot;&gt;
				&lt;img height=&quot;245&quot; src=&quot;http://fusionexcel.com/imgnews/yap18.jpg&quot; width=&quot;354&quot; /&gt;&lt;/td&gt;
		&lt;/tr&gt;
	&lt;/tbody&gt;
&lt;/table&gt;
&lt;p&gt;
	&amp;nbsp;&lt;/p&gt;
</content><meta><description>Master Yap's Seminar FE HQ 3rd July 2008. </description><keyword>Master Yap's Seminar FE HQ 3rd July 2008. </keyword><robots>all</robots><author>KLHunter</author></meta></en><bm><title>Master Yap's Seminar FE HQ 3rd July 2008. </title><content></content><meta><description>Master Yap's Seminar FE HQ 3rd July 2008. </description><keyword>Master Yap's Seminar FE HQ 3rd July 2008. </keyword><robots>all</robots><author>kl</author></meta></bm><chi><title>Master Yap's Seminar FE HQ 3rd July 2008. </title><content></content><meta><description>Master Yap's Seminar FE HQ 3rd July 2008. </description><keyword>Master Yap's Seminar FE HQ 3rd July 2008. </keyword><robots>all</robots><author>kl</author></meta></chi></article>