<?xml version='1.0' encoding='utf-8'?><article><en><title>Another Successful Event in Philippines! (2)</title><content>&lt;table border=&quot;0&quot; cellpadding=&quot;0&quot; cellspacing=&quot;0&quot; width=&quot;100%&quot;&gt;
	&lt;tbody&gt;
		&lt;tr valign=&quot;top&quot;&gt;
			&lt;td height=&quot;224&quot; width=&quot;50%&quot;&gt;
				&lt;img height=&quot;240&quot; src=&quot;http://fusionexcel.com/imgnews/philip19.jpg&quot; width=&quot;353&quot; /&gt;&lt;/td&gt;
			&lt;td align=&quot;right&quot; height=&quot;224&quot;&gt;
				&lt;img height=&quot;240&quot; src=&quot;http://fusionexcel.com/imgnews/philip20.jpg&quot; width=&quot;353&quot; /&gt;&lt;/td&gt;
		&lt;/tr&gt;
		&lt;tr valign=&quot;top&quot;&gt;
			&lt;td height=&quot;224&quot;&gt;
				&lt;img height=&quot;240&quot; src=&quot;http://fusionexcel.com/imgnews/philip21.jpg&quot; width=&quot;353&quot; /&gt;&lt;/td&gt;
			&lt;td align=&quot;right&quot; height=&quot;224&quot;&gt;
				&lt;img height=&quot;240&quot; src=&quot;http://fusionexcel.com/imgnews/philip22.jpg&quot; width=&quot;353&quot; /&gt;&lt;/td&gt;
		&lt;/tr&gt;
		&lt;tr valign=&quot;top&quot;&gt;
			&lt;td colspan=&quot;2&quot; height=&quot;10&quot;&gt;
				&lt;table border=&quot;0&quot; cellpadding=&quot;0&quot; cellspacing=&quot;0&quot; width=&quot;100%&quot;&gt;
					&lt;tbody&gt;
						&lt;tr&gt;
							&lt;td valign=&quot;top&quot;&gt;
								&lt;img height=&quot;240&quot; src=&quot;http://fusionexcel.com/imgnews/philip23.jpg&quot; width=&quot;353&quot; /&gt;&lt;/td&gt;
							&lt;td align=&quot;right&quot; valign=&quot;top&quot;&gt;
								&lt;img height=&quot;240&quot; src=&quot;http://fusionexcel.com/imgnews/philip24.jpg&quot; width=&quot;353&quot; /&gt;&lt;/td&gt;
						&lt;/tr&gt;
					&lt;/tbody&gt;
				&lt;/table&gt;
			&lt;/td&gt;
		&lt;/tr&gt;
		&lt;tr valign=&quot;top&quot;&gt;
			&lt;td height=&quot;224&quot;&gt;
				&lt;img height=&quot;240&quot; src=&quot;http://fusionexcel.com/imgnews/philip25.jpg&quot; width=&quot;353&quot; /&gt;&lt;/td&gt;
			&lt;td align=&quot;right&quot; height=&quot;224&quot;&gt;
				&lt;img height=&quot;240&quot; src=&quot;http://fusionexcel.com/imgnews/philip28.jpg&quot; width=&quot;353&quot; /&gt;&lt;/td&gt;
		&lt;/tr&gt;
		&lt;tr valign=&quot;top&quot;&gt;
			&lt;td height=&quot;224&quot;&gt;
				&lt;img height=&quot;240&quot; src=&quot;http://fusionexcel.com/imgnews/philip29.jpg&quot; width=&quot;353&quot; /&gt;&lt;/td&gt;
			&lt;td height=&quot;224&quot;&gt;
				&lt;div align=&quot;center&quot;&gt;
					&lt;img height=&quot;240&quot; src=&quot;http://fusionexcel.com/imgnews/philip30.jpg&quot; width=&quot;210&quot; /&gt;&lt;/div&gt;
			&lt;/td&gt;
		&lt;/tr&gt;
		&lt;tr valign=&quot;top&quot;&gt;
			&lt;td height=&quot;224&quot;&gt;
				&lt;img height=&quot;240&quot; src=&quot;http://fusionexcel.com/imgnews/philip31.jpg&quot; width=&quot;353&quot; /&gt;&lt;/td&gt;
			&lt;td height=&quot;224&quot;&gt;
				&lt;div align=&quot;center&quot;&gt;
					&lt;img height=&quot;240&quot; src=&quot;http://fusionexcel.com/imgnews/philip32.jpg&quot; width=&quot;210&quot; /&gt;&lt;/div&gt;
			&lt;/td&gt;
		&lt;/tr&gt;
		&lt;tr valign=&quot;top&quot;&gt;
			&lt;td height=&quot;224&quot;&gt;
				&lt;div align=&quot;center&quot;&gt;
					&lt;img height=&quot;240&quot; src=&quot;http://fusionexcel.com/imgnews/philip33.jpg&quot; width=&quot;210&quot; /&gt;&lt;/div&gt;
			&lt;/td&gt;
			&lt;td height=&quot;224&quot;&gt;
				&lt;div align=&quot;center&quot;&gt;
					&lt;img height=&quot;240&quot; src=&quot;http://fusionexcel.com/imgnews/philip34.jpg&quot; width=&quot;210&quot; /&gt;&lt;/div&gt;
			&lt;/td&gt;
		&lt;/tr&gt;
	&lt;/tbody&gt;
&lt;/table&gt;
&lt;p&gt;
	&amp;nbsp;&lt;/p&gt;
</content><meta><description>Another Successful Event in Philippines! (2)</description><keyword>Another Successful Event in Philippines! (2)</keyword><robots>all</robots><author>KLHunter</author></meta></en><bm><title>Another Successful Event in Philippines! (2)</title><content></content><meta><description>Another Successful Event in Philippines! (2)</description><keyword>Another Successful Event in Philippines! (2)</keyword><robots>all</robots><author>KLHunter</author></meta></bm><chi><title>Another Successful Event in Philippines! (2)</title><content></content><meta><description>Another Successful Event in Philippines! (2)</description><keyword>Another Successful Event in Philippines! (2)</keyword><robots>all</robots><author>KLHunter</author></meta></chi></article>