<?xml version='1.0' encoding='utf-8'?><article><en><title>Testimonial - Quantum Pendant</title><content>&lt;p&gt;
	Prom Meesawat, Thai Professional Golfer.&lt;/p&gt;
&lt;table border=&quot;0&quot; cellpadding=&quot;0&quot; cellspacing=&quot;0&quot; width=&quot;100%&quot;&gt;
	&lt;tbody&gt;
		&lt;tr&gt;
			&lt;td class=&quot;content&quot; valign=&quot;top&quot;&gt;
				&lt;table border=&quot;0&quot; cellpadding=&quot;0&quot; cellspacing=&quot;0&quot; width=&quot;100%&quot;&gt;
					&lt;tbody&gt;
						&lt;tr&gt;
							&lt;td width=&quot;10&quot;&gt;
								&amp;nbsp;&lt;/td&gt;
							&lt;td&gt;
								&lt;table border=&quot;0&quot; cellpadding=&quot;0&quot; cellspacing=&quot;0&quot; width=&quot;100%&quot;&gt;
									&lt;tbody&gt;
										&lt;tr&gt;
											&lt;td&gt;
												&lt;img height=&quot;260&quot; src=&quot;http://fusionexcel.com/imgnews/prom1.jpg&quot; width=&quot;352&quot; /&gt;&lt;/td&gt;
											&lt;td align=&quot;right&quot;&gt;
												&lt;img height=&quot;260&quot; src=&quot;http://fusionexcel.com/imgnews/prom2.jpg&quot; width=&quot;352&quot; /&gt;&lt;/td&gt;
										&lt;/tr&gt;
										&lt;tr&gt;
											&lt;td&gt;
												&lt;img height=&quot;260&quot; src=&quot;http://fusionexcel.com/imgnews/prom3.jpg&quot; width=&quot;352&quot; /&gt;&lt;/td&gt;
											&lt;td align=&quot;right&quot;&gt;
												&lt;img height=&quot;260&quot; src=&quot;http://fusionexcel.com/imgnews/prom4.jpg&quot; width=&quot;352&quot; /&gt;&lt;/td&gt;
										&lt;/tr&gt;
										&lt;tr&gt;
											&lt;td align=&quot;left&quot; class=&quot;header_title&quot; width=&quot;50%&quot;&gt;
												&lt;img height=&quot;260&quot; src=&quot;http://fusionexcel.com/imgnews/prom5.jpg&quot; width=&quot;352&quot; /&gt;&lt;/td&gt;
											&lt;td align=&quot;center&quot; class=&quot;header_title&quot; width=&quot;50%&quot;&gt;
												&amp;nbsp;&lt;/td&gt;
										&lt;/tr&gt;
										&lt;tr&gt;
											&lt;td class=&quot;content&quot; colspan=&quot;2&quot; height=&quot;10&quot;&gt;
												Prom Meesawat,&amp;nbsp; 24 years old Thai Professional Golfer had registered 6 top-tens in 2007, including third-place finishes at the Bangkok Airways Open and Johnnie Walker Cambodian Open He also competed in Maybank Malaysian Open and finished tie-seventh place.&amp;nbsp; In 2006, Prom claimed his maiden title at SK Telecom in Korea beating &amp;nbsp;well known golfers such as Choi Kyung Ju, Jeef Milkha Singh and Michelle Wee.&amp;nbsp; He went&amp;nbsp;on to&amp;nbsp;finish &amp;quot;Third&amp;quot; on the Asia Tour Order of Merit.&amp;nbsp;&amp;nbsp;He earned &amp;nbsp;US$905,448 income after turned pro in 2006.&lt;br /&gt;
												&lt;br /&gt;
												Prom Meesawat was rated as one of the best Asian Junior Golfers.&amp;nbsp; He won The Asia Pacific Junior Championships from 1996 to 2002 and was the major force of the Thai National Team that dominated the Putra Cup on numerous occasions. He also won the Junior World Championship in 1997 and 2002 in San Diego, USA.&amp;nbsp; He was the youngest Thai who won a tournament against the pros on the Thai Circuit as an amateur in 1999 when he was only 15 years old.&lt;br /&gt;
												&lt;br /&gt;
												Prom&amp;nbsp;is very impressed with FusionExcel&amp;#39;s&amp;nbsp;Quantum Pendant as the pendant has helped eased&amp;nbsp; his back-pain and recovery.&amp;nbsp;He told Vivat Vilaitanrak, FusionExcel&amp;#39;s Leader in Thailand, that his father told him about&amp;nbsp;FusionExcel&amp;#39;s Quantum Pendant before and he is so glad to own one for himself now!&lt;/td&gt;
										&lt;/tr&gt;
									&lt;/tbody&gt;
								&lt;/table&gt;
							&lt;/td&gt;
						&lt;/tr&gt;
					&lt;/tbody&gt;
				&lt;/table&gt;
			&lt;/td&gt;
		&lt;/tr&gt;
	&lt;/tbody&gt;
&lt;/table&gt;
&lt;p&gt;
	&amp;nbsp;&lt;/p&gt;
</content><meta><description>Prom is very impressed with FE's Quantum Pendant as the pendant has helped eased  his back-pain and recovery.</description><keyword>Prom Meesawat, Thai Professional Golfer, Bangkok Airways Open, Johnnie Walker Cambodian Open, Maybank Malaysian Open, SK Telecom, Korea, Choi Kyung Ju, Jeef Milkha Singh, Michelle Wee, Asia Tour Order of Merit, Asian Junior Golfers, Asia Pacific Junior Championships, Putra Cup, Junior World Championship, San Diego, USA, Thai Circuit, Vivat Vilaitanrak.</keyword><robots>all</robots><author>klhunter</author></meta></en><bm><title>Prom Meesawat, Thai Professional Golfer.   	 	 	   	  	  Prom Meesawat,  24 years old Thai Professional Golfer had registered 6 top-tens in 2007, including third-place finishes at the Bangkok Airways Open and Johnnie Walker Cambodian Open He also competed</title><content></content><meta><description>Prom is very impressed with FE's Quantum Pendant as the pendant has helped eased  his back-pain and recovery.</description><keyword>Prom Meesawat, Thai Professional Golfer, Bangkok Airways Open, Johnnie Walker Cambodian Open, Maybank Malaysian Open, SK Telecom, Korea, Choi Kyung Ju, Jeef Milkha Singh, Michelle Wee, Asia Tour Order of Merit, Asian Junior Golfers, Asia Pacific Junior Championships, Putra Cup, Junior World Championship, San Diego, USA, Thai Circuit, Vivat Vilaitanrak.</keyword><robots>all</robots><author>klhunter</author></meta></bm><chi><title>Prom Meesawat, Thai Professional Golfer.   	 	 	   	  	  Prom Meesawat,  24 years old Thai Professional Golfer had registered 6 top-tens in 2007, including third-place finishes at the Bangkok Airways Open and Johnnie Walker Cambodian Open He also competed</title><content></content><meta><description>Prom is very impressed with FE's Quantum Pendant as the pendant has helped eased  his back-pain and recovery.</description><keyword>Prom Meesawat, Thai Professional Golfer, Bangkok Airways Open, Johnnie Walker Cambodian Open, Maybank Malaysian Open, SK Telecom, Korea, Choi Kyung Ju, Jeef Milkha Singh, Michelle Wee, Asia Tour Order of Merit, Asian Junior Golfers, Asia Pacific Junior Championships, Putra Cup, Junior World Championship, San Diego, USA, Thai Circuit, Vivat Vilaitanrak.</keyword><robots>all</robots><author>klhunter</author></meta></chi></article>