<?xml version="1.0" encoding="utf-8"?>
<article><en><title>International Long Drive Specialist Jean Daniels at FE's BEP.</title><content>&lt;table border="0" cellpadding="0" cellspacing="0" style="color: rgb(0, 0, 0); font-family: 'Times New Roman'; background-color: rgb(238, 240, 252); font-size: medium; " width="100%"&gt;
	&lt;tbody&gt;
		&lt;tr&gt;
			&lt;td class="content" style="font-family: Verdana, Arial, Helvetica, sans-serif; font-size: 13px; text-align: justify; " valign="top"&gt;
				International Long Drive Specialist Jean Daniels sharing his testimonial at FE&amp;#39;s BEP on Wednesday 05th March 2008 to a packed audience.&lt;/td&gt;
		&lt;/tr&gt;
		&lt;tr&gt;
			&lt;td class="content" style="font-family: Verdana, Arial, Helvetica, sans-serif; font-size: 13px; text-align: justify; " valign="top"&gt;
				&lt;table border="0" cellpadding="0" cellspacing="0" width="100%"&gt;
					&lt;tbody&gt;
						&lt;tr valign="top"&gt;
							&lt;td&gt;
								&lt;img height="264" src="http://www.fusionexcel.com/imgnews/jean1.jpg" width="353" /&gt;&lt;/td&gt;
							&lt;td align="right"&gt;
								&lt;img height="264" src="http://www.fusionexcel.com/imgnews/jean2.jpg" width="353" /&gt;&lt;/td&gt;
						&lt;/tr&gt;
						&lt;tr valign="top"&gt;
							&lt;td width="50%"&gt;
								&lt;img height="264" src="http://www.fusionexcel.com/imgnews/jean3.jpg" width="353" /&gt;&lt;/td&gt;
							&lt;td align="right"&gt;
								&lt;img height="264" src="http://www.fusionexcel.com/imgnews/jean4.jpg" width="353" /&gt;&lt;/td&gt;
						&lt;/tr&gt;
						&lt;tr valign="top"&gt;
							&lt;td&gt;
								&lt;img height="453" src="http://www.fusionexcel.com/imgnews/jean5.jpg" width="353" /&gt;&lt;/td&gt;
							&lt;td align="right"&gt;
								&lt;img height="452" src="http://www.fusionexcel.com/imgnews/jean6.jpg" width="353" /&gt;&lt;/td&gt;
						&lt;/tr&gt;
						&lt;tr valign="top"&gt;
							&lt;td&gt;
								&lt;img height="264" src="http://www.fusionexcel.com/imgnews/jean7.jpg" width="353" /&gt;&lt;/td&gt;
							&lt;td align="right"&gt;
								&lt;img height="264" src="http://www.fusionexcel.com/imgnews/jean8.jpg" width="353" /&gt;&lt;/td&gt;
						&lt;/tr&gt;
						&lt;tr valign="top"&gt;
							&lt;td&gt;
								&lt;img height="264" src="http://www.fusionexcel.com/imgnews/jean9.jpg" width="353" /&gt;&lt;/td&gt;
							&lt;td align="right"&gt;
								&lt;img height="264" src="http://www.fusionexcel.com/imgnews/jean10.jpg" width="353" /&gt;&lt;/td&gt;
						&lt;/tr&gt;
					&lt;/tbody&gt;
				&lt;/table&gt;
			&lt;/td&gt;
		&lt;/tr&gt;
	&lt;/tbody&gt;
&lt;/table&gt;</content><meta><description>International Long Drive Specialist Jean Daniels sharing his testimonial at FE's BEP on Wednesday 5th March 2008 to a packed audience.</description><keyword></keyword><robots>all</robots><author>klhunter</author></meta></en><bm><title>Official Opening of FE Thailand Country Licensee , 16th August 2008.</title><content></content><meta><description>Grand Opening of Supamongkol (FE Quantum Pendant Fair)
16th August 2008 at Indoor Stadium Hua Mak
Estimated Number of participants: 2,000 – 5,000 persons
TIME 	PROGRAM
14.00 hrs. 	Participants will enter into the multi-purpose activity area of the Indoor Stadium Hua Mak.  Music performance begins.
14.30 hrs. 	A chartered helicopter will bring Mr. Paul Ting; FE Founder Director &amp; Ceo, Mr. KS Lee; FE Founder Director &amp; International Sales Director, Gen. Dato Kitti Rattanachaya, GHI Advisory Board President, Mr. Supanut Don Chan, GHI President &amp; FE Thailand Country Licensee to view the location area of GHI Office and activity area from sky. The helicopter will then fly them to the multi-purpose activity area at the Indoor Stadium, Hua Mak.
15.00 hrs. 	9 parachute jumpers will jump from the helicopter bearing FE Quantum Pendant Flag, 2 Malaysian flags, 2 Thai National flags, 2 Fusion Excel flags and 2 Great Honour  flags, total of 9 flags, from the sky to the ground.
15.30 hrs. 	9 cavalries on horseback will receive the flags from the parachute jumpers. The 9 cavalries on horseback holding the flags will be lead by a marching Military Band to the stage.
16.00 hrs. 	The 9 flags will be raised on the large stage.
16.10 hrs. 	Gen. Dato Kitti Rattanachaya, Mr. Paul Ting, Mr. KS Lee , Mr. Don Chan and VIPs’ will cut the ribbon, silk cloth and release balloons on the opening of “FE Quantum Pendant Fair”. VIPs’ from GHI and FE will give speeches of congratulation.
17.00 hrs. 	Official Launching of the first book written by Mr. Supanut Don Chan entitled, “Thinking for Opportunity” and introduction of famous Thai folk singer “Looktan Daensawan”.

Guests and participants will be entertained by  musical performances, famous singers and dancers on the full stage area.
18.30 hrs. 	End of Program.</description><keyword>Official Opening of FE Thailand Country Licensee</keyword><robots>all</robots><author>klhunter</author></meta></bm><chi><title>Official Opening of FE Thailand Country Licensee , 16th August 2008.</title><content></content><meta><description>Grand Opening of Supamongkol (FE Quantum Pendant Fair)
16th August 2008 at Indoor Stadium Hua Mak
Estimated Number of participants: 2,000 – 5,000 persons
TIME 	PROGRAM
14.00 hrs. 	Participants will enter into the multi-purpose activity area of the Indoor Stadium Hua Mak.  Music performance begins.
14.30 hrs. 	A chartered helicopter will bring Mr. Paul Ting; FE Founder Director &amp; Ceo, Mr. KS Lee; FE Founder Director &amp; International Sales Director, Gen. Dato Kitti Rattanachaya, GHI Advisory Board President, Mr. Supanut Don Chan, GHI President &amp; FE Thailand Country Licensee to view the location area of GHI Office and activity area from sky. The helicopter will then fly them to the multi-purpose activity area at the Indoor Stadium, Hua Mak.
15.00 hrs. 	9 parachute jumpers will jump from the helicopter bearing FE Quantum Pendant Flag, 2 Malaysian flags, 2 Thai National flags, 2 Fusion Excel flags and 2 Great Honour  flags, total of 9 flags, from the sky to the ground.
15.30 hrs. 	9 cavalries on horseback will receive the flags from the parachute jumpers. The 9 cavalries on horseback holding the flags will be lead by a marching Military Band to the stage.
16.00 hrs. 	The 9 flags will be raised on the large stage.
16.10 hrs. 	Gen. Dato Kitti Rattanachaya, Mr. Paul Ting, Mr. KS Lee , Mr. Don Chan and VIPs’ will cut the ribbon, silk cloth and release balloons on the opening of “FE Quantum Pendant Fair”. VIPs’ from GHI and FE will give speeches of congratulation.
17.00 hrs. 	Official Launching of the first book written by Mr. Supanut Don Chan entitled, “Thinking for Opportunity” and introduction of famous Thai folk singer “Looktan Daensawan”.

Guests and participants will be entertained by  musical performances, famous singers and dancers on the full stage area.
18.30 hrs. 	End of Program.</description><keyword>Official Opening of FE Thailand Country Licensee</keyword><robots>all</robots><author>klhunter</author></meta></chi></article>
