<?xml version='1.0' encoding='utf-8'?><article><en><title>FE Donates RM 22,809 to Marcus Ho Appeal.</title><content>&lt;table border=&quot;0&quot; cellpadding=&quot;0&quot; cellspacing=&quot;0&quot; width=&quot;100%&quot;&gt;
	&lt;tbody&gt;
		&lt;tr&gt;
			&lt;td align=&quot;center&quot; valign=&quot;top&quot;&gt;
				&lt;img height=&quot;401&quot; src=&quot;http://fusionexcel.com/imgnews/appeal.jpg&quot; width=&quot;600&quot; /&gt;&lt;/td&gt;
		&lt;/tr&gt;
		&lt;tr&gt;
			&lt;td class=&quot;content&quot;&gt;
				&lt;p&gt;
					FE continues to support the less fortunate.&lt;br /&gt;
					&lt;br /&gt;
					At FE&amp;#39;s Event on 02nd August 2008, FE organized a charity drive together with Multicultural Ladies Association (MLA) to help raise funds to help Marcus Ho whose plight was featured in the Star Newspaper. During the event FE members donated generously and collected a total of RM 22,809.00 (including RM 10,000.00 from FE HQ). The donation was&amp;nbsp;presented to Patricia Lum, President of&amp;nbsp;MLA&amp;nbsp;by Paul Ting.&lt;br /&gt;
					&lt;br /&gt;
					&amp;nbsp;&lt;/p&gt;
			&lt;/td&gt;
		&lt;/tr&gt;
		&lt;tr&gt;
			&lt;td&gt;
				&lt;table border=&quot;0&quot; cellpadding=&quot;0&quot; cellspacing=&quot;0&quot; width=&quot;100%&quot;&gt;
					&lt;tbody&gt;
						&lt;tr align=&quot;center&quot; valign=&quot;top&quot;&gt;
							&lt;td width=&quot;50&quot;&gt;
								&lt;img height=&quot;1398&quot; src=&quot;http://fusionexcel.com/imgnews/appeal1.jpg&quot; width=&quot;700&quot; /&gt;&lt;/td&gt;
						&lt;/tr&gt;
					&lt;/tbody&gt;
				&lt;/table&gt;
			&lt;/td&gt;
		&lt;/tr&gt;
	&lt;/tbody&gt;
&lt;/table&gt;
&lt;p&gt;
	&amp;nbsp;&lt;/p&gt;
</content><meta><description>FusionExcel organized a charity drive together with Multicultural Ladies Association (MLA) to help raise funds to help Marcus Ho 02nd August 2008.</description><keyword>02nd August 2008, Multicultural Ladies Association (MLA), RM 22,809.00, Marcus Ho, Patricia Lum, Paul Ting</keyword><robots>all</robots><author>klhunter</author></meta></en><bm><title>FE Donates RM 22,809 to Marcus Ho Appeal.</title><content></content><meta><description>FusionExcel organized a charity drive together with Multicultural Ladies Association (MLA) to help raise funds to help Marcus Ho 02nd August 2008.</description><keyword>02nd August 2008, Multicultural Ladies Association (MLA), RM 22,809.00, Marcus Ho, Patricia Lum, Paul Ting</keyword><robots>all</robots><author>klhunter</author></meta></bm><chi><title>FE Donates RM 22,809 to Marcus Ho Appeal.</title><content></content><meta><description>FusionExcel organized a charity drive together with Multicultural Ladies Association (MLA) to help raise funds to help Marcus Ho 02nd August 2008.</description><keyword>02nd August 2008, Multicultural Ladies Association (MLA), RM 22,809.00, Marcus Ho, Patricia Lum, Paul Ting</keyword><robots>all</robots><author>klhunter</author></meta></chi></article>