<?xml version='1.0' encoding='utf-8'?><article><en><title>FusionExcel Announces Long Drive Golf Challenge!</title><content>&lt;table border=&quot;0&quot; cellpadding=&quot;0&quot; cellspacing=&quot;0&quot; width=&quot;100%&quot;&gt;
	&lt;tbody&gt;
		&lt;tr&gt;
			&lt;td valign=&quot;top&quot; width=&quot;740&quot;&gt;
				&lt;table border=&quot;0&quot; cellpadding=&quot;0&quot; cellspacing=&quot;0&quot; width=&quot;100%&quot;&gt;
					&lt;tbody&gt;
						&lt;tr&gt;
							&lt;td bgcolor=&quot;#999999&quot; valign=&quot;top&quot;&gt;
								&lt;table border=&quot;0&quot; cellpadding=&quot;10&quot; cellspacing=&quot;1&quot; width=&quot;100%&quot;&gt;
									&lt;tbody&gt;
										&lt;tr&gt;
											&lt;td bgcolor=&quot;#EEF0FC&quot; height=&quot;943&quot; valign=&quot;top&quot;&gt;
												&lt;table border=&quot;0&quot; cellpadding=&quot;0&quot; cellspacing=&quot;0&quot; width=&quot;100%&quot;&gt;
													&lt;tbody&gt;
														&lt;tr&gt;
															&lt;td class=&quot;content&quot; valign=&quot;top&quot;&gt;
																&lt;table border=&quot;0&quot; cellpadding=&quot;0&quot; cellspacing=&quot;0&quot; width=&quot;100%&quot;&gt;
																	&lt;tbody&gt;
																		&lt;tr valign=&quot;top&quot;&gt;
																			&lt;td class=&quot;content&quot;&gt;
																				&lt;a class=&quot;content&quot; href=&quot;http://www.jd427.com/home/longdrivechallenge.php&quot; target=&quot;_blank&quot;&gt;&lt;strong&gt;&amp;lt;Click Here for More Details&amp;gt;&lt;/strong&gt;&lt;/a&gt;&lt;br /&gt;
																				&amp;nbsp;&lt;/td&gt;
																		&lt;/tr&gt;
																		&lt;tr valign=&quot;top&quot;&gt;
																			&lt;td align=&quot;center&quot;&gt;
																				&lt;img height=&quot;987&quot; src=&quot;http://fusionexcel.com/imgnews/longchallenge2a.jpg&quot; width=&quot;700&quot; /&gt;&lt;/td&gt;
																		&lt;/tr&gt;
																	&lt;/tbody&gt;
																&lt;/table&gt;
															&lt;/td&gt;
														&lt;/tr&gt;
													&lt;/tbody&gt;
												&lt;/table&gt;
											&lt;/td&gt;
										&lt;/tr&gt;
									&lt;/tbody&gt;
								&lt;/table&gt;
							&lt;/td&gt;
						&lt;/tr&gt;
					&lt;/tbody&gt;
				&lt;/table&gt;
			&lt;/td&gt;
		&lt;/tr&gt;
	&lt;/tbody&gt;
&lt;/table&gt;
&lt;p&gt;
	&amp;nbsp;&lt;/p&gt;
</content><meta><description>FusionExcel Announces Long Drive Golf Challenge!</description><keyword>FusionExcel Announces Long Drive Golf Challenge!</keyword><robots>all</robots><author>klhunter</author></meta></en><bm><title>FusionExcel Announces Long Drive Golf Challenge!</title><content></content><meta><description>FusionExcel Announces Long Drive Golf Challenge!</description><keyword>FusionExcel Announces Long Drive Golf Challenge!</keyword><robots>all</robots><author>klhunter</author></meta></bm><chi><title>FusionExcel Announces Long Drive Golf Challenge!</title><content></content><meta><description>FusionExcel Announces Long Drive Golf Challenge!</description><keyword>FusionExcel Announces Long Drive Golf Challenge!</keyword><robots>all</robots><author>klhunter</author></meta></chi></article>