<?xml version='1.0' encoding='utf-8'?><article><en><title>FE Welcomes QP Wearer, Serina Redzuawan, Malaysian Actress and TV Host! </title><content>&lt;p&gt;
	&lt;img height=&quot;450&quot; src=&quot;http://fusionexcel.com/imgnews/serina.jpg&quot; width=&quot;600&quot; /&gt;&lt;/p&gt;
</content><meta><description>FE Welcomes QP Wearer, Serina Redzuawan, Malaysian Actress and TV Host!</description><keyword>FE Welcomes QP Wearer, Serina Redzuawan, Malaysian Actress and TV Host! </keyword><robots>all</robots><author>klhunter</author></meta></en><bm><title>FE Welcomes QP Wearer, Serina Redzuawan, Malaysian Actress and TV Host! </title><content></content><meta><description>FE Welcomes QP Wearer, Serina Redzuawan, Malaysian Actress and TV Host!</description><keyword>FE Welcomes QP Wearer, Serina Redzuawan, Malaysian Actress and TV Host! </keyword><robots>all</robots><author>klhunter</author></meta></bm><chi><title>FE Welcomes QP Wearer, Serina Redzuawan, Malaysian Actress and TV Host! </title><content></content><meta><description>FE Welcomes QP Wearer, Serina Redzuawan, Malaysian Actress and TV Host!</description><keyword>FE Welcomes QP Wearer, Serina Redzuawan, Malaysian Actress and TV Host! </keyword><robots>all</robots><author>klhunter</author></meta></chi></article>