<?xml version='1.0' encoding='utf-8'?><article><en><title>FusionExcel Sponsors Perwira K9 Team RM 15,000 to Represent Malaysia in the International Wheelchair Basketball Competition , Pattaya, Thailand!</title><content>&lt;p&gt;
	FusionExcel is proud to announce the sponsorship of the Perwira K9 Basketball Team who will be representing Malaysia in the International Wheelchair Basketball Competition in Pattaya, Thailand, from 20th August 2008 till 24th August 2008. In 2008,The Perwira K9&amp;nbsp;Team won&amp;nbsp;the Selangor Wheelchair Basketball Championship, the Malaysia League Wheelchair Basketball and the Wheelchair Basketball Malaysia Paralympics Games.&lt;br /&gt;
	&lt;br /&gt;
	Attending the mock cheque ceremony was Mr Chong Tuck Meng, Founder, Advisor and Coach of Perwira K9, Dr Ang Kean Koo, Honorable Secretary General of the Malaysia Wheelchair Basketball Federation, Paul Ting, Founder CEO of Fusion Excel and KS Lee Founder Director of Fusion Excel.&lt;br /&gt;
	&lt;br /&gt;
	During the ceremony FusionExcel also presented each of the Team members with a Quantum Flask. The Perwira K9 Team are already&amp;nbsp;wearers of FusionExcel&amp;#39;s Quantum Pendant. All the Team members gave very positive testimonials of FusionExcel&amp;#39;s Quantum Pendant at the ceremony.&lt;br /&gt;
	&lt;br /&gt;
	FusionExcel wishes the Perwira K9 Team SUCCESS in Pattaya!&lt;br /&gt;
	&lt;br /&gt;
	&amp;nbsp;&lt;/p&gt;
&lt;table border=&quot;0&quot; cellpadding=&quot;0&quot; cellspacing=&quot;0&quot; width=&quot;100%&quot;&gt;
	&lt;tbody&gt;
		&lt;tr&gt;
			&lt;td align=&quot;center&quot; colspan=&quot;2&quot; height=&quot;224&quot; valign=&quot;top&quot;&gt;
				&lt;img height=&quot;450&quot; src=&quot;http://fusionexcel.com/imgnews/sk91.jpg&quot; width=&quot;600&quot; /&gt;&lt;/td&gt;
		&lt;/tr&gt;
		&lt;tr&gt;
			&lt;td height=&quot;224&quot; valign=&quot;top&quot;&gt;
				&lt;img height=&quot;262&quot; src=&quot;http://fusionexcel.com/imgnews/sk92.jpg&quot; width=&quot;353&quot; /&gt;&lt;/td&gt;
			&lt;td align=&quot;right&quot; valign=&quot;top&quot;&gt;
				&lt;img height=&quot;262&quot; src=&quot;http://fusionexcel.com/imgnews/sk93.jpg&quot; width=&quot;353&quot; /&gt;&lt;/td&gt;
		&lt;/tr&gt;
		&lt;tr&gt;
			&lt;td height=&quot;224&quot; valign=&quot;top&quot;&gt;
				&lt;img height=&quot;262&quot; src=&quot;http://fusionexcel.com/imgnews/sk94.jpg&quot; width=&quot;353&quot; /&gt;&lt;/td&gt;
			&lt;td align=&quot;right&quot; valign=&quot;top&quot;&gt;
				&lt;img height=&quot;262&quot; src=&quot;http://fusionexcel.com/imgnews/sk95.jpg&quot; width=&quot;353&quot; /&gt;&lt;/td&gt;
		&lt;/tr&gt;
		&lt;tr&gt;
			&lt;td height=&quot;224&quot; valign=&quot;top&quot;&gt;
				&lt;img height=&quot;262&quot; src=&quot;http://fusionexcel.com/imgnews/sk96.jpg&quot; width=&quot;353&quot; /&gt;&lt;/td&gt;
			&lt;td align=&quot;right&quot; valign=&quot;top&quot;&gt;
				&lt;img height=&quot;262&quot; src=&quot;http://fusionexcel.com/imgnews/sk97.jpg&quot; width=&quot;353&quot; /&gt;&lt;/td&gt;
		&lt;/tr&gt;
		&lt;tr&gt;
			&lt;td height=&quot;224&quot; valign=&quot;top&quot;&gt;
				&lt;img height=&quot;262&quot; src=&quot;http://fusionexcel.com/imgnews/sk98.jpg&quot; width=&quot;353&quot; /&gt;&lt;/td&gt;
			&lt;td align=&quot;right&quot; valign=&quot;top&quot;&gt;
				&lt;img height=&quot;262&quot; src=&quot;http://fusionexcel.com/imgnews/sk99.jpg&quot; width=&quot;353&quot; /&gt;&lt;/td&gt;
		&lt;/tr&gt;
		&lt;tr&gt;
			&lt;td height=&quot;224&quot; valign=&quot;top&quot;&gt;
				&lt;img height=&quot;262&quot; src=&quot;http://fusionexcel.com/imgnews/sk910.jpg&quot; width=&quot;353&quot; /&gt;&lt;/td&gt;
			&lt;td align=&quot;right&quot; valign=&quot;top&quot;&gt;
				&lt;img height=&quot;262&quot; src=&quot;http://fusionexcel.com/imgnews/sk911.jpg&quot; width=&quot;353&quot; /&gt;&lt;/td&gt;
		&lt;/tr&gt;
		&lt;tr&gt;
			&lt;td align=&quot;center&quot; colspan=&quot;2&quot; height=&quot;10&quot; valign=&quot;top&quot;&gt;
				&lt;img height=&quot;852&quot; src=&quot;http://fusionexcel.com/imgnews/sk912.jpg&quot; width=&quot;700&quot; /&gt;&lt;/td&gt;
		&lt;/tr&gt;
	&lt;/tbody&gt;
&lt;/table&gt;
&lt;p&gt;
	&amp;nbsp;&lt;/p&gt;
</content><meta><description>Perwira K9 Basketball Team, Malaysia League Wheelchair Basketball, Team members with a Quantum Flask, FusionExcel's Quantum Pendant.</description><keyword>FusionExcel Sponsors Perwira K9 Team RM 15,000 to Represent Malaysia in the International Wheelchair Basketball Competition , Pattaya, Thailand.</keyword><robots>all</robots><author>klhunter</author></meta></en><bm><title>FusionExcel Sponsors Perwira K9 Team RM 15,000 to Represent Malaysia in the International Wheelchair Basketball Competition , Pattaya, Thailand!</title><content></content><meta><description>Perwira K9 Basketball Team, Malaysia League Wheelchair Basketball, Team members with a Quantum Flask, FusionExcel's Quantum Pendant.</description><keyword>FusionExcel Sponsors Perwira K9 Team RM 15,000 to Represent Malaysia in the International Wheelchair Basketball Competition , Pattaya, Thailand.</keyword><robots>all</robots><author>klhunter</author></meta></bm><chi><title>FusionExcel Sponsors Perwira K9 Team RM 15,000 to Represent Malaysia in the International Wheelchair Basketball Competition , Pattaya, Thailand!</title><content></content><meta><description>Perwira K9 Basketball Team, Malaysia League Wheelchair Basketball, Team members with a Quantum Flask, FusionExcel's Quantum Pendant.</description><keyword>FusionExcel Sponsors Perwira K9 Team RM 15,000 to Represent Malaysia in the International Wheelchair Basketball Competition , Pattaya, Thailand.</keyword><robots>all</robots><author>klhunter</author></meta></chi></article>