<?xml version='1.0' encoding='utf-8'?><article><en><title>FE's Quantum Bracelet Worn Prominently!</title><content>&lt;table border=&quot;0&quot; cellpadding=&quot;0&quot; cellspacing=&quot;0&quot; width=&quot;100%&quot;&gt;
	&lt;tbody&gt;
		&lt;tr&gt;
			&lt;td class=&quot;conthead&quot; style=&quot;text-align:justify&quot; valign=&quot;top&quot;&gt;
				&amp;nbsp;&lt;/td&gt;
		&lt;/tr&gt;
		&lt;tr&gt;
			&lt;td height=&quot;10&quot;&gt;
				&amp;nbsp;&lt;/td&gt;
		&lt;/tr&gt;
		&lt;tr&gt;
			&lt;td align=&quot;center&quot; valign=&quot;top&quot;&gt;
				&lt;img src=&quot;http://fusionexcel.com/imgnews/olympicsbeijing.jpg&quot; /&gt;&lt;/td&gt;
		&lt;/tr&gt;
	&lt;/tbody&gt;
&lt;/table&gt;
&lt;p&gt;
	&amp;nbsp;&lt;/p&gt;
</content><meta><description>FE's Quantum Bracelet Worn Prominently!</description><keyword>FE's Quantum Bracelet Worn Prominently!</keyword><robots>all</robots><author>klhunter</author></meta></en><bm><title>FE's Quantum Bracelet Worn Prominently!</title><content></content><meta><description>FE's Quantum Bracelet Worn Prominently!</description><keyword>FE's Quantum Bracelet Worn Prominently!</keyword><robots>all</robots><author>klhunter</author></meta></bm><chi><title>FE's Quantum Bracelet Worn Prominently!</title><content></content><meta><description>FE's Quantum Bracelet Worn Prominently!</description><keyword>FE's Quantum Bracelet Worn Prominently!</keyword><robots>all</robots><author>klhunter</author></meta></chi></article>