<?xml version='1.0' encoding='utf-8'?><article><en><title>FusionExcel Achievers Recognition Dinner at Hailal International Executive Club, Jakarta 29th August 2008.</title><content>&lt;table border=&quot;0&quot; cellpadding=&quot;0&quot; cellspacing=&quot;0&quot; width=&quot;100%&quot;&gt;
	&lt;tbody&gt;
		&lt;tr&gt;
			&lt;td height=&quot;972&quot; valign=&quot;top&quot;&gt;
				&lt;table border=&quot;0&quot; cellpadding=&quot;0&quot; cellspacing=&quot;0&quot; width=&quot;100%&quot;&gt;
					&lt;tbody&gt;
						&lt;tr&gt;
							&lt;td align=&quot;center&quot; height=&quot;301&quot; valign=&quot;top&quot; width=&quot;718&quot;&gt;
								&lt;img src=&quot;http://fusionexcel.com/imgnews/hailal.jpg&quot; /&gt;&lt;/td&gt;
						&lt;/tr&gt;
						&lt;tr&gt;
							&lt;td class=&quot;font_black&quot; height=&quot;28&quot; valign=&quot;top&quot;&gt;
								&lt;a href=&quot;http://fusionexcel.com/upnews_main.html&quot;&gt;&amp;lt;Back To Summary&amp;gt;&lt;/a&gt;&lt;/td&gt;
						&lt;/tr&gt;
					&lt;/tbody&gt;
				&lt;/table&gt;
			&lt;/td&gt;
		&lt;/tr&gt;
	&lt;/tbody&gt;
&lt;/table&gt;
&lt;p&gt;
	&amp;nbsp;&lt;/p&gt;
</content><meta><description>FusionExcel Achievers Recognition Dinner at Hailal International Executive Club, Jakarta 29th August 2008.</description><keyword>FusionExcel Achievers Recognition Dinner at Hailal International Executive Club, Jakarta 29th August 2008.</keyword><robots>all</robots><author>klhunter</author></meta></en><bm><title>FusionExcel Achievers Recognition Dinner at Hailal International Executive Club, Jakarta 29th August 2008.</title><content></content><meta><description>FusionExcel Achievers Recognition Dinner at Hailal International Executive Club, Jakarta 29th August 2008.</description><keyword>FusionExcel Achievers Recognition Dinner at Hailal International Executive Club, Jakarta 29th August 2008.</keyword><robots>all</robots><author>klhunter</author></meta></bm><chi><title>FusionExcel Achievers Recognition Dinner at Hailal International Executive Club, Jakarta 29th August 2008.</title><content></content><meta><description>FusionExcel Achievers Recognition Dinner at Hailal International Executive Club, Jakarta 29th August 2008.</description><keyword>FusionExcel Achievers Recognition Dinner at Hailal International Executive Club, Jakarta 29th August 2008.</keyword><robots>all</robots><author>klhunter</author></meta></chi></article>