<?xml version='1.0' encoding='utf-8'?><article><en><title>FE Making Waves in Canada!</title><content>&lt;table border=&quot;0&quot; cellpadding=&quot;0&quot; cellspacing=&quot;0&quot; width=&quot;100%&quot;&gt;
	&lt;tbody&gt;
		&lt;tr&gt;
			&lt;td align=&quot;left&quot; class=&quot;content&quot; valign=&quot;top&quot;&gt;
				FE recently exhibited at the &lt;strong&gt;CAN-FIT-PRO&lt;/strong&gt; Fitness Trade Show, Toronto Metro Convention Centre, Canada.&lt;br /&gt;
				&lt;br /&gt;
				It was a BIG&amp;nbsp;SUCCESS and many pendants were sold! Participants were lifting weights and trying out various exercise machines at the tradeshow. After they stopped by our booth, they were astonished! They took some of the ENERGY WATER, went off and lifted heavier weights and did faster and better on the exercise machines!&lt;br /&gt;
				&lt;br /&gt;
				As a result, even exhibitors from other booths dropped by and bought more pendants!!! Many were speculating it might be placebo effect or mind-over-matter... but after several tests (one even did blind-fold test) all admit Scalar Energy is no mind-over-matter !!!&lt;br /&gt;
				&lt;br /&gt;
				Check out the video !!! [&lt;a href=&quot;http://au.youtube.com/watch?v=25DK7oairpg&quot;&gt;Click Here&lt;/a&gt;]&lt;br /&gt;
				&lt;br /&gt;
				Thank You Annie, Zach&amp;nbsp;(FE&amp;#39;S Canadian Country Licensee) and their team for a Great Job Done!&lt;/td&gt;
		&lt;/tr&gt;
		&lt;tr&gt;
			&lt;td valign=&quot;top&quot;&gt;
				&lt;a href=&quot;http://www.youtube.com/v/qS-69IMfAe4&amp;amp;hl=en&amp;amp;fs=1&quot; target=&quot;_blank&quot;&gt;&lt;img border=&quot;0&quot; src=&quot;http://fusionexcel.com/imgnews/wavecanada.jpg&quot; /&gt;&lt;/a&gt;&lt;/td&gt;
		&lt;/tr&gt;
	&lt;/tbody&gt;
&lt;/table&gt;
&lt;p&gt;
	&amp;nbsp;&lt;/p&gt;
</content><meta><description>FE recently exhibited at the CAN-FIT-PRO Fitness Trade Show ,Toronto METRO CONVENTION CENTRE, Canada.

It was a BIG SUCCESS and many pendants were sold! Participants were lifting weights and trying out various exercise machines at the tradeshow. After they stopped by our booth, they were astonished! They took some of the ENERGY WATER, went off and lifted heavier weights and did faster and better on the exercise machines!

As a result, even exhibitors from other booths dropped by and bought more pendants!!! Many were speculating it might be placebo effect or mind-over-matter... but after several tests (one even did blind-fold test) all admit Scalar Energy is no mind-over-matter !!!

Check out the video !!!

THANK YOU ANNIE, ZACH (FE'S CANADIAN COUNTRY LICENSEE) AND THEIR TEAM FOR A GREAT JOB DONE!</description><keyword>FE Making Waves in Canada!</keyword><robots>all</robots><author>klhunter</author></meta></en><bm><title>FE Making Waves in Canada!</title><content></content><meta><description>FE recently exhibited at the CAN-FIT-PRO Fitness Trade Show ,Toronto METRO CONVENTION CENTRE, Canada.

It was a BIG SUCCESS and many pendants were sold! Participants were lifting weights and trying out various exercise machines at the tradeshow. After they stopped by our booth, they were astonished! They took some of the ENERGY WATER, went off and lifted heavier weights and did faster and better on the exercise machines!

As a result, even exhibitors from other booths dropped by and bought more pendants!!! Many were speculating it might be placebo effect or mind-over-matter... but after several tests (one even did blind-fold test) all admit Scalar Energy is no mind-over-matter !!!

Check out the video !!!

THANK YOU ANNIE, ZACH (FE'S CANADIAN COUNTRY LICENSEE) AND THEIR TEAM FOR A GREAT JOB DONE!</description><keyword>FE Making Waves in Canada!</keyword><robots>all</robots><author>klhunter</author></meta></bm><chi><title>FE Making Waves in Canada!</title><content></content><meta><description>FE recently exhibited at the CAN-FIT-PRO Fitness Trade Show ,Toronto METRO CONVENTION CENTRE, Canada.

It was a BIG SUCCESS and many pendants were sold! Participants were lifting weights and trying out various exercise machines at the tradeshow. After they stopped by our booth, they were astonished! They took some of the ENERGY WATER, went off and lifted heavier weights and did faster and better on the exercise machines!

As a result, even exhibitors from other booths dropped by and bought more pendants!!! Many were speculating it might be placebo effect or mind-over-matter... but after several tests (one even did blind-fold test) all admit Scalar Energy is no mind-over-matter !!!

Check out the video !!!

THANK YOU ANNIE, ZACH (FE'S CANADIAN COUNTRY LICENSEE) AND THEIR TEAM FOR A GREAT JOB DONE!</description><keyword>FE Making Waves in Canada!</keyword><robots>all</robots><author>klhunter</author></meta></chi></article>