<?xml version='1.0' encoding='utf-8'?><article><en><title>FE Welcomes Quantum Bracelet User, Mayor Rodrigo Duterte of Davao City, Philippines!</title><content>&lt;p&gt;
	&amp;nbsp;&lt;/p&gt;
&lt;table border=&quot;0&quot; cellpadding=&quot;0&quot; cellspacing=&quot;0&quot; width=&quot;100%&quot;&gt;
	&lt;tbody&gt;
		&lt;tr valign=&quot;top&quot;&gt;
			&lt;td&gt;
				&lt;img height=&quot;265&quot; src=&quot;http://fusionexcel.com/imgnews/Duterte1.jpg&quot; width=&quot;354&quot; /&gt;&lt;/td&gt;
			&lt;td align=&quot;right&quot;&gt;
				&lt;img height=&quot;265&quot; src=&quot;http://fusionexcel.com/imgnews/Duterte2.jpg&quot; width=&quot;354&quot; /&gt;&lt;/td&gt;
		&lt;/tr&gt;
		&lt;tr valign=&quot;top&quot;&gt;
			&lt;td width=&quot;50%&quot;&gt;
				&lt;img height=&quot;265&quot; src=&quot;http://fusionexcel.com/imgnews/Duterte3.jpg&quot; width=&quot;354&quot; /&gt;&lt;/td&gt;
			&lt;td align=&quot;right&quot;&gt;
				&lt;img height=&quot;265&quot; src=&quot;http://fusionexcel.com/imgnews/Duterte4.jpg&quot; width=&quot;354&quot; /&gt;&lt;/td&gt;
		&lt;/tr&gt;
		&lt;tr valign=&quot;top&quot;&gt;
			&lt;td class=&quot;smallhead&quot; colspan=&quot;2&quot; height=&quot;10&quot;&gt;
				FE Leader Kenneth Lee Explaining the Benefits of FE&amp;#39;s Scalar Energy Products as he Presents Mayor Rody Duterte of Davao City, Philippines with a Quantum Pendant and a Quantum Bracelet.&lt;/td&gt;
		&lt;/tr&gt;
		&lt;tr valign=&quot;top&quot;&gt;
			&lt;td&gt;
				&lt;img height=&quot;265&quot; src=&quot;http://fusionexcel.com/imgnews/Duterte5.jpg&quot; width=&quot;354&quot; /&gt;&lt;/td&gt;
			&lt;td align=&quot;right&quot;&gt;
				&lt;img height=&quot;265&quot; src=&quot;http://fusionexcel.com/imgnews/Duterte6.jpg&quot; width=&quot;354&quot; /&gt;&lt;/td&gt;
		&lt;/tr&gt;
		&lt;tr valign=&quot;top&quot;&gt;
			&lt;td align=&quot;center&quot; class=&quot;smallhead&quot;&gt;
				Kenneth Lee with Mayor Duterte and Organising Chairman of the Tournament, Mr. Ed Bangayan&lt;br /&gt;
				(on the Mayor&amp;#39;s right) and Mr Robert Ynson.&lt;/td&gt;
			&lt;td align=&quot;center&quot;&gt;
				&amp;nbsp;&lt;/td&gt;
		&lt;/tr&gt;
		&lt;tr valign=&quot;top&quot;&gt;
			&lt;td&gt;
				&lt;img height=&quot;265&quot; src=&quot;http://fusionexcel.com/imgnews/Duterte7.jpg&quot; width=&quot;354&quot; /&gt;&lt;/td&gt;
			&lt;td align=&quot;center&quot;&gt;
				&amp;nbsp;&lt;/td&gt;
		&lt;/tr&gt;
		&lt;tr valign=&quot;top&quot;&gt;
			&lt;td align=&quot;center&quot; class=&quot;smallhead&quot;&gt;
				Mayor Rody Duterte Proudly Wearing his Quantum Bracelet During his Speech at the Awarding&lt;br /&gt;
				Ceremony of the 10th MEDSA Mayor&amp;#39;s Gawad&lt;br /&gt;
				Kalinga Golf Tournament Cup, Davao City.&lt;/td&gt;
			&lt;td align=&quot;right&quot;&gt;
				&amp;nbsp;&lt;/td&gt;
		&lt;/tr&gt;
	&lt;/tbody&gt;
&lt;/table&gt;
&lt;p&gt;
	&amp;nbsp;&lt;/p&gt;
</content><meta><description>FE Welcomes Quantum Bracelet User, Mayor Rodrigo Duterte of Davao City, Philippines!</description><keyword>FE Welcomes Quantum Bracelet User, Mayor Rodrigo Duterte of Davao City, Philippines!</keyword><robots>all</robots><author>klhunter</author></meta></en><bm><title>FE Welcomes Quantum Bracelet User, Mayor Rodrigo Duterte of Davao City, Philippines!</title><content></content><meta><description>FE Welcomes Quantum Bracelet User, Mayor Rodrigo Duterte of Davao City, Philippines!</description><keyword>FE Welcomes Quantum Bracelet User, Mayor Rodrigo Duterte of Davao City, Philippines!</keyword><robots>all</robots><author>klhunter</author></meta></bm><chi><title>FE Welcomes Quantum Bracelet User, Mayor Rodrigo Duterte of Davao City, Philippines!</title><content></content><meta><description>FE Welcomes Quantum Bracelet User, Mayor Rodrigo Duterte of Davao City, Philippines!</description><keyword>FE Welcomes Quantum Bracelet User, Mayor Rodrigo Duterte of Davao City, Philippines!</keyword><robots>all</robots><author>klhunter</author></meta></chi></article>