<?xml version='1.0' encoding='utf-8'?><article><en><title>FusionExcel Sponsors Indonesia National Baseball Team!</title><content>&lt;p&gt;
	&lt;br /&gt;
	&amp;nbsp;&lt;/p&gt;
&lt;table border=&quot;0&quot; cellpadding=&quot;0&quot; cellspacing=&quot;0&quot; width=&quot;100%&quot;&gt;
	&lt;tbody&gt;
		&lt;tr valign=&quot;top&quot;&gt;
			&lt;td align=&quot;center&quot;&gt;
				&lt;img height=&quot;298&quot; src=&quot;http://fusionexcel.com/imgnews/indobaseball1.jpg&quot; width=&quot;448&quot; /&gt;&lt;/td&gt;
		&lt;/tr&gt;
		&lt;tr valign=&quot;top&quot;&gt;
			&lt;td align=&quot;center&quot;&gt;
				&lt;img height=&quot;298&quot; src=&quot;http://fusionexcel.com/imgnews/indobaseball1.jpg&quot; width=&quot;448&quot; /&gt;&lt;/td&gt;
		&lt;/tr&gt;
		&lt;tr valign=&quot;top&quot;&gt;
			&lt;td class=&quot;content&quot;&gt;
				FusionExcel is proud to sponsor the Indonesian National Baseball Team with FE&amp;#39;s Quantum Pendants at a presentation ceremony at FE&amp;#39;s Achiever Recognition Dinner at Hailal International Club on Friday 29th August 2008. Thanking FusionExcel for it&amp;#39;s generosity is Luqman Hakim,Coach of the Team who also gave a good Testimonial of FusionExcel&amp;#39;s Quantum Pendant.&lt;/td&gt;
		&lt;/tr&gt;
	&lt;/tbody&gt;
&lt;/table&gt;
&lt;p&gt;
	&amp;nbsp;&lt;/p&gt;
</content><meta><description>FusionExcel Sponsors Indonesia National Baseball Team!
</description><keyword>FusionExcel Sponsors Indonesia National Baseball Team!
</keyword><robots>all</robots><author>klhunter</author></meta></en><bm><title>FusionExcel Sponsors Indonesia National Baseball Team!</title><content></content><meta><description>FusionExcel Sponsors Indonesia National Baseball Team!
</description><keyword>FusionExcel Sponsors Indonesia National Baseball Team!
</keyword><robots>all</robots><author>klhunter</author></meta></bm><chi><title>FusionExcel Sponsors Indonesia National Baseball Team!</title><content></content><meta><description>FusionExcel Sponsors Indonesia National Baseball Team!
</description><keyword>FusionExcel Sponsors Indonesia National Baseball Team!
</keyword><robots>all</robots><author>klhunter</author></meta></chi></article>