<?xml version='1.0' encoding='utf-8'?><article><en><title>FE Expands in Australia!</title><content>&lt;table border=&quot;0&quot; cellpadding=&quot;0&quot; cellspacing=&quot;0&quot; width=&quot;100%&quot;&gt;
	&lt;tbody&gt;
		&lt;tr&gt;
			&lt;td valign=&quot;top&quot; width=&quot;740&quot;&gt;
				&lt;table border=&quot;0&quot; cellpadding=&quot;0&quot; cellspacing=&quot;0&quot; width=&quot;100%&quot;&gt;
					&lt;tbody&gt;
						&lt;tr&gt;
							&lt;td bgcolor=&quot;#999999&quot; valign=&quot;top&quot;&gt;
								&lt;table border=&quot;0&quot; cellpadding=&quot;10&quot; cellspacing=&quot;1&quot; width=&quot;100%&quot;&gt;
									&lt;tbody&gt;
										&lt;tr&gt;
											&lt;td bgcolor=&quot;#EEF0FC&quot; height=&quot;943&quot; valign=&quot;top&quot;&gt;
												&lt;table border=&quot;0&quot; cellpadding=&quot;0&quot; cellspacing=&quot;0&quot; width=&quot;100%&quot;&gt;
													&lt;tbody&gt;
														&lt;tr&gt;
															&lt;td class=&quot;content&quot; valign=&quot;top&quot;&gt;
																FE is pleased to announce the expansion of FE&amp;#39;s business in Australia. FE will be participating at the Conscious Living Expo in Perth from 04th - 07th September 2008. This event is organized by FE&amp;#39;s Country Licensee for Australia, Vasu Thandarayan. Vasu is a&amp;nbsp;Malaysian Residing in Perth and a Lecturer in Economics at the University of Perth. Attending the event is Presidential Director, Rachel Thomas and FE Medical Consultant Dr&amp;nbsp;Siva, who will be giving a series of talks on FE&amp;#39;s Quantum Pendant.&lt;br /&gt;
																&lt;br /&gt;
																FE Leaders are encouraged to contact potential down lines , especially the thousands of Malaysians&amp;nbsp;living in Australia and start building their network there. Report from Vasu is that the demand for FE&amp;#39;s Scalar Energy products is VERY STRONG in Australia!&lt;br /&gt;
																&lt;br /&gt;
																FE wishes Vasu GREAT SUCCESS in Australia!&lt;/td&gt;
														&lt;/tr&gt;
														&lt;tr&gt;
															&lt;td class=&quot;conthead&quot; valign=&quot;top&quot;&gt;
																&lt;img class=&quot;content&quot; height=&quot;1316&quot; src=&quot;http://fusionexcel.com/imgnews/exAus.jpg&quot; width=&quot;700&quot; /&gt;&lt;/td&gt;
														&lt;/tr&gt;
													&lt;/tbody&gt;
												&lt;/table&gt;
											&lt;/td&gt;
										&lt;/tr&gt;
									&lt;/tbody&gt;
								&lt;/table&gt;
							&lt;/td&gt;
						&lt;/tr&gt;
					&lt;/tbody&gt;
				&lt;/table&gt;
			&lt;/td&gt;
		&lt;/tr&gt;
	&lt;/tbody&gt;
&lt;/table&gt;
&lt;p&gt;
	&amp;nbsp;&lt;/p&gt;
</content><meta><description>FE Expands in Australia!</description><keyword>FE Expands in Australia!</keyword><robots>all</robots><author>klhunter</author></meta></en><bm><title>FE Expands in Australia!</title><content></content><meta><description>FE Expands in Australia!</description><keyword>FE Expands in Australia!</keyword><robots>all</robots><author>klhunter</author></meta></bm><chi><title>FE Expands in Australia!</title><content></content><meta><description>FE Expands in Australia!</description><keyword>FE Expands in Australia!</keyword><robots>all</robots><author>klhunter</author></meta></chi></article>