<?xml version='1.0' encoding='utf-8'?><article><en><title>Congratulations! FusionExcel Sponsored Oscar Wai Creates New Malaysian Record for Longest Non-Stop Karaoke Solo Singing! </title><content>&lt;p&gt;
	&amp;nbsp;&lt;/p&gt;
&lt;table border=&quot;0&quot; cellpadding=&quot;0&quot; cellspacing=&quot;0&quot; width=&quot;100%&quot;&gt;
	&lt;tbody&gt;
		&lt;tr valign=&quot;top&quot;&gt;
			&lt;td align=&quot;center&quot;&gt;
				&lt;img height=&quot;409&quot; src=&quot;http://fusionexcel.com/imgnews/oscarwai.jpg&quot; width=&quot;544&quot; /&gt;&lt;/td&gt;
		&lt;/tr&gt;
		&lt;tr valign=&quot;top&quot;&gt;
			&lt;td align=&quot;center&quot; class=&quot;smallhead&quot; height=&quot;10&quot;&gt;
				Mock Certificate Presented by Mr. Ricky Yap, The Malaysia Book of Records Official,&lt;br /&gt;
				in the Presence of Principal Witness Mr. Choo Choong Hee, JP&lt;/td&gt;
		&lt;/tr&gt;
		&lt;tr valign=&quot;top&quot;&gt;
			&lt;td align=&quot;center&quot;&gt;
				&lt;table border=&quot;0&quot; cellpadding=&quot;0&quot; cellspacing=&quot;0&quot; width=&quot;100%&quot;&gt;
					&lt;tbody&gt;
						&lt;tr&gt;
							&lt;td class=&quot;content&quot; height=&quot;40&quot; width=&quot;180&quot;&gt;
								Venue&lt;/td&gt;
							&lt;td class=&quot;content&quot; height=&quot;40&quot;&gt;
								: Skyroom Federal Hotel Kuala Lumpur, Malaysia.&lt;/td&gt;
						&lt;/tr&gt;
						&lt;tr&gt;
							&lt;td class=&quot;content&quot; height=&quot;40&quot; width=&quot;180&quot;&gt;
								Dates of Attempt&lt;/td&gt;
							&lt;td class=&quot;content&quot; height=&quot;40&quot;&gt;
								: 24th August 2008 and 25th August 2008.&lt;/td&gt;
						&lt;/tr&gt;
						&lt;tr&gt;
							&lt;td class=&quot;content&quot; height=&quot;40&quot; width=&quot;180&quot;&gt;
								Commencement&lt;/td&gt;
							&lt;td class=&quot;content&quot; height=&quot;40&quot;&gt;
								: 12:00 noon 24th August 2008.&lt;/td&gt;
						&lt;/tr&gt;
						&lt;tr&gt;
							&lt;td class=&quot;content&quot; height=&quot;40&quot; width=&quot;180&quot;&gt;
								End&lt;/td&gt;
							&lt;td class=&quot;content&quot; height=&quot;40&quot;&gt;
								: 1:10pm 25th August 2008.&lt;/td&gt;
						&lt;/tr&gt;
						&lt;tr&gt;
							&lt;td class=&quot;content&quot; height=&quot;40&quot; width=&quot;180&quot;&gt;
								Duration&lt;/td&gt;
							&lt;td class=&quot;content&quot; height=&quot;40&quot;&gt;
								: 25hrs 10mins.&lt;br /&gt;
								&amp;nbsp;&amp;nbsp;(include 4 breaks of 15mins each after every 5hrs, i.e. total 1hr)&lt;/td&gt;
						&lt;/tr&gt;
						&lt;tr&gt;
							&lt;td class=&quot;content&quot; height=&quot;40&quot; width=&quot;180&quot;&gt;
								Official Record Time&lt;/td&gt;
							&lt;td class=&quot;content&quot; height=&quot;40&quot;&gt;
								: 24hrs 10mins.&lt;/td&gt;
						&lt;/tr&gt;
						&lt;tr&gt;
							&lt;td class=&quot;content&quot; height=&quot;40&quot; width=&quot;180&quot;&gt;
								No. of Songs Rendered&lt;/td&gt;
							&lt;td class=&quot;content&quot; height=&quot;40&quot;&gt;
								:405 songs, without repetitions.&lt;/td&gt;
						&lt;/tr&gt;
						&lt;tr&gt;
							&lt;td class=&quot;content&quot; height=&quot;40&quot; width=&quot;180&quot;&gt;
								Languages/Dialects&lt;/td&gt;
							&lt;td class=&quot;content&quot; height=&quot;40&quot;&gt;
								: English, Mandarin, Malay, Cantonese, Hokkien.&lt;/td&gt;
						&lt;/tr&gt;
					&lt;/tbody&gt;
				&lt;/table&gt;
			&lt;/td&gt;
		&lt;/tr&gt;
		&lt;tr valign=&quot;top&quot;&gt;
			&lt;td align=&quot;center&quot;&gt;
				&lt;img height=&quot;401&quot; src=&quot;http://fusionexcel.com/imgnews/oscarwai1.jpg&quot; width=&quot;533&quot; /&gt;&lt;/td&gt;
		&lt;/tr&gt;
		&lt;tr valign=&quot;top&quot;&gt;
			&lt;td align=&quot;center&quot;&gt;
				&lt;img height=&quot;401&quot; src=&quot;http://fusionexcel.com/imgnews/oscarwai2.jpg&quot; width=&quot;533&quot; /&gt;&lt;/td&gt;
		&lt;/tr&gt;
		&lt;tr valign=&quot;top&quot;&gt;
			&lt;td align=&quot;center&quot;&gt;
				&lt;img height=&quot;401&quot; src=&quot;http://fusionexcel.com/imgnews/oscarwai3.jpg&quot; width=&quot;533&quot; /&gt;&lt;/td&gt;
		&lt;/tr&gt;
	&lt;/tbody&gt;
&lt;/table&gt;
&lt;p&gt;
	&amp;nbsp;&lt;/p&gt;
</content><meta><description>Congratulations! FusionExcel Sponsored Oscar Wai Creates New Malaysian Record for Longest Non-Stop Karaoke Solo Singing! </description><keyword>Congratulations! FusionExcel Sponsored Oscar Wai Creates New Malaysian Record for Longest Non-Stop Karaoke Solo Singing! </keyword><robots>all</robots><author>klhunter</author></meta></en><bm><title>Congratulations! FusionExcel Sponsored Oscar Wai Creates New Malaysian Record for Longest Non-Stop Karaoke Solo Singing! </title><content></content><meta><description>Congratulations! FusionExcel Sponsored Oscar Wai Creates New Malaysian Record for Longest Non-Stop Karaoke Solo Singing! </description><keyword>Congratulations! FusionExcel Sponsored Oscar Wai Creates New Malaysian Record for Longest Non-Stop Karaoke Solo Singing! </keyword><robots>all</robots><author>klhunter</author></meta></bm><chi><title>Congratulations! FusionExcel Sponsored Oscar Wai Creates New Malaysian Record for Longest Non-Stop Karaoke Solo Singing! </title><content></content><meta><description>Congratulations! FusionExcel Sponsored Oscar Wai Creates New Malaysian Record for Longest Non-Stop Karaoke Solo Singing! </description><keyword>Congratulations! FusionExcel Sponsored Oscar Wai Creates New Malaysian Record for Longest Non-Stop Karaoke Solo Singing! </keyword><robots>all</robots><author>klhunter</author></meta></chi></article>