<?xml version='1.0' encoding='utf-8'?><article><en><title>FE Welcomes QP Wearer, Mr. Alfredo Velayo, Co-Founder of  Prominent Accounting Firm, SGV (SYCIP, GORRES &amp; VELAYO). Mr Velayo is also the President of William J Shaw Foundation. Mr Velayo Is Seen Here with FE Leaders, Judge Lorenzo Veneracion and Pastor Ar</title><content>&lt;p&gt;
	&lt;br /&gt;
	&lt;br /&gt;
	&lt;img class=&quot;content&quot; height=&quot;465&quot; src=&quot;http://fusionexcel.com/imgnews/alfredo.jpg&quot; width=&quot;700&quot; /&gt;&lt;/p&gt;
</content><meta><description>FE Welcomes QP Wearer, Mr. Alfredo Velayo, Co-Founder of  Prominent Accounting Firm,
SGV (SYCIP, GORRES &amp; VELAYO). Mr Velayo is also the President of William J Shaw Foundation.
Mr Velayo Is Seen Here with FE Leaders, Judge Lorenzo Veneracion and Pastor Art Medina</description><keyword>FE Welcomes QP Wearer, Mr. Alfredo Velayo, Co-Founder of  Prominent Accounting Firm,
SGV (SYCIP, GORRES &amp; VELAYO). Mr Velayo is also the President of William J Shaw Foundation.
Mr Velayo Is Seen Here with FE Leaders, Judge Lorenzo Veneracion and Pastor Art Medina</keyword><robots>all</robots><author>klhunter</author></meta></en><bm><title>FE Welcomes QP Wearer, Mr. Alfredo Velayo, Co-Founder of  Prominent Accounting Firm, SGV (SYCIP, GORRES &amp; VELAYO). Mr Velayo is also the President of William J Shaw Foundation. Mr Velayo Is Seen Here with FE Leaders, Judge Lorenzo Veneracion and Pastor Ar</title><content></content><meta><description>FE Welcomes QP Wearer, Mr. Alfredo Velayo, Co-Founder of  Prominent Accounting Firm,
SGV (SYCIP, GORRES &amp; VELAYO). Mr Velayo is also the President of William J Shaw Foundation.
Mr Velayo Is Seen Here with FE Leaders, Judge Lorenzo Veneracion and Pastor Art Medina</description><keyword>FE Welcomes QP Wearer, Mr. Alfredo Velayo, Co-Founder of  Prominent Accounting Firm,
SGV (SYCIP, GORRES &amp; VELAYO). Mr Velayo is also the President of William J Shaw Foundation.
Mr Velayo Is Seen Here with FE Leaders, Judge Lorenzo Veneracion and Pastor Art Medina</keyword><robots>all</robots><author>klhunter</author></meta></bm><chi><title>FE Welcomes QP Wearer, Mr. Alfredo Velayo, Co-Founder of  Prominent Accounting Firm, SGV (SYCIP, GORRES &amp; VELAYO). Mr Velayo is also the President of William J Shaw Foundation. Mr Velayo Is Seen Here with FE Leaders, Judge Lorenzo Veneracion and Pastor Ar</title><content></content><meta><description>FE Welcomes QP Wearer, Mr. Alfredo Velayo, Co-Founder of  Prominent Accounting Firm,
SGV (SYCIP, GORRES &amp; VELAYO). Mr Velayo is also the President of William J Shaw Foundation.
Mr Velayo Is Seen Here with FE Leaders, Judge Lorenzo Veneracion and Pastor Art Medina</description><keyword>FE Welcomes QP Wearer, Mr. Alfredo Velayo, Co-Founder of  Prominent Accounting Firm,
SGV (SYCIP, GORRES &amp; VELAYO). Mr Velayo is also the President of William J Shaw Foundation.
Mr Velayo Is Seen Here with FE Leaders, Judge Lorenzo Veneracion and Pastor Art Medina</keyword><robots>all</robots><author>klhunter</author></meta></chi></article>