<?xml version="1.0" encoding="utf-8"?>
<article><en><title>Great News! New Presidential Directors Bonus.</title><content>&lt;p&gt;
	&lt;span style="color: rgb(0, 0, 0); font-family: Verdana, Arial, Helvetica, sans-serif; font-size: 14px; text-align: justify; background-color: rgb(238, 240, 252); "&gt;FE is pleased to announce a&amp;nbsp; new bonus as an incentive for all our Presidential Directors, effective immediately. This special bonus of 2% of company&amp;rsquo;s monthly PV turnover will be shared amongst all Presidential Directors based on number of cycles achieved every quarter of the year.&lt;/span&gt;&lt;br style="color: rgb(0, 0, 0); font-family: Verdana, Arial, Helvetica, sans-serif; font-size: 14px; text-align: justify; background-color: rgb(238, 240, 252); " /&gt;
	&lt;br style="color: rgb(0, 0, 0); font-family: Verdana, Arial, Helvetica, sans-serif; font-size: 14px; text-align: justify; background-color: rgb(238, 240, 252); " /&gt;
	&lt;span style="color: rgb(0, 0, 0); font-family: Verdana, Arial, Helvetica, sans-serif; font-size: 14px; text-align: justify; background-color: rgb(238, 240, 252); "&gt;We would like to thank all our Presidential Directors for their hard work, commitment and continuous support!&lt;/span&gt;&lt;/p&gt;
</content><meta><description>FE is pleased to announce a  new bonus as an incentive for all our Presidential Directors, effective immediately. This special bonus of 2% of company’s monthly PV turnover will be shared amongst all Presidential Directors based on number of cycles achieved every quarter of the year.

We would like to thank all our Presidential Directors for their hard work, commitment and continuous support!</description><keyword></keyword><robots>all</robots><author>klhunter</author></meta></en><bm><title>FusionExcel Sponsors RM 10,000 Malaysian Open Taekwondo Championships 2008!</title><content></content><meta><description>FusionExcel Sponsors RM 10,000 Malaysian Open Taekwondo Championships 2008!</description><keyword>FusionExcel Sponsors RM 10,000 Malaysian Open Taekwondo Championships 2008!</keyword><robots>all</robots><author>klhunter</author></meta></bm><chi><title>FusionExcel Sponsors RM 10,000 Malaysian Open Taekwondo Championships 2008!</title><content></content><meta><description>FusionExcel Sponsors RM 10,000 Malaysian Open Taekwondo Championships 2008!</description><keyword>FusionExcel Sponsors RM 10,000 Malaysian Open Taekwondo Championships 2008!</keyword><robots>all</robots><author>klhunter</author></meta></chi></article>
