<?xml version='1.0' encoding='utf-8'?><article><en><title>Testimonial - Quantum Pendant</title><content>&lt;p&gt;
	Hussain Al-Suwaidi, Champion U.A.E Bowler.&lt;/p&gt;
&lt;table border=&quot;0&quot; cellpadding=&quot;0&quot; cellspacing=&quot;0&quot; width=&quot;100%&quot;&gt;
	&lt;tbody&gt;
		&lt;tr&gt;
			&lt;td class=&quot;content&quot; valign=&quot;top&quot;&gt;
				&lt;table border=&quot;0&quot; cellpadding=&quot;0&quot; cellspacing=&quot;0&quot; width=&quot;100%&quot;&gt;
					&lt;tbody&gt;
						&lt;tr&gt;
							&lt;td width=&quot;10&quot;&gt;
								&amp;nbsp;&lt;/td&gt;
							&lt;td&gt;
								&lt;table border=&quot;0&quot; cellpadding=&quot;0&quot; cellspacing=&quot;0&quot; width=&quot;100%&quot;&gt;
									&lt;tbody&gt;
										&lt;tr&gt;
											&lt;td class=&quot;content&quot; colspan=&quot;2&quot;&gt;
												&lt;span lang=&quot;EN-ZA&quot;&gt;I played very good when I wear FusionExcel&amp;#39;s Quantum Pendant. It gives me better focus, balance and energy, so I can play longer. I am very happy and I wish everyone to get that too.&lt;/span&gt;&lt;br /&gt;
												&lt;br /&gt;
												&lt;strong&gt;HUSSAIN AL-SUWAIDI ACHIEVEMENTS:&lt;/strong&gt;&lt;br /&gt;
												&lt;br /&gt;
												- Ranked Number 1 in Asia.&lt;br /&gt;
												- 5th Kuwait Open - 4th Position.&lt;br /&gt;
												- ABF Tour Kuwait - 2nd Position.&lt;br /&gt;
												- Dubai Open - 2nd Position.&lt;br /&gt;
												- 41st Singapore Open - Winner.&lt;br /&gt;
												- 20th Asian Championship (All Events) - 3rd Position.&lt;/td&gt;
										&lt;/tr&gt;
										&lt;tr&gt;
											&lt;td align=&quot;center&quot; width=&quot;50%&quot;&gt;
												&lt;img height=&quot;252&quot; src=&quot;http://fusionexcel.com/imgnews/suwaidi1.jpg&quot; width=&quot;189&quot; /&gt;&lt;/td&gt;
											&lt;td align=&quot;right&quot; width=&quot;50%&quot;&gt;
												&lt;img height=&quot;252&quot; src=&quot;http://fusionexcel.com/imgnews/suwaidi.jpg&quot; width=&quot;352&quot; /&gt;&lt;/td&gt;
										&lt;/tr&gt;
									&lt;/tbody&gt;
								&lt;/table&gt;
							&lt;/td&gt;
						&lt;/tr&gt;
					&lt;/tbody&gt;
				&lt;/table&gt;
			&lt;/td&gt;
		&lt;/tr&gt;
	&lt;/tbody&gt;
&lt;/table&gt;
&lt;p&gt;
	&amp;nbsp;&lt;/p&gt;
</content><meta><description>I played very good when I wear FusionExcel's Quantum Pendant. It gives me better focus, balance and energy, so I can play longer.</description><keyword>Hussain Al-Suwaidi, Champion U.A.E Bowler, Asia, Kuwait Open, ABF Tour Kuwait, Dubai Open, Singapore Open, Asian Championship.</keyword><robots>all</robots><author>klhunter</author></meta></en><bm><title>Testimonial - Quantum Pendant</title><content></content><meta><description>I played very good when I wear FusionExcel's Quantum Pendant. It gives me better focus, balance and energy, so I can play longer.</description><keyword>Hussain Al-Suwaidi, Champion U.A.E Bowler, Asia, Kuwait Open, ABF Tour Kuwait, Dubai Open, Singapore Open, Asian Championship.</keyword><robots>all</robots><author>klhunter</author></meta></bm><chi><title>Testimonial - Quantum Pendant</title><content></content><meta><description>I played very good when I wear FusionExcel's Quantum Pendant. It gives me better focus, balance and energy, so I can play longer.</description><keyword>Hussain Al-Suwaidi, Champion U.A.E Bowler, Asia, Kuwait Open, ABF Tour Kuwait, Dubai Open, Singapore Open, Asian Championship.</keyword><robots>all</robots><author>klhunter</author></meta></chi></article>