<?xml version='1.0' encoding='utf-8'?><article><en><title>FusionExcel Sponsors RM 20,000 World Champion Rally Driver, Karamjit Singh!</title><content>&lt;table border=&quot;0&quot; cellpadding=&quot;0&quot; cellspacing=&quot;0&quot; width=&quot;100%&quot;&gt;
	&lt;tbody&gt;
		&lt;tr&gt;
			&lt;td height=&quot;1050&quot; valign=&quot;top&quot;&gt;
				&lt;table bgcolor=&quot;#EEF0FC&quot; border=&quot;0&quot; cellpadding=&quot;0&quot; cellspacing=&quot;10&quot; style=&quot;border:solid 1px #777777&quot; width=&quot;100%&quot;&gt;
					&lt;tbody&gt;
						&lt;tr&gt;
							&lt;td valign=&quot;top&quot; width=&quot;718&quot;&gt;
								&lt;table border=&quot;0&quot; cellpadding=&quot;0&quot; cellspacing=&quot;0&quot; width=&quot;100%&quot;&gt;
									&lt;tbody&gt;
										&lt;tr&gt;
											&lt;td valign=&quot;top&quot; width=&quot;718&quot;&gt;
												&lt;table border=&quot;0&quot; cellpadding=&quot;0&quot; cellspacing=&quot;0&quot; width=&quot;100%&quot;&gt;
													&lt;tbody&gt;
														&lt;tr&gt;
															&lt;td class=&quot;content&quot; height=&quot;16&quot; valign=&quot;top&quot; width=&quot;718&quot;&gt;
																&lt;div align=&quot;justify&quot;&gt;
																	FusionExcel teamed up with winning Malaysian&amp;nbsp;World Champion&amp;nbsp;Rally Driver Karamjit Singh in a special sponsorship deal today. The company handed RM 20,000 in cash and RM 3,000 worth of products to Karamjit and his navigator Jagdev Singh at the FusionExcel&amp;#39;s Headquater in Petaling Jaya.&lt;br /&gt;
																	&lt;br /&gt;
																	&lt;p&gt;
																		At the press conference, Mr Paul Ting, CEO&amp;nbsp;of FusionExcel&amp;nbsp;said: &amp;quot;We are proud to be co-sponsor for Karamjit&amp;#39;s remaining rounds at this year&amp;#39;s Malaysian Rally Championship. This is in line with our active and continuous support of Malaysian and international sports teams and individuals.&amp;quot;&lt;br /&gt;
																		&lt;br /&gt;
																		He added: &amp;quot;In Karamjit&amp;#39;s case, we are also responding to the government&amp;#39;s call for the corporate sector to step forward to assist Malaysia&amp;#39;s one and only World Rally Champion.&amp;quot;&lt;br /&gt;
																		&lt;br /&gt;
																		According to Karamjit, the relationship is especially meaningful, as he has been using&amp;nbsp;FusionExcel&amp;#39;s Quantum Pendant&amp;nbsp;all along. He revealed: &amp;quot;In 2005, my car overturned during competition and I suffered from persistent back pains as a result. A year later, I was introduced to FusionExcel&amp;#39;s Quantum Pendant. After wearing it, my pains disappeared and I was able to focus on winning again.&amp;nbsp;FusionExcel&amp;#39;s Quantum Pendant&amp;nbsp;not only enhance my physical well-being but also the mental stamina required during the grueling competition rounds.&amp;quot;&lt;br /&gt;
																		&amp;nbsp;&lt;/p&gt;
																&lt;/div&gt;
															&lt;/td&gt;
														&lt;/tr&gt;
														&lt;tr&gt;
															&lt;td valign=&quot;top&quot;&gt;
																&lt;table border=&quot;0&quot; cellpadding=&quot;0&quot; cellspacing=&quot;0&quot; width=&quot;100%&quot;&gt;
																	&lt;tbody&gt;
																		&lt;tr&gt;
																			&lt;td align=&quot;center&quot; colspan=&quot;2&quot; height=&quot;224&quot; valign=&quot;top&quot;&gt;
																				&lt;img height=&quot;400&quot; src=&quot;http://fusionexcel.com/imgnews/karamjit1.jpg&quot; width=&quot;600&quot; /&gt;&lt;/td&gt;
																		&lt;/tr&gt;
																		&lt;tr&gt;
																			&lt;td height=&quot;224&quot; valign=&quot;top&quot;&gt;
																				&lt;img height=&quot;240&quot; src=&quot;http://fusionexcel.com/imgnews/karamjit2.jpg&quot; width=&quot;353&quot; /&gt;&lt;/td&gt;
																			&lt;td align=&quot;right&quot; valign=&quot;top&quot;&gt;
																				&lt;img height=&quot;240&quot; src=&quot;http://fusionexcel.com/imgnews/karamjit3.jpg&quot; width=&quot;353&quot; /&gt;&lt;/td&gt;
																		&lt;/tr&gt;
																		&lt;tr&gt;
																			&lt;td height=&quot;224&quot; valign=&quot;top&quot;&gt;
																				&lt;img height=&quot;240&quot; src=&quot;http://fusionexcel.com/imgnews/karamjit4.jpg&quot; width=&quot;353&quot; /&gt;&lt;/td&gt;
																			&lt;td align=&quot;right&quot; valign=&quot;top&quot;&gt;
																				&lt;img height=&quot;240&quot; src=&quot;http://fusionexcel.com/imgnews/karamjit5.jpg&quot; width=&quot;353&quot; /&gt;&lt;/td&gt;
																		&lt;/tr&gt;
																		&lt;tr&gt;
																			&lt;td align=&quot;center&quot; colspan=&quot;2&quot; height=&quot;10&quot; valign=&quot;top&quot;&gt;
																				&lt;img height=&quot;833&quot; src=&quot;http://fusionexcel.com/imgnews/karamjit6.jpg&quot; width=&quot;700&quot; /&gt;&lt;/td&gt;
																		&lt;/tr&gt;
																	&lt;/tbody&gt;
																&lt;/table&gt;
															&lt;/td&gt;
														&lt;/tr&gt;
													&lt;/tbody&gt;
												&lt;/table&gt;
											&lt;/td&gt;
										&lt;/tr&gt;
									&lt;/tbody&gt;
								&lt;/table&gt;
							&lt;/td&gt;
						&lt;/tr&gt;
					&lt;/tbody&gt;
				&lt;/table&gt;
			&lt;/td&gt;
		&lt;/tr&gt;
	&lt;/tbody&gt;
&lt;/table&gt;
&lt;p&gt;
	&amp;nbsp;&lt;/p&gt;
</content><meta><description>FusionExcel teamed up with winning Malaysian World Champion Rally Driver Karamjit Singh in a special sponsorship.</description><keyword>FusionExcel Sponsors RM 20,000 World Champion Rally Driver, Karamjit Singh, Jagdev Singh, World Rally Champion.</keyword><robots>all</robots><author>klhunter</author></meta></en><bm><title>FusionExcel Sponsors RM 20,000 World Champion Rally Driver, Karamjit Singh!</title><content></content><meta><description>FusionExcel teamed up with winning Malaysian World Champion Rally Driver Karamjit Singh in a special sponsorship.</description><keyword>FusionExcel Sponsors RM 20,000 World Champion Rally Driver, Karamjit Singh, Jagdev Singh, World Rally Champion.</keyword><robots>all</robots><author>klhunter</author></meta></bm><chi><title>FusionExcel Sponsors RM 20,000 World Champion Rally Driver, Karamjit Singh!</title><content></content><meta><description>FusionExcel teamed up with winning Malaysian World Champion Rally Driver Karamjit Singh in a special sponsorship.</description><keyword>FusionExcel Sponsors RM 20,000 World Champion Rally Driver, Karamjit Singh, Jagdev Singh, World Rally Champion.</keyword><robots>all</robots><author>klhunter</author></meta></chi></article>