<?xml version='1.0' encoding='utf-8'?><article><en><title>Testimonial - Quantum Pendant</title><content>&lt;p&gt;
	Karamjit Singh, World Champion Relly Driver.&lt;/p&gt;
&lt;table border=&quot;0&quot; cellpadding=&quot;0&quot; cellspacing=&quot;0&quot; width=&quot;100%&quot;&gt;
	&lt;tbody&gt;
		&lt;tr&gt;
			&lt;td class=&quot;content&quot; valign=&quot;top&quot;&gt;
				&lt;table border=&quot;0&quot; cellpadding=&quot;0&quot; cellspacing=&quot;0&quot; width=&quot;100%&quot;&gt;
					&lt;tbody&gt;
						&lt;tr&gt;
							&lt;td width=&quot;10&quot;&gt;
								&amp;nbsp;&lt;/td&gt;
							&lt;td&gt;
								&lt;table border=&quot;0&quot; cellpadding=&quot;0&quot; cellspacing=&quot;0&quot; width=&quot;100%&quot;&gt;
									&lt;tbody&gt;
										&lt;tr&gt;
											&lt;td width=&quot;16%&quot;&gt;
												&lt;img height=&quot;180&quot; src=&quot;http://fusionexcel.com/imgnews/karamjitrally1.jpg&quot; width=&quot;107&quot; /&gt;&lt;/td&gt;
											&lt;td align=&quot;center&quot; width=&quot;46%&quot;&gt;
												&lt;img height=&quot;180&quot; src=&quot;http://fusionexcel.com/imgnews/karamjitrally2.jpg&quot; width=&quot;270&quot; /&gt;&lt;/td&gt;
											&lt;td align=&quot;right&quot; width=&quot;38%&quot;&gt;
												&lt;img height=&quot;180&quot; src=&quot;http://fusionexcel.com/imgnews/karamjitrally3.jpg&quot; width=&quot;270&quot; /&gt;&lt;/td&gt;
										&lt;/tr&gt;
										&lt;tr&gt;
											&lt;td class=&quot;content&quot; colspan=&quot;3&quot; height=&quot;10&quot;&gt;
												&lt;table cellpadding=&quot;0&quot; cellspacing=&quot;0&quot;&gt;
													&lt;tbody&gt;
														&lt;tr&gt;
														&lt;/tr&gt;
														&lt;tr&gt;
															&lt;td height=&quot;68&quot; valign=&quot;top&quot;&gt;
																&lt;div align=&quot;justify&quot;&gt;
																	&lt;strong&gt;KARAMJIT SINGH ACHIEVEMENTS &amp;amp; CAREER HIGHLIGHTS:&lt;/strong&gt;&lt;br /&gt;
																	&lt;br /&gt;
																	- Nine (9) times Malaysian National Champion.&lt;br /&gt;
																	- World Champion (PWRC) 2002.&lt;br /&gt;
																	- Asia Pacific Rally Champion 2001.&lt;br /&gt;
																	- Champion Merdeka Endurance Race 2000.&lt;br /&gt;
																	- Asia Pacific Production Rally Champion 1997.&lt;br /&gt;
																	- 2002 Malaysian Sikhs Association Man of the Year.&lt;br /&gt;
																	- 2002/03/04 Malaysian Motor Sports Man of the Year.&lt;br /&gt;
																	- Conferred SIS title by HRH Sultan of Selangor in 2003.&lt;br /&gt;
																	- Conferred AMN title by HRH King of Malaysia in 2003.&lt;br /&gt;
																	- Asia Pacific Rally Champion 2004.&lt;br /&gt;
																	- Asia Pacific Rally Champion 2002.&lt;br /&gt;
																	- Aisa Pacific Rally Champion 2000.&lt;br /&gt;
																	- Thailand National Rally Champion 1998.&lt;br /&gt;
																	- 2002 NST-SPORTS TOTO Man of the Year.&lt;br /&gt;
																	- 2002 MSN National Sportsman of the Year.&lt;br /&gt;
																	- Works driver - KST Ralliart China 2006-07.&lt;br /&gt;
																	- Winner - Rally Malaysia 2006.&lt;br /&gt;
																	&lt;br /&gt;
																	In 2005, my car overturned during competition and I suffered from persistent back pains as a result. A year later, I was introduced to FusionExcel&amp;#39;s Quantum Pendant. After wearing it, my pains disappeared and I was able to focus on winning again.&amp;nbsp;FusionExcel&amp;#39;s Quantum Pendant&amp;nbsp;not only enhance my physical well-being but also the mental stamina required during the grueling competition rounds.&lt;/div&gt;
															&lt;/td&gt;
														&lt;/tr&gt;
													&lt;/tbody&gt;
												&lt;/table&gt;
											&lt;/td&gt;
										&lt;/tr&gt;
									&lt;/tbody&gt;
								&lt;/table&gt;
							&lt;/td&gt;
						&lt;/tr&gt;
					&lt;/tbody&gt;
				&lt;/table&gt;
			&lt;/td&gt;
		&lt;/tr&gt;
	&lt;/tbody&gt;
&lt;/table&gt;
&lt;p&gt;
	&amp;nbsp;&lt;/p&gt;
</content><meta><description>I was introduced to FusionExcel's Quantum Pendant. After wearing it, my pains disappeared and I was able to focus on winning again.</description><keyword>Karamjit Singh, World Champion Relly Driver, Malaysian National Champion, World Champion (PWRC), Asia Pacific Rally, Champion Merdeka Endurance Race, Asia Pacific Production Rally, Malaysian Sikhs Association, Malaysian Motor Sports, Thailand National Rally, NST-SPORTS TOTO.</keyword><robots>all</robots><author>klhunter</author></meta></en><bm><title>Testimonial - Quantum Pendant</title><content></content><meta><description>I was introduced to FusionExcel's Quantum Pendant. After wearing it, my pains disappeared and I was able to focus on winning again.</description><keyword>Karamjit Singh, World Champion Relly Driver, Malaysian National Champion, World Champion (PWRC), Asia Pacific Rally, Champion Merdeka Endurance Race, Asia Pacific Production Rally, Malaysian Sikhs Association, Malaysian Motor Sports, Thailand National Rally, NST-SPORTS TOTO.</keyword><robots>all</robots><author>klhunter</author></meta></bm><chi><title>Testimonial - Quantum Pendant</title><content></content><meta><description>I was introduced to FusionExcel's Quantum Pendant. After wearing it, my pains disappeared and I was able to focus on winning again.</description><keyword>Karamjit Singh, World Champion Relly Driver, Malaysian National Champion, World Champion (PWRC), Asia Pacific Rally, Champion Merdeka Endurance Race, Asia Pacific Production Rally, Malaysian Sikhs Association, Malaysian Motor Sports, Thailand National Rally, NST-SPORTS TOTO.</keyword><robots>all</robots><author>klhunter</author></meta></chi></article>