<?xml version='1.0' encoding='utf-8'?><article><en><title>FE Continues to amaze in the Philippines!</title><content>&lt;table border=&quot;0&quot; cellpadding=&quot;0&quot; cellspacing=&quot;0&quot; width=&quot;100%&quot;&gt;
	&lt;tbody&gt;
		&lt;tr&gt;
			&lt;td valign=&quot;top&quot; width=&quot;740&quot;&gt;
				&lt;table border=&quot;0&quot; cellpadding=&quot;0&quot; cellspacing=&quot;0&quot; width=&quot;100%&quot;&gt;
					&lt;tbody&gt;
						&lt;tr&gt;
							&lt;td bgcolor=&quot;#999999&quot; valign=&quot;top&quot;&gt;
								&lt;table border=&quot;0&quot; cellpadding=&quot;10&quot; cellspacing=&quot;1&quot; width=&quot;100%&quot;&gt;
									&lt;tbody&gt;
										&lt;tr&gt;
											&lt;td bgcolor=&quot;#EEF0FC&quot; height=&quot;943&quot; valign=&quot;top&quot;&gt;
												&lt;table border=&quot;0&quot; cellpadding=&quot;0&quot; cellspacing=&quot;0&quot; width=&quot;100%&quot;&gt;
													&lt;tbody&gt;
														&lt;tr&gt;
															&lt;td align=&quot;center&quot; valign=&quot;top&quot;&gt;
																&lt;a href=&quot;http://www.youtube.com/v/qS-69IMfAe4&amp;amp;hl=en&amp;amp;fs=1&quot; target=&quot;_blank&quot;&gt;&lt;img border=&quot;0&quot; src=&quot;http://fusionexcel.com/imgnews/cory1.jpg&quot; /&gt;&lt;/a&gt;&lt;/td&gt;
														&lt;/tr&gt;
														&lt;tr&gt;
															&lt;td align=&quot;left&quot; class=&quot;content&quot; valign=&quot;top&quot;&gt;
																Top Rated Health Guru &amp;amp; TV Hostess Cory Quirino conducted an interview with Philippines Country Licensee Jeremy Looi &amp;amp;&amp;nbsp;FE Spokesmen&amp;nbsp;Samboy Lim, Allan Caidic and Monsour Del Rosario for her program.&lt;/td&gt;
														&lt;/tr&gt;
														&lt;tr&gt;
															&lt;td align=&quot;center&quot; valign=&quot;top&quot;&gt;
																&lt;a href=&quot;http://www.youtube.com/v/qS-69IMfAe4&amp;amp;hl=en&amp;amp;fs=1&quot; target=&quot;_blank&quot;&gt;&lt;img border=&quot;0&quot; src=&quot;http://fusionexcel.com/imgnews/cory2.jpg&quot; /&gt;&lt;/a&gt;&lt;/td&gt;
														&lt;/tr&gt;
														&lt;tr&gt;
															&lt;td align=&quot;center&quot; valign=&quot;top&quot;&gt;
																&lt;a href=&quot;http://www.youtube.com/v/qS-69IMfAe4&amp;amp;hl=en&amp;amp;fs=1&quot; target=&quot;_blank&quot;&gt;&lt;img border=&quot;0&quot; src=&quot;http://fusionexcel.com/imgnews/cory3.jpg&quot; /&gt;&lt;/a&gt;&lt;/td&gt;
														&lt;/tr&gt;
														&lt;tr&gt;
															&lt;td class=&quot;content&quot; valign=&quot;top&quot;&gt;
																Dr Masaru Emoto&amp;#39;s books were highlighted during the recording.&lt;/td&gt;
														&lt;/tr&gt;
														&lt;tr&gt;
															&lt;td align=&quot;center&quot; valign=&quot;top&quot;&gt;
																&lt;a href=&quot;http://www.youtube.com/v/qS-69IMfAe4&amp;amp;hl=en&amp;amp;fs=1&quot; target=&quot;_blank&quot;&gt;&lt;img border=&quot;0&quot; src=&quot;http://fusionexcel.com/imgnews/cory4.jpg&quot; /&gt;&lt;/a&gt;&lt;/td&gt;
														&lt;/tr&gt;
														&lt;tr&gt;
															&lt;td class=&quot;content&quot; valign=&quot;top&quot;&gt;
																A simple test was administrated to Cory on how exposure to&amp;nbsp;mobile phone&amp;#39;s&amp;nbsp;EMF can weaken one&amp;#39;s bio-field and how FE&amp;#39;s Quantum Pendant can help&amp;nbsp;counter it.&lt;/td&gt;
														&lt;/tr&gt;
														&lt;tr&gt;
															&lt;td align=&quot;center&quot; valign=&quot;top&quot;&gt;
																&lt;a href=&quot;http://www.youtube.com/v/qS-69IMfAe4&amp;amp;hl=en&amp;amp;fs=1&quot; target=&quot;_blank&quot;&gt;&lt;img border=&quot;0&quot; src=&quot;http://fusionexcel.com/imgnews/cory5.jpg&quot; /&gt;&lt;/a&gt;&lt;/td&gt;
														&lt;/tr&gt;
														&lt;tr&gt;
															&lt;td class=&quot;content&quot; valign=&quot;top&quot;&gt;
																Samboy Lim&amp;nbsp;demostrated the balance test to one of the TV&amp;nbsp;crew..&lt;/td&gt;
														&lt;/tr&gt;
														&lt;tr&gt;
															&lt;td align=&quot;center&quot; valign=&quot;top&quot;&gt;
																&lt;a href=&quot;http://www.youtube.com/v/qS-69IMfAe4&amp;amp;hl=en&amp;amp;fs=1&quot; target=&quot;_blank&quot;&gt;&lt;img border=&quot;0&quot; src=&quot;http://fusionexcel.com/imgnews/cory6.jpg&quot; /&gt;&lt;/a&gt;&lt;/td&gt;
														&lt;/tr&gt;
														&lt;tr&gt;
															&lt;td valign=&quot;top&quot;&gt;
																&lt;table cellpadding=&quot;0&quot; cellspacing=&quot;0&quot;&gt;
																	&lt;tbody&gt;
																		&lt;tr&gt;
																			&lt;td align=&quot;left&quot; class=&quot;content&quot; height=&quot;34&quot; valign=&quot;top&quot;&gt;
																				Cory Quirino&amp;#39;s TV&amp;nbsp;crew were bewildered by the amazing strength they instantly possess upon contact with FusionExcel&amp;#39;s products when they lifted Monsour Del Rosario with their mere fingers!&lt;/td&gt;
																		&lt;/tr&gt;
																	&lt;/tbody&gt;
																&lt;/table&gt;
															&lt;/td&gt;
														&lt;/tr&gt;
													&lt;/tbody&gt;
												&lt;/table&gt;
											&lt;/td&gt;
										&lt;/tr&gt;
									&lt;/tbody&gt;
								&lt;/table&gt;
							&lt;/td&gt;
						&lt;/tr&gt;
					&lt;/tbody&gt;
				&lt;/table&gt;
			&lt;/td&gt;
		&lt;/tr&gt;
	&lt;/tbody&gt;
&lt;/table&gt;
&lt;p&gt;
	&amp;nbsp;&lt;/p&gt;
</content><meta><description>FE Continues to amaze in the Philippines!</description><keyword>FE Continues to amaze in the Philippines!</keyword><robots>all</robots><author>klhunter</author></meta></en><bm><title>FE Continues to amaze in the Philippines!</title><content></content><meta><description>FE Continues to amaze in the Philippines!</description><keyword>FE Continues to amaze in the Philippines!</keyword><robots>all</robots><author>klhunter</author></meta></bm><chi><title>FE Continues to amaze in the Philippines!</title><content></content><meta><description>FE Continues to amaze in the Philippines!</description><keyword>FE Continues to amaze in the Philippines!</keyword><robots>all</robots><author>klhunter</author></meta></chi></article>