<?xml version='1.0' encoding='utf-8'?><article><en><title>Pemakai Loket Kuantum, Penyanyi, Karen Kong, Dalam Berita!. </title><content>&lt;table border=&quot;0&quot; cellpadding=&quot;0&quot; cellspacing=&quot;0&quot; width=&quot;100%&quot;&gt;
	&lt;tbody&gt;
		&lt;tr&gt;
			&lt;td valign=&quot;top&quot; width=&quot;740&quot;&gt;
				&lt;table border=&quot;0&quot; cellpadding=&quot;0&quot; cellspacing=&quot;0&quot; width=&quot;100%&quot;&gt;
					&lt;tbody&gt;
						&lt;tr&gt;
							&lt;td bgcolor=&quot;#999999&quot; valign=&quot;top&quot;&gt;
								&lt;table border=&quot;0&quot; cellpadding=&quot;10&quot; cellspacing=&quot;1&quot; width=&quot;100%&quot;&gt;
									&lt;tbody&gt;
										&lt;tr&gt;
											&lt;td bgcolor=&quot;#EEF0FC&quot; height=&quot;943&quot; valign=&quot;top&quot;&gt;
												&lt;table border=&quot;0&quot; cellpadding=&quot;0&quot; cellspacing=&quot;0&quot; width=&quot;100%&quot;&gt;
													&lt;tbody&gt;
														&lt;tr&gt;
															&lt;td class=&quot;content&quot; valign=&quot;top&quot;&gt;
																Pemakai Loket Kuantum, Penyanyi, Karen Kong sering dilaporkan dalam berita. Karen kini berada di Taiwan untuk membuat persiapan bagi pelancaran album barunya di rantau Taiwan / Hong Kong / China. Beliau juga sedang bersiap sedia untuk album Bahasa Melayu berikut baginya pada tahun 2009. FusionExcel berdoa supaya Karen berjaya dalam kerjayanya!&lt;/td&gt;
														&lt;/tr&gt;
														&lt;tr&gt;
															&lt;td class=&quot;content&quot; valign=&quot;top&quot;&gt;
																&lt;table border=&quot;0&quot; cellpadding=&quot;0&quot; cellspacing=&quot;0&quot; width=&quot;100%&quot;&gt;
																	&lt;tbody&gt;
																		&lt;tr valign=&quot;top&quot;&gt;
																			&lt;td align=&quot;center&quot;&gt;
																				&lt;img height=&quot;488&quot; src=&quot;http://fusionexcel.com/imgnews/newsKaren1.jpg&quot; width=&quot;650&quot; /&gt;&lt;/td&gt;
																		&lt;/tr&gt;
																		&lt;tr valign=&quot;top&quot;&gt;
																			&lt;td&gt;
																				&lt;table border=&quot;0&quot; cellpadding=&quot;0&quot; cellspacing=&quot;0&quot; width=&quot;100%&quot;&gt;
																					&lt;tbody&gt;
																						&lt;tr valign=&quot;top&quot;&gt;
																							&lt;td align=&quot;center&quot; height=&quot;10&quot;&gt;
																								&lt;img height=&quot;488&quot; src=&quot;http://fusionexcel.com/imgnews/newsKaren2.jpg&quot; width=&quot;650&quot; /&gt;&lt;/td&gt;
																						&lt;/tr&gt;
																					&lt;/tbody&gt;
																				&lt;/table&gt;
																			&lt;/td&gt;
																		&lt;/tr&gt;
																		&lt;tr valign=&quot;top&quot;&gt;
																			&lt;td align=&quot;center&quot;&gt;
																				&lt;img height=&quot;488&quot; src=&quot;http://fusionexcel.com/imgnews/newsKaren3.jpg&quot; width=&quot;650&quot; /&gt;&lt;/td&gt;
																		&lt;/tr&gt;
																		&lt;tr valign=&quot;top&quot;&gt;
																			&lt;td align=&quot;center&quot;&gt;
																				&lt;img height=&quot;866&quot; src=&quot;http://fusionexcel.com/imgnews/newsKaren4.jpg&quot; width=&quot;650&quot; /&gt;&lt;/td&gt;
																		&lt;/tr&gt;
																		&lt;tr valign=&quot;top&quot;&gt;
																			&lt;td align=&quot;center&quot;&gt;
																				&lt;img height=&quot;711&quot; src=&quot;http://fusionexcel.com/imgnews/newsKaren5.jpg&quot; width=&quot;650&quot; /&gt;&lt;/td&gt;
																		&lt;/tr&gt;
																		&lt;tr valign=&quot;top&quot;&gt;
																			&lt;td align=&quot;center&quot;&gt;
																				&lt;img height=&quot;888&quot; src=&quot;http://fusionexcel.com/imgnews/newsKaren6.jpg&quot; width=&quot;650&quot; /&gt;&lt;/td&gt;
																		&lt;/tr&gt;
																		&lt;tr valign=&quot;top&quot;&gt;
																			&lt;td align=&quot;center&quot;&gt;
																				&lt;img height=&quot;888&quot; src=&quot;http://fusionexcel.com/imgnews/newsKaren7.jpg&quot; width=&quot;650&quot; /&gt;&lt;/td&gt;
																		&lt;/tr&gt;
																	&lt;/tbody&gt;
																&lt;/table&gt;
															&lt;/td&gt;
														&lt;/tr&gt;
													&lt;/tbody&gt;
												&lt;/table&gt;
											&lt;/td&gt;
										&lt;/tr&gt;
									&lt;/tbody&gt;
								&lt;/table&gt;
							&lt;/td&gt;
						&lt;/tr&gt;
					&lt;/tbody&gt;
				&lt;/table&gt;
			&lt;/td&gt;
		&lt;/tr&gt;
	&lt;/tbody&gt;
&lt;/table&gt;
&lt;p&gt;
	&amp;nbsp;&lt;/p&gt;
</content><meta><description>Pemakai Loket Kuantum, Penyanyi, Karen Kong sering dilaporkan dalam berita. Karen kini berada di Taiwan untuk membuat persiapan bagi pelancaran album barunya di rantau Taiwan / Hong Kong / China. Beliau juga sedang bersiap sedia untuk album Bahasa Melayu berikut baginya pada tahun 2009. FusionExcel berdoa supaya Karen berjaya dalam kerjayanya! </description><keyword>Pemakai Loket Kuantum, Penyanyi, Karen Kong, Dalam Berita!. </keyword><robots>all</robots><author>klhunter</author></meta></en><bm><title>Pemakai Loket Kuantum, Penyanyi, Karen Kong, Dalam Berita!. </title><content></content><meta><description>Pemakai Loket Kuantum, Penyanyi, Karen Kong sering dilaporkan dalam berita. Karen kini berada di Taiwan untuk membuat persiapan bagi pelancaran album barunya di rantau Taiwan / Hong Kong / China. Beliau juga sedang bersiap sedia untuk album Bahasa Melayu berikut baginya pada tahun 2009. FusionExcel berdoa supaya Karen berjaya dalam kerjayanya! </description><keyword>Pemakai Loket Kuantum, Penyanyi, Karen Kong, Dalam Berita!. </keyword><robots>all</robots><author>klhunter</author></meta></bm><chi><title>Pemakai Loket Kuantum, Penyanyi, Karen Kong, Dalam Berita!. </title><content></content><meta><description>Pemakai Loket Kuantum, Penyanyi, Karen Kong sering dilaporkan dalam berita. Karen kini berada di Taiwan untuk membuat persiapan bagi pelancaran album barunya di rantau Taiwan / Hong Kong / China. Beliau juga sedang bersiap sedia untuk album Bahasa Melayu berikut baginya pada tahun 2009. FusionExcel berdoa supaya Karen berjaya dalam kerjayanya! </description><keyword>Pemakai Loket Kuantum, Penyanyi, Karen Kong, Dalam Berita!. </keyword><robots>all</robots><author>klhunter</author></meta></chi></article>