<?xml version='1.0' encoding='utf-8'?><article><en><title>FE's Achievers Recognition Dinner 27th September 2008 (2) </title><content>&lt;p&gt;
	&amp;nbsp;&lt;/p&gt;
&lt;table border=&quot;0&quot; cellpadding=&quot;0&quot; cellspacing=&quot;0&quot; width=&quot;100%&quot;&gt;
	&lt;tbody&gt;
		&lt;tr align=&quot;center&quot; valign=&quot;top&quot;&gt;
		&lt;/tr&gt;
		&lt;tr valign=&quot;top&quot;&gt;
			&lt;td&gt;
				&lt;img height=&quot;240&quot; src=&quot;http://fusionexcel.com/imgnews/rec20.jpg&quot; width=&quot;353&quot; /&gt;&lt;/td&gt;
			&lt;td align=&quot;right&quot;&gt;
				&lt;img height=&quot;240&quot; src=&quot;http://fusionexcel.com/imgnews/rec21.jpg&quot; width=&quot;353&quot; /&gt;&lt;/td&gt;
		&lt;/tr&gt;
		&lt;tr valign=&quot;top&quot;&gt;
			&lt;td width=&quot;50%&quot;&gt;
				&lt;img height=&quot;240&quot; src=&quot;http://fusionexcel.com/imgnews/rec22.jpg&quot; width=&quot;353&quot; /&gt;&lt;/td&gt;
			&lt;td align=&quot;right&quot;&gt;
				&lt;img height=&quot;240&quot; src=&quot;http://fusionexcel.com/imgnews/rec23.jpg&quot; width=&quot;353&quot; /&gt;&lt;/td&gt;
		&lt;/tr&gt;
		&lt;tr valign=&quot;top&quot;&gt;
			&lt;td&gt;
				&lt;img height=&quot;240&quot; src=&quot;http://fusionexcel.com/imgnews/rec24.jpg&quot; width=&quot;353&quot; /&gt;&lt;/td&gt;
			&lt;td align=&quot;right&quot;&gt;
				&lt;img height=&quot;240&quot; src=&quot;http://fusionexcel.com/imgnews/rec25.jpg&quot; width=&quot;353&quot; /&gt;&lt;/td&gt;
		&lt;/tr&gt;
		&lt;tr valign=&quot;top&quot;&gt;
			&lt;td&gt;
				&lt;img height=&quot;240&quot; src=&quot;http://fusionexcel.com/imgnews/rec26.jpg&quot; width=&quot;353&quot; /&gt;&lt;/td&gt;
			&lt;td align=&quot;right&quot;&gt;
				&lt;img height=&quot;240&quot; src=&quot;http://fusionexcel.com/imgnews/rec27.jpg&quot; width=&quot;353&quot; /&gt;&lt;/td&gt;
		&lt;/tr&gt;
		&lt;tr valign=&quot;top&quot;&gt;
			&lt;td&gt;
				&lt;img height=&quot;240&quot; src=&quot;http://fusionexcel.com/imgnews/rec28.jpg&quot; width=&quot;353&quot; /&gt;&lt;/td&gt;
			&lt;td align=&quot;right&quot;&gt;
				&lt;img height=&quot;240&quot; src=&quot;http://fusionexcel.com/imgnews/rec29.jpg&quot; width=&quot;353&quot; /&gt;&lt;/td&gt;
		&lt;/tr&gt;
		&lt;tr valign=&quot;top&quot;&gt;
			&lt;td&gt;
				&lt;img height=&quot;240&quot; src=&quot;http://fusionexcel.com/imgnews/rec30.jpg&quot; width=&quot;353&quot; /&gt;&lt;/td&gt;
			&lt;td align=&quot;right&quot;&gt;
				&lt;img height=&quot;240&quot; src=&quot;http://fusionexcel.com/imgnews/rec31.jpg&quot; width=&quot;353&quot; /&gt;&lt;/td&gt;
		&lt;/tr&gt;
		&lt;tr valign=&quot;top&quot;&gt;
			&lt;td&gt;
				&lt;img height=&quot;240&quot; src=&quot;http://fusionexcel.com/imgnews/rec32.jpg&quot; width=&quot;353&quot; /&gt;&lt;/td&gt;
			&lt;td align=&quot;right&quot;&gt;
				&lt;img height=&quot;240&quot; src=&quot;http://fusionexcel.com/imgnews/rec33.jpg&quot; width=&quot;353&quot; /&gt;&lt;/td&gt;
		&lt;/tr&gt;
		&lt;tr valign=&quot;top&quot;&gt;
			&lt;td&gt;
				&lt;img height=&quot;240&quot; src=&quot;http://fusionexcel.com/imgnews/rec34.jpg&quot; width=&quot;353&quot; /&gt;&lt;/td&gt;
			&lt;td align=&quot;right&quot;&gt;
				&lt;img height=&quot;240&quot; src=&quot;http://fusionexcel.com/imgnews/rec35.jpg&quot; width=&quot;353&quot; /&gt;&lt;/td&gt;
		&lt;/tr&gt;
		&lt;tr valign=&quot;top&quot;&gt;
			&lt;td&gt;
				&lt;img height=&quot;240&quot; src=&quot;http://fusionexcel.com/imgnews/rec36.jpg&quot; width=&quot;353&quot; /&gt;&lt;/td&gt;
			&lt;td align=&quot;right&quot;&gt;
				&lt;img height=&quot;240&quot; src=&quot;http://fusionexcel.com/imgnews/rec37.jpg&quot; width=&quot;353&quot; /&gt;&lt;/td&gt;
		&lt;/tr&gt;
		&lt;tr valign=&quot;top&quot;&gt;
			&lt;td&gt;
				&lt;img height=&quot;240&quot; src=&quot;http://fusionexcel.com/imgnews/rec38.jpg&quot; width=&quot;353&quot; /&gt;&lt;/td&gt;
			&lt;td align=&quot;right&quot;&gt;
				&lt;img height=&quot;240&quot; src=&quot;http://fusionexcel.com/imgnews/rec39.jpg&quot; width=&quot;353&quot; /&gt;&lt;/td&gt;
		&lt;/tr&gt;
		&lt;tr valign=&quot;top&quot;&gt;
			&lt;td&gt;
				&lt;img height=&quot;240&quot; src=&quot;http://fusionexcel.com/imgnews/rec40.jpg&quot; width=&quot;353&quot; /&gt;&lt;/td&gt;
			&lt;td align=&quot;right&quot;&gt;
				&lt;img height=&quot;240&quot; src=&quot;http://fusionexcel.com/imgnews/rec41.jpg&quot; width=&quot;353&quot; /&gt;&lt;/td&gt;
		&lt;/tr&gt;
	&lt;/tbody&gt;
&lt;/table&gt;
&lt;p&gt;
	&amp;nbsp;&lt;/p&gt;
</content><meta><description>FE's Achievers Recognition Dinner 27th September 2008 (2) </description><keyword>FE's Achievers Recognition Dinner 27th September 2008 (2) </keyword><robots>all</robots><author>klhunter</author></meta></en><bm><title>FE's Achievers Recognition Dinner 27th September 2008 (2) </title><content></content><meta><description>FE's Achievers Recognition Dinner 27th September 2008 (2) </description><keyword>FE's Achievers Recognition Dinner 27th September 2008 (2) </keyword><robots>all</robots><author>klhunter</author></meta></bm><chi><title>FE's Achievers Recognition Dinner 27th September 2008 (2) </title><content></content><meta><description>FE's Achievers Recognition Dinner 27th September 2008 (2) </description><keyword>FE's Achievers Recognition Dinner 27th September 2008 (2) </keyword><robots>all</robots><author>klhunter</author></meta></chi></article>