<?xml version='1.0' encoding='utf-8'?><article><en><title>FusionExcel Sponsors KL Dance Association Dinner, 20th September 2008!</title><content>&lt;table border=&quot;0&quot; cellpadding=&quot;0&quot; cellspacing=&quot;0&quot; width=&quot;100%&quot;&gt;
	&lt;tbody&gt;
		&lt;tr&gt;
			&lt;td valign=&quot;top&quot; width=&quot;740&quot;&gt;
				&lt;table border=&quot;0&quot; cellpadding=&quot;0&quot; cellspacing=&quot;0&quot; width=&quot;100%&quot;&gt;
					&lt;tbody&gt;
						&lt;tr&gt;
							&lt;td bgcolor=&quot;#999999&quot; valign=&quot;top&quot;&gt;
								&lt;table border=&quot;0&quot; cellpadding=&quot;10&quot; cellspacing=&quot;1&quot; width=&quot;100%&quot;&gt;
									&lt;tbody&gt;
										&lt;tr&gt;
											&lt;td bgcolor=&quot;#EEF0FC&quot; height=&quot;943&quot; valign=&quot;top&quot;&gt;
												&lt;table border=&quot;0&quot; cellpadding=&quot;0&quot; cellspacing=&quot;0&quot; width=&quot;100%&quot;&gt;
													&lt;tbody&gt;
														&lt;tr&gt;
															&lt;td class=&quot;content&quot;&gt;
																FusionExcel recently sponsored the Kuala Lumpur Dance Association Dinner on Sat 20th September 2008. Attending the event was FE Founder Director KS Lee, Presidential Directors KC Phoon and Gavin Lee together with FE leaders Thomas Lee, Marie Lee (FE Country Licensee for Singapore) and Allan Liew (who is also the Vice President of the Association). It was a fun night with plenty of demonstrations with FE&amp;#39;s QP and of course, lots of dancing!&lt;/td&gt;
														&lt;/tr&gt;
														&lt;tr&gt;
															&lt;td&gt;
																&lt;table border=&quot;0&quot; cellpadding=&quot;0&quot; cellspacing=&quot;0&quot; width=&quot;100%&quot;&gt;
																	&lt;tbody&gt;
																		&lt;tr valign=&quot;top&quot;&gt;
																			&lt;td&gt;
																				&lt;img height=&quot;240&quot; src=&quot;http://fusionexcel.com/imgnews/kldance1.jpg&quot; width=&quot;353&quot; /&gt;&lt;/td&gt;
																			&lt;td align=&quot;right&quot;&gt;
																				&lt;img height=&quot;240&quot; src=&quot;http://fusionexcel.com/imgnews/kldance2.jpg&quot; width=&quot;353&quot; /&gt;&lt;/td&gt;
																		&lt;/tr&gt;
																		&lt;tr valign=&quot;top&quot;&gt;
																			&lt;td width=&quot;50%&quot;&gt;
																				&lt;img height=&quot;240&quot; src=&quot;http://fusionexcel.com/imgnews/kldance3.jpg&quot; width=&quot;353&quot; /&gt;&lt;/td&gt;
																			&lt;td align=&quot;right&quot;&gt;
																				&lt;img height=&quot;240&quot; src=&quot;http://fusionexcel.com/imgnews/kldance4.jpg&quot; width=&quot;353&quot; /&gt;&lt;/td&gt;
																		&lt;/tr&gt;
																		&lt;tr valign=&quot;top&quot;&gt;
																			&lt;td&gt;
																				&lt;img height=&quot;240&quot; src=&quot;http://fusionexcel.com/imgnews/kldance5.jpg&quot; width=&quot;353&quot; /&gt;&lt;/td&gt;
																			&lt;td align=&quot;right&quot;&gt;
																				&lt;img height=&quot;240&quot; src=&quot;http://fusionexcel.com/imgnews/kldance6.jpg&quot; width=&quot;353&quot; /&gt;&lt;/td&gt;
																		&lt;/tr&gt;
																		&lt;tr valign=&quot;top&quot;&gt;
																			&lt;td&gt;
																				&lt;img height=&quot;240&quot; src=&quot;http://fusionexcel.com/imgnews/kldance7.jpg&quot; width=&quot;353&quot; /&gt;&lt;/td&gt;
																			&lt;td align=&quot;right&quot;&gt;
																				&lt;img height=&quot;240&quot; src=&quot;http://fusionexcel.com/imgnews/kldance8.jpg&quot; width=&quot;353&quot; /&gt;&lt;/td&gt;
																		&lt;/tr&gt;
																		&lt;tr valign=&quot;top&quot;&gt;
																			&lt;td&gt;
																				&lt;img height=&quot;240&quot; src=&quot;http://fusionexcel.com/imgnews/kldance9.jpg&quot; width=&quot;353&quot; /&gt;&lt;/td&gt;
																			&lt;td align=&quot;right&quot;&gt;
																				&lt;img height=&quot;240&quot; src=&quot;http://fusionexcel.com/imgnews/kldance10.jpg&quot; width=&quot;353&quot; /&gt;&lt;/td&gt;
																		&lt;/tr&gt;
																		&lt;tr valign=&quot;top&quot;&gt;
																			&lt;td&gt;
																				&lt;img height=&quot;240&quot; src=&quot;http://fusionexcel.com/imgnews/kldance11.jpg&quot; width=&quot;353&quot; /&gt;&lt;/td&gt;
																			&lt;td align=&quot;right&quot;&gt;
																				&lt;img height=&quot;240&quot; src=&quot;http://fusionexcel.com/imgnews/kldance12.jpg&quot; width=&quot;353&quot; /&gt;&lt;/td&gt;
																		&lt;/tr&gt;
																	&lt;/tbody&gt;
																&lt;/table&gt;
															&lt;/td&gt;
														&lt;/tr&gt;
													&lt;/tbody&gt;
												&lt;/table&gt;
											&lt;/td&gt;
										&lt;/tr&gt;
									&lt;/tbody&gt;
								&lt;/table&gt;
							&lt;/td&gt;
						&lt;/tr&gt;
					&lt;/tbody&gt;
				&lt;/table&gt;
			&lt;/td&gt;
		&lt;/tr&gt;
	&lt;/tbody&gt;
&lt;/table&gt;
&lt;p&gt;
	&amp;nbsp;&lt;/p&gt;
</content><meta><description>FusionExcel recently sponsored the Kuala Lumpur Dance Association Dinner on Sat 20th September 2008.</description><keyword>FusionExcel, KL Dance Association Dinner, Founder Director KS Lee, Presidential Directors KC Phoon and Gavin Lee, leaders Thomas Lee, Marie Lee and Allan Liew.</keyword><robots>all</robots><author>klhunter</author></meta></en><bm><title>FusionExcel Sponsors KL Dance Association Dinner, 20th September 2008!</title><content></content><meta><description>FusionExcel recently sponsored the Kuala Lumpur Dance Association Dinner on Sat 20th September 2008.</description><keyword>FusionExcel, KL Dance Association Dinner, Founder Director KS Lee, Presidential Directors KC Phoon and Gavin Lee, leaders Thomas Lee, Marie Lee and Allan Liew.</keyword><robots>all</robots><author>klhunter</author></meta></bm><chi><title>FusionExcel Sponsors KL Dance Association Dinner, 20th September 2008!</title><content></content><meta><description>FusionExcel recently sponsored the Kuala Lumpur Dance Association Dinner on Sat 20th September 2008.</description><keyword>FusionExcel, KL Dance Association Dinner, Founder Director KS Lee, Presidential Directors KC Phoon and Gavin Lee, leaders Thomas Lee, Marie Lee and Allan Liew.</keyword><robots>all</robots><author>klhunter</author></meta></chi></article>