<?xml version='1.0' encoding='utf-8'?><article><en><title>FE Welcomes QP Wearers, Ray Parlour (former Arsenal soccer star) and Lee Sharpe (former Manchester United soccer star)!</title><content>&lt;table border=&quot;0&quot; cellpadding=&quot;0&quot; cellspacing=&quot;0&quot; width=&quot;100%&quot;&gt;
	&lt;tbody&gt;
		&lt;tr&gt;
			&lt;td valign=&quot;top&quot; width=&quot;740&quot;&gt;
				&lt;table border=&quot;0&quot; cellpadding=&quot;0&quot; cellspacing=&quot;0&quot; width=&quot;100%&quot;&gt;
					&lt;tbody&gt;
						&lt;tr&gt;
							&lt;td bgcolor=&quot;#999999&quot; valign=&quot;top&quot;&gt;
								&lt;table border=&quot;0&quot; cellpadding=&quot;10&quot; cellspacing=&quot;1&quot; width=&quot;100%&quot;&gt;
									&lt;tbody&gt;
										&lt;tr&gt;
											&lt;td bgcolor=&quot;#EEF0FC&quot; height=&quot;943&quot; valign=&quot;top&quot;&gt;
												&lt;table border=&quot;0&quot; cellpadding=&quot;0&quot; cellspacing=&quot;0&quot; width=&quot;100%&quot;&gt;
													&lt;tbody&gt;
														&lt;tr&gt;
															&lt;td class=&quot;content&quot; valign=&quot;top&quot;&gt;
																Former Arsenal soccer star,&amp;nbsp;Ray Parlour and former Manchester United soccer star&amp;nbsp;Lee Sharpe together with Steve Black (Owner of Masters Football International, UK), who were in Manila recently to film and support the &amp;quot;Christmas For Payatas&amp;quot; Charity with FE&amp;#39;s CEO Paul Ting, were shown demonstrations of the power of FE&amp;#39;s Quantum Pendant by FE&amp;#39;s Spokesmen Jean Daniels and Samboy Lim. They were all hugely impressed and could not believe what&amp;nbsp;FE&amp;#39;s QPs can do but&amp;nbsp;seeing is believing&amp;nbsp;and said that FE&amp;#39;s QP has&amp;nbsp;tremendous potential in UK. Ray Parlour&amp;nbsp;even requested for a QP for his Mum which was duly given!&lt;br /&gt;
																&amp;nbsp;&lt;/td&gt;
														&lt;/tr&gt;
														&lt;tr&gt;
															&lt;td class=&quot;content&quot; valign=&quot;top&quot;&gt;
																&lt;table border=&quot;0&quot; cellpadding=&quot;0&quot; cellspacing=&quot;0&quot; width=&quot;100%&quot;&gt;
																	&lt;tbody&gt;
																		&lt;tr align=&quot;center&quot; valign=&quot;top&quot;&gt;
																			&lt;td colspan=&quot;2&quot;&gt;
																				&lt;img height=&quot;450&quot; src=&quot;http://fusionexcel.com/imgnews/ray1.jpg&quot; width=&quot;600&quot; /&gt;&lt;/td&gt;
																		&lt;/tr&gt;
																		&lt;tr valign=&quot;top&quot;&gt;
																			&lt;td&gt;
																				&lt;img height=&quot;270&quot; src=&quot;http://fusionexcel.com/imgnews/ray2.jpg&quot; width=&quot;353&quot; /&gt;&lt;/td&gt;
																			&lt;td align=&quot;right&quot;&gt;
																				&lt;img height=&quot;270&quot; src=&quot;http://fusionexcel.com/imgnews/ray3.jpg&quot; width=&quot;353&quot; /&gt;&lt;/td&gt;
																		&lt;/tr&gt;
																		&lt;tr valign=&quot;top&quot;&gt;
																			&lt;td width=&quot;50%&quot;&gt;
																				&lt;img height=&quot;270&quot; src=&quot;http://fusionexcel.com/imgnews/ray4.jpg&quot; width=&quot;353&quot; /&gt;&lt;/td&gt;
																			&lt;td align=&quot;right&quot;&gt;
																				&lt;img height=&quot;270&quot; src=&quot;http://fusionexcel.com/imgnews/ray5.jpg&quot; width=&quot;353&quot; /&gt;&lt;/td&gt;
																		&lt;/tr&gt;
																		&lt;tr valign=&quot;top&quot;&gt;
																			&lt;td&gt;
																				&lt;img height=&quot;270&quot; src=&quot;http://fusionexcel.com/imgnews/ray6.jpg&quot; width=&quot;353&quot; /&gt;&lt;/td&gt;
																			&lt;td align=&quot;right&quot;&gt;
																				&lt;img height=&quot;270&quot; src=&quot;http://fusionexcel.com/imgnews/ray7.jpg&quot; width=&quot;353&quot; /&gt;&lt;/td&gt;
																		&lt;/tr&gt;
																	&lt;/tbody&gt;
																&lt;/table&gt;
															&lt;/td&gt;
														&lt;/tr&gt;
													&lt;/tbody&gt;
												&lt;/table&gt;
											&lt;/td&gt;
										&lt;/tr&gt;
									&lt;/tbody&gt;
								&lt;/table&gt;
							&lt;/td&gt;
						&lt;/tr&gt;
					&lt;/tbody&gt;
				&lt;/table&gt;
			&lt;/td&gt;
		&lt;/tr&gt;
	&lt;/tbody&gt;
&lt;/table&gt;
&lt;p&gt;
	&amp;nbsp;&lt;/p&gt;
</content><meta><description>Former Arsenal soccer star, Ray Parlour and former Manchester United soccer star Lee Sharpe together with Steve Black (Owner of Masters Football International, UK), who were in Manila recently to film and support the &amp;quot;Christmas For Payatas&amp;quot; Charity with FE's CEO Paul Ting, were shown demonstrations of the power of FE's Quantum Pendant by FE's Spokesmen Jean Daniels and Samboy Lim. They were all hugely impressed and could not believe what FE's QPs can do but seeing is believing and said that FE's QP has tremendous potential in UK. Ray Parlour even requested for a QP for his Mum which was duly given!</description><keyword>FE Welcomes QP Wearers, Ray Parlour (former Arsenal soccer star) and Lee Sharpe (former Manchester United soccer star)!</keyword><robots>all</robots><author>klhunter</author></meta></en><bm><title>FE Welcomes QP Wearers, Ray Parlour (former Arsenal soccer star) and Lee Sharpe (former Manchester United soccer star)!</title><content></content><meta><description>Former Arsenal soccer star, Ray Parlour and former Manchester United soccer star Lee Sharpe together with Steve Black (Owner of Masters Football International, UK), who were in Manila recently to film and support the &amp;quot;Christmas For Payatas&amp;quot; Charity with FE's CEO Paul Ting, were shown demonstrations of the power of FE's Quantum Pendant by FE's Spokesmen Jean Daniels and Samboy Lim. They were all hugely impressed and could not believe what FE's QPs can do but seeing is believing and said that FE's QP has tremendous potential in UK. Ray Parlour even requested for a QP for his Mum which was duly given!</description><keyword>FE Welcomes QP Wearers, Ray Parlour (former Arsenal soccer star) and Lee Sharpe (former Manchester United soccer star)!</keyword><robots>all</robots><author>klhunter</author></meta></bm><chi><title>FE Welcomes QP Wearers, Ray Parlour (former Arsenal soccer star) and Lee Sharpe (former Manchester United soccer star)!</title><content></content><meta><description>Former Arsenal soccer star, Ray Parlour and former Manchester United soccer star Lee Sharpe together with Steve Black (Owner of Masters Football International, UK), who were in Manila recently to film and support the &amp;quot;Christmas For Payatas&amp;quot; Charity with FE's CEO Paul Ting, were shown demonstrations of the power of FE's Quantum Pendant by FE's Spokesmen Jean Daniels and Samboy Lim. They were all hugely impressed and could not believe what FE's QPs can do but seeing is believing and said that FE's QP has tremendous potential in UK. Ray Parlour even requested for a QP for his Mum which was duly given!</description><keyword>FE Welcomes QP Wearers, Ray Parlour (former Arsenal soccer star) and Lee Sharpe (former Manchester United soccer star)!</keyword><robots>all</robots><author>klhunter</author></meta></chi></article>