<?xml version='1.0' encoding='utf-8'?><article><en><title>FE Welcomes QP Wearer, Indonesia Celebrity and Former Miss Indonesia 2002, Melanie Putria!</title><content>&lt;table border=&quot;0&quot; cellpadding=&quot;0&quot; cellspacing=&quot;0&quot; width=&quot;100%&quot;&gt;
	&lt;tbody&gt;
		&lt;tr&gt;
			&lt;td class=&quot;content&quot; valign=&quot;top&quot;&gt;
				&lt;table border=&quot;0&quot; cellpadding=&quot;0&quot; cellspacing=&quot;0&quot; width=&quot;100%&quot;&gt;
					&lt;tbody&gt;
						&lt;tr valign=&quot;top&quot;&gt;
							&lt;td align=&quot;center&quot; height=&quot;10&quot;&gt;
								&lt;img src=&quot;http://fusionexcel.com/imgnews/melanie.jpg&quot; /&gt;&lt;/td&gt;
						&lt;/tr&gt;
					&lt;/tbody&gt;
				&lt;/table&gt;
			&lt;/td&gt;
		&lt;/tr&gt;
	&lt;/tbody&gt;
&lt;/table&gt;
&lt;p&gt;
	&amp;nbsp;&lt;/p&gt;
</content><meta><description>FE Welcomes QP Wearer, Indonesia Celebrity and Former Miss Indonesia 2002, Melanie Putria!</description><keyword>FE Welcomes QP Wearer, Indonesia Celebrity and Former Miss Indonesia 2002, Melanie Putria!</keyword><robots>all</robots><author>klhunter</author></meta></en><bm><title>FE Welcomes QP Wearer, Indonesia Celebrity and Former Miss Indonesia 2002, Melanie Putria!</title><content></content><meta><description>FE Welcomes QP Wearer, Indonesia Celebrity and Former Miss Indonesia 2002, Melanie Putria!</description><keyword>FE Welcomes QP Wearer, Indonesia Celebrity and Former Miss Indonesia 2002, Melanie Putria!</keyword><robots>all</robots><author>klhunter</author></meta></bm><chi><title>FE Welcomes QP Wearer, Indonesia Celebrity and Former Miss Indonesia 2002, Melanie Putria!</title><content></content><meta><description>FE Welcomes QP Wearer, Indonesia Celebrity and Former Miss Indonesia 2002, Melanie Putria!</description><keyword>FE Welcomes QP Wearer, Indonesia Celebrity and Former Miss Indonesia 2002, Melanie Putria!</keyword><robots>all</robots><author>klhunter</author></meta></chi></article>