<?xml version='1.0' encoding='utf-8'?><article><en><title>Watch Video (Bahasa Indonesia) Ade Rai, Champion World Class Indonesian Bodybuilder!</title><content>&lt;table border=&quot;0&quot; cellpadding=&quot;0&quot; cellspacing=&quot;0&quot; width=&quot;100%&quot;&gt;
	&lt;tbody&gt;
		&lt;tr valign=&quot;top&quot;&gt;
			&lt;td align=&quot;center&quot; height=&quot;10&quot;&gt;
				&lt;img src=&quot;http://fusionexcel.com/imgnews/aderai.jpg&quot; /&gt;&lt;/td&gt;
		&lt;/tr&gt;
		&lt;tr valign=&quot;top&quot;&gt;
			&lt;td align=&quot;center&quot; height=&quot;30&quot;&gt;
				&lt;a href=&quot;http://www.youtube.com/watch?v=zIIIJ8rJM5I&quot; target=&quot;_blank&quot;&gt;&amp;lt; Click Here to Watch Video &amp;gt; &lt;/a&gt;&lt;/td&gt;
		&lt;/tr&gt;
	&lt;/tbody&gt;
&lt;/table&gt;
&lt;p&gt;
	&amp;nbsp;&lt;/p&gt;
</content><meta><description>Watch Video (Bahasa Indonesia) Ade Rai, Champion World Class Indonesian Bodybuilder!</description><keyword>Watch Video (Bahasa Indonesia) Ade Rai, Champion World Class Indonesian Bodybuilder!</keyword><robots>all</robots><author>klhunter</author></meta></en><bm><title>Watch Video (Bahasa Indonesia) Ade Rai, Champion World Class Indonesian Bodybuilder!</title><content></content><meta><description>Watch Video (Bahasa Indonesia) Ade Rai, Champion World Class Indonesian Bodybuilder!</description><keyword>Watch Video (Bahasa Indonesia) Ade Rai, Champion World Class Indonesian Bodybuilder!</keyword><robots>all</robots><author>klhunter</author></meta></bm><chi><title>Watch Video (Bahasa Indonesia) Ade Rai, Champion World Class Indonesian Bodybuilder!</title><content></content><meta><description>Watch Video (Bahasa Indonesia) Ade Rai, Champion World Class Indonesian Bodybuilder!</description><keyword>Watch Video (Bahasa Indonesia) Ade Rai, Champion World Class Indonesian Bodybuilder!</keyword><robots>all</robots><author>klhunter</author></meta></chi></article>