<?xml version="1.0" encoding="utf-8"?>
<article><en><title>Congratulations! FusionExcel Team Wins Chess Championship.</title><content>&lt;table border="0" cellpadding="0" cellspacing="0" style="color: rgb(0, 0, 0); font-family: 'Times New Roman'; background-color: rgb(238, 240, 252); font-size: medium; " width="100%"&gt;
	&lt;tbody&gt;
		&lt;tr&gt;
			&lt;td&gt;
				&lt;table border="0" cellpadding="0" cellspacing="0" width="100%"&gt;
					&lt;tbody&gt;
						&lt;tr&gt;
							&lt;td class="content" style="font-family: Verdana, Arial, Helvetica, sans-serif; font-size: 13px; text-align: justify; "&gt;
								Congratulations to the FusionExcel Team, comprising 4 of&amp;nbsp;Malaysia&amp;#39;s top chess players (FM Nicholas Chan, FM Mok Tze Meng, FM Lim Yee Weng and FM Ooi Chern Ee)&amp;nbsp;for winning&amp;nbsp;the Tun Syed Zahiruddin Cup (Open Chess Team Tournament) 2007/2008 ! This prestigious&amp;nbsp;tournament was held on 16 March 2008 at the Dewan Sri Tanjung , Kolej Kediaman Tun Syed Zahiruddin (KK9), Universiti Malaya.&amp;nbsp;&lt;br /&gt;
								&lt;br /&gt;
								Once again, FusionExcel&amp;#39;s Quantum Pendant provides the winning edge!.&lt;br /&gt;
								&amp;nbsp;&lt;/td&gt;
						&lt;/tr&gt;
						&lt;tr&gt;
							&lt;td&gt;
								&lt;table border="0" cellpadding="0" cellspacing="0" width="100%"&gt;
									&lt;tbody&gt;
										&lt;tr valign="top"&gt;
											&lt;td width="50%"&gt;
												&lt;img height="265" src="http://www.fusionexcel.com/imgnews/chess1.jpg" width="354" /&gt;&lt;/td&gt;
											&lt;td align="right"&gt;
												&lt;img height="265" src="http://www.fusionexcel.com/imgnews/chess2.jpg" width="354" /&gt;&lt;/td&gt;
										&lt;/tr&gt;
										&lt;tr valign="top"&gt;
										&lt;/tr&gt;
									&lt;/tbody&gt;
								&lt;/table&gt;
							&lt;/td&gt;
						&lt;/tr&gt;
					&lt;/tbody&gt;
				&lt;/table&gt;
			&lt;/td&gt;
		&lt;/tr&gt;
	&lt;/tbody&gt;
&lt;/table&gt;
</content><meta><description>Congratulations to the FusionExcel Team, comprising 4 of Malaysia's top chess players...</description><keyword>FusionExcel Team wins Chess Championship, Tun Syed Zahiruddin Cup...</keyword><robots>all</robots><author>klhunter</author></meta></en><bm><title>FE Donates RM 5,000.00 to Malaysian Mental Health Association.</title><content></content><meta><description>FusionExcel is proud to donate RM 5,000.00 to support the Malaysian Mental Health Association's (MMHA) Big Walk 2008.</description><keyword>Malaysian Mental Health Association's (MMHA), Big Walk 2008, Paul Ting, Datin Dr. Ang Kim Teng, Yuan Yu Fang, Ms Law, Dataran Padang Petaling Jaya, 19th October 2008</keyword><robots>all</robots><author>klhunter</author></meta></bm><chi><title>FE Donates RM 5,000.00 to Malaysian Mental Health Association.</title><content></content><meta><description>FusionExcel is proud to donate RM 5,000.00 to support the Malaysian Mental Health Association's (MMHA) Big Walk 2008.</description><keyword>Malaysian Mental Health Association's (MMHA), Big Walk 2008, Paul Ting, Datin Dr. Ang Kim Teng, Yuan Yu Fang, Ms Law, Dataran Padang Petaling Jaya, 19th October 2008</keyword><robots>all</robots><author>klhunter</author></meta></chi></article>
