<?xml version='1.0' encoding='utf-8'?><article><en><title>QP Wearers, Indonesian Sports Champions, supports &quot;Christmas For Payatas&quot; Charity!</title><content>&lt;table border=&quot;0&quot; cellpadding=&quot;0&quot; cellspacing=&quot;0&quot; width=&quot;100%&quot;&gt;
	&lt;tbody&gt;
		&lt;tr&gt;
			&lt;td valign=&quot;top&quot; width=&quot;740&quot;&gt;
				&lt;table border=&quot;0&quot; cellpadding=&quot;0&quot; cellspacing=&quot;0&quot; width=&quot;100%&quot;&gt;
					&lt;tbody&gt;
						&lt;tr&gt;
							&lt;td bgcolor=&quot;#999999&quot; valign=&quot;top&quot;&gt;
								&lt;table border=&quot;0&quot; cellpadding=&quot;10&quot; cellspacing=&quot;1&quot; width=&quot;100%&quot;&gt;
									&lt;tbody&gt;
										&lt;tr&gt;
											&lt;td bgcolor=&quot;#EEF0FC&quot; height=&quot;943&quot; valign=&quot;top&quot;&gt;
												&lt;table border=&quot;0&quot; cellpadding=&quot;0&quot; cellspacing=&quot;0&quot; width=&quot;100%&quot;&gt;
													&lt;tbody&gt;
														&lt;tr&gt;
															&lt;td class=&quot;content&quot;&gt;
																FE would like to thank QP Wearers, Indonesian World Class Sports Champions, Rudy Hartono, Susy Susanti, Candra Wijaja and Ade Rai, for supporting the global&amp;nbsp; &amp;quot;Christmas For Payatas&amp;quot; Charity of which FE is a major donor and sponsor.&lt;br /&gt;
																&amp;nbsp;&lt;/td&gt;
														&lt;/tr&gt;
														&lt;tr&gt;
															&lt;td&gt;
																&lt;table border=&quot;0&quot; cellpadding=&quot;0&quot; cellspacing=&quot;0&quot; width=&quot;100%&quot;&gt;
																	&lt;tbody&gt;
																		&lt;tr valign=&quot;top&quot;&gt;
																			&lt;td width=&quot;50%&quot;&gt;
																				&lt;img height=&quot;520&quot; src=&quot;http://fusionexcel.com/imgnews/sportPayatas1.jpg&quot; width=&quot;354&quot; /&gt;&lt;/td&gt;
																			&lt;td align=&quot;right&quot;&gt;
																				&lt;img height=&quot;520&quot; src=&quot;http://fusionexcel.com/imgnews/sportPayatas2.jpg&quot; width=&quot;354&quot; /&gt;&lt;/td&gt;
																		&lt;/tr&gt;
																		&lt;tr valign=&quot;top&quot;&gt;
																			&lt;td&gt;
																				&lt;img height=&quot;520&quot; src=&quot;http://fusionexcel.com/imgnews/sportPayatas3.jpg&quot; width=&quot;354&quot; /&gt;&lt;/td&gt;
																			&lt;td align=&quot;right&quot;&gt;
																				&lt;img height=&quot;520&quot; src=&quot;http://fusionexcel.com/imgnews/sportPayatas4.jpg&quot; width=&quot;354&quot; /&gt;&lt;/td&gt;
																		&lt;/tr&gt;
																	&lt;/tbody&gt;
																&lt;/table&gt;
															&lt;/td&gt;
														&lt;/tr&gt;
													&lt;/tbody&gt;
												&lt;/table&gt;
											&lt;/td&gt;
										&lt;/tr&gt;
									&lt;/tbody&gt;
								&lt;/table&gt;
							&lt;/td&gt;
						&lt;/tr&gt;
					&lt;/tbody&gt;
				&lt;/table&gt;
			&lt;/td&gt;
		&lt;/tr&gt;
	&lt;/tbody&gt;
&lt;/table&gt;
&lt;p&gt;
	&amp;nbsp;&lt;/p&gt;
</content><meta><description>FusionExcel would like to thank Quantum Pendant Wearers, Indonesian World Class Sports Champions for supporting the global &quot;Christmas For Payatas&quot; Charity.</description><keyword>Quantum Pendant Wearer, Christmas For Payatas, Rudy Hartono, Susy Susanti, Candra Wijaja, Ade Rai</keyword><robots>all</robots><author>klhunter</author></meta></en><bm><title>QP Wearers, Indonesian Sports Champions, supports &quot;Christmas For Payatas&quot; Charity!</title><content></content><meta><description>FusionExcel would like to thank Quantum Pendant Wearers, Indonesian World Class Sports Champions for supporting the global &quot;Christmas For Payatas&quot; Charity.</description><keyword>Quantum Pendant Wearer, Christmas For Payatas, Rudy Hartono, Susy Susanti, Candra Wijaja, Ade Rai</keyword><robots>all</robots><author>klhunter</author></meta></bm><chi><title>QP Wearers, Indonesian Sports Champions, supports &quot;Christmas For Payatas&quot; Charity!</title><content></content><meta><description>FusionExcel would like to thank Quantum Pendant Wearers, Indonesian World Class Sports Champions for supporting the global &quot;Christmas For Payatas&quot; Charity.</description><keyword>Quantum Pendant Wearer, Christmas For Payatas, Rudy Hartono, Susy Susanti, Candra Wijaja, Ade Rai</keyword><robots>all</robots><author>klhunter</author></meta></chi></article>