<?xml version='1.0' encoding='utf-8'?><article><en><title>FusionExcel Sponsors RM 5,000 Club Chek Quen Do (Malaysia)!</title><content>&lt;table border=&quot;0&quot; cellpadding=&quot;0&quot; cellspacing=&quot;0&quot; width=&quot;100%&quot;&gt;
	&lt;tbody&gt;
		&lt;tr&gt;
			&lt;td valign=&quot;top&quot; width=&quot;740&quot;&gt;
				&lt;table border=&quot;0&quot; cellpadding=&quot;0&quot; cellspacing=&quot;0&quot; width=&quot;100%&quot;&gt;
					&lt;tbody&gt;
						&lt;tr&gt;
							&lt;td bgcolor=&quot;#999999&quot; valign=&quot;top&quot;&gt;
								&lt;table border=&quot;0&quot; cellpadding=&quot;10&quot; cellspacing=&quot;1&quot; width=&quot;100%&quot;&gt;
									&lt;tbody&gt;
										&lt;tr&gt;
											&lt;td bgcolor=&quot;#EEF0FC&quot; height=&quot;943&quot; valign=&quot;top&quot;&gt;
												&lt;table border=&quot;0&quot; cellpadding=&quot;0&quot; cellspacing=&quot;0&quot; width=&quot;100%&quot;&gt;
													&lt;tbody&gt;
														&lt;tr&gt;
															&lt;td class=&quot;content&quot;&gt;
																FusionExcel is proud to sponsor RM 5,000 to support Club Chek Quen Do (Malaysia). Chek Quen Do (CQD) is a modern martial art of self-defense, which lays emphasis on both arts and morality. It is simple, easy to learn and practical. CQD is a mixture of various martial arts essences as well as the practical experiences of its founder. With the uniqueness of it&amp;#39;s own systematic education and management system, CQD is established to deliver useful, practical and simple art of self-defense.&lt;br /&gt;
																&lt;br /&gt;
																CQD focuses on techniques that are easy to master and proven practical in defending personal safety regardless of physical strength and environmental conditions. In practice, CQD stresses externally on drilling the veins, bones and skin and internally on art drills for spirit, breath and stamina. CQD also emphasize on morality values by creating a culture of loyalty, respect, wisdom, trustworthiness, kindheartedness, strictness and courage.&lt;br /&gt;
																&amp;nbsp;&lt;/td&gt;
														&lt;/tr&gt;
														&lt;tr&gt;
															&lt;td&gt;
																&lt;table border=&quot;0&quot; cellpadding=&quot;0&quot; cellspacing=&quot;0&quot; class=&quot;content&quot; width=&quot;100%&quot;&gt;
																	&lt;tbody&gt;
																		&lt;tr&gt;
																			&lt;td align=&quot;center&quot; colspan=&quot;2&quot; height=&quot;226&quot; valign=&quot;top&quot;&gt;
																				&lt;img height=&quot;488&quot; src=&quot;http://fusionexcel.com/imgnews/chek1.jpg&quot; width=&quot;650&quot; /&gt;&lt;/td&gt;
																		&lt;/tr&gt;
																		&lt;tr&gt;
																			&lt;td align=&quot;left&quot; height=&quot;224&quot; valign=&quot;top&quot;&gt;
																				&lt;img height=&quot;260&quot; src=&quot;http://fusionexcel.com/imgnews/chek2.jpg&quot; width=&quot;353&quot; /&gt;&lt;/td&gt;
																			&lt;td align=&quot;right&quot; valign=&quot;top&quot;&gt;
																				&lt;img height=&quot;260&quot; src=&quot;http://fusionexcel.com/imgnews/chek3.jpg&quot; width=&quot;353&quot; /&gt;&lt;/td&gt;
																		&lt;/tr&gt;
																		&lt;tr&gt;
																			&lt;td height=&quot;10&quot;&gt;
																				&amp;nbsp;&lt;/td&gt;
																			&lt;td&gt;
																				&amp;nbsp;&lt;/td&gt;
																		&lt;/tr&gt;
																	&lt;/tbody&gt;
																&lt;/table&gt;
															&lt;/td&gt;
														&lt;/tr&gt;
													&lt;/tbody&gt;
												&lt;/table&gt;
											&lt;/td&gt;
										&lt;/tr&gt;
									&lt;/tbody&gt;
								&lt;/table&gt;
							&lt;/td&gt;
						&lt;/tr&gt;
					&lt;/tbody&gt;
				&lt;/table&gt;
			&lt;/td&gt;
		&lt;/tr&gt;
	&lt;/tbody&gt;
&lt;/table&gt;
&lt;p&gt;
	&amp;nbsp;&lt;/p&gt;
</content><meta><description>FusionExcel is proud to sponsor RM 5,000 to support Club Chek Quen Do (Malaysia). Chek Quen Do (CQD) is a modern martial art for self-defense...</description><keyword>FusionExcel Sponsors RM 5,000 Club Chek Quen Do (Malaysia), CQD, modern martial art, self defense, arts and morality, practical experiences, martial arts essences, practical experiences,  defending personal safety, drilling the veins, bones and skins, spirit, breath and stamina, loyalty respect, wisdom, trustworthiness, kindheartedness, strictness and courage...</keyword><robots>all</robots><author>klhunter</author></meta></en><bm><title>FusionExcel Sponsors RM 5,000 Club Chek Quen Do (Malaysia)!</title><content></content><meta><description>FusionExcel is proud to sponsor RM 5,000 to support Club Chek Quen Do (Malaysia). Chek Quen Do (CQD) is a modern martial art for self-defense...</description><keyword>FusionExcel Sponsors RM 5,000 Club Chek Quen Do (Malaysia), CQD, modern martial art, self defense, arts and morality, practical experiences, martial arts essences, practical experiences,  defending personal safety, drilling the veins, bones and skins, spirit, breath and stamina, loyalty respect, wisdom, trustworthiness, kindheartedness, strictness and courage...</keyword><robots>all</robots><author>klhunter</author></meta></bm><chi><title>FusionExcel Sponsors RM 5,000 Club Chek Quen Do (Malaysia)!</title><content></content><meta><description>FusionExcel is proud to sponsor RM 5,000 to support Club Chek Quen Do (Malaysia). Chek Quen Do (CQD) is a modern martial art for self-defense...</description><keyword>FusionExcel Sponsors RM 5,000 Club Chek Quen Do (Malaysia), CQD, modern martial art, self defense, arts and morality, practical experiences, martial arts essences, practical experiences,  defending personal safety, drilling the veins, bones and skins, spirit, breath and stamina, loyalty respect, wisdom, trustworthiness, kindheartedness, strictness and courage...</keyword><robots>all</robots><author>klhunter</author></meta></chi></article>