<?xml version='1.0' encoding='utf-8'?><article><en><title>FE Philippines Achievers Recognition Dinner, 08th November 2008.</title><content>&lt;table border=&quot;0&quot; cellpadding=&quot;0&quot; cellspacing=&quot;0&quot; width=&quot;100%&quot;&gt;
	&lt;tbody&gt;
		&lt;tr&gt;
			&lt;td align=&quot;center&quot; valign=&quot;top&quot;&gt;
				&lt;img src=&quot;http://fusionexcel.com/imgnews/dinner0811.jpg&quot; /&gt;&lt;/td&gt;
		&lt;/tr&gt;
		&lt;tr&gt;
			&lt;td align=&quot;center&quot; valign=&quot;top&quot;&gt;
				&lt;br /&gt;
				&lt;a href=&quot;http://fusionexcel.com/upnews_main.html&quot;&gt;&amp;lt;Back To Summary&amp;gt;&lt;/a&gt;&lt;/td&gt;
		&lt;/tr&gt;
	&lt;/tbody&gt;
&lt;/table&gt;
&lt;p&gt;
	&amp;nbsp;&lt;/p&gt;
</content><meta><description>FE Philippines Achievers Recognition Dinner, 8th November 2008</description><keyword>FE Philippines Achievers Recognition Dinner, 08th November 2008.</keyword><robots>all</robots><author>klhunter</author></meta></en><bm><title>FE Philippines Achievers Recognition Dinner, 08th November 2008.</title><content></content><meta><description>FE Philippines Achievers Recognition Dinner, 8th November 2008</description><keyword>FE Philippines Achievers Recognition Dinner, 08th November 2008.</keyword><robots>all</robots><author>klhunter</author></meta></bm><chi><title>FE Philippines Achievers Recognition Dinner, 08th November 2008.</title><content></content><meta><description>FE Philippines Achievers Recognition Dinner, 8th November 2008</description><keyword>FE Philippines Achievers Recognition Dinner, 08th November 2008.</keyword><robots>all</robots><author>klhunter</author></meta></chi></article>