<?xml version='1.0' encoding='utf-8'?><article><en><title>Watch TV3 &amp; NTV7 News Video Finals FE Long Drive Golf Challenge!</title><content>&lt;table border=&quot;0&quot; cellpadding=&quot;0&quot; cellspacing=&quot;0&quot; width=&quot;100%&quot;&gt;
	&lt;tbody&gt;
		&lt;tr&gt;
			&lt;td align=&quot;center&quot; valign=&quot;top&quot;&gt;
				&lt;img src=&quot;http://fusionexcel.com/imgnews/tv3.jpg&quot; /&gt;&lt;/td&gt;
		&lt;/tr&gt;
		&lt;tr&gt;
			&lt;td align=&quot;center&quot; valign=&quot;top&quot;&gt;
				&lt;a href=&quot;http://au.youtube.com/watch?v=Teq5Fv2TGlo&quot; target=&quot;_blank&quot;&gt;&amp;lt; Click Here To Watch Video&amp;gt; &lt;/a&gt;&lt;/td&gt;
		&lt;/tr&gt;
	&lt;/tbody&gt;
&lt;/table&gt;
&lt;p&gt;
	&amp;nbsp;&lt;/p&gt;
</content><meta><description>Watch TV3 &amp;amp; NTV7 News Video Finals FE Long Drive Golf Challenge!</description><keyword>Watch TV3 &amp;amp; NTV7 News Video Finals FE Long Drive Golf Challenge!</keyword><robots>all</robots><author>klhunter</author></meta></en><bm><title>Watch TV3 &amp; NTV7 News Video Finals FE Long Drive Golf Challenge!</title><content></content><meta><description>Watch TV3 &amp;amp; NTV7 News Video Finals FE Long Drive Golf Challenge!</description><keyword>Watch TV3 &amp;amp; NTV7 News Video Finals FE Long Drive Golf Challenge!</keyword><robots>all</robots><author>klhunter</author></meta></bm><chi><title>Watch TV3 &amp; NTV7 News Video Finals FE Long Drive Golf Challenge!</title><content></content><meta><description>Watch TV3 &amp;amp; NTV7 News Video Finals FE Long Drive Golf Challenge!</description><keyword>Watch TV3 &amp;amp; NTV7 News Video Finals FE Long Drive Golf Challenge!</keyword><robots>all</robots><author>klhunter</author></meta></chi></article>