<?xml version='1.0' encoding='utf-8'?><article><en><title>FE's Long Drive Golf Challenge Saujana, 04th November 2008.</title><content>&lt;table border=&quot;0&quot; cellpadding=&quot;0&quot; cellspacing=&quot;0&quot; width=&quot;100%&quot;&gt;
	&lt;tbody&gt;
		&lt;tr&gt;
			&lt;td class=&quot;content&quot; valign=&quot;top&quot;&gt;
				Our final qualifying brought out all the big guns. As the popularity grew and the word spread after our successful first 3 qualifying in Penang, Johor Bahru and KGSAAS, we had people lining up before the event started.&lt;br /&gt;
				&lt;br /&gt;
				The Amateurs finally got to strut their stuff against some of Malaysia&amp;rsquo;s top professionals including Rizam Ali, Hanafiah Jamil, Mohd Paizal Bee, Mohd Zurie, Mohd Khairul, Nazri B Najid, Zamri Sariff, Mohd Rusli Johari. But it were the Amateurs who were not intimidated by the Pros and soon they dominated the leader board.&lt;br /&gt;
				&lt;br /&gt;
				For the first time we had so many people lining up we had to have 2 people on the tee at once. Even with a 2 hours rain delay no one left. So with record entrance and over 1000 people coming to the event the FusionExcel Long Drive Challenge was really ready for its Finals on the 05th November 2008.&lt;/td&gt;
		&lt;/tr&gt;
		&lt;tr&gt;
			&lt;td class=&quot;content&quot; valign=&quot;top&quot;&gt;
				&lt;table border=&quot;0&quot; cellpadding=&quot;0&quot; cellspacing=&quot;0&quot; width=&quot;100%&quot;&gt;
					&lt;tbody&gt;
						&lt;tr valign=&quot;top&quot;&gt;
							&lt;td&gt;
								&lt;img height=&quot;510&quot; src=&quot;http://fusionexcel.com/imgnews/saujana1.jpg&quot; width=&quot;353&quot; /&gt;&lt;/td&gt;
							&lt;td align=&quot;right&quot;&gt;
								&lt;img height=&quot;510&quot; src=&quot;http://fusionexcel.com/imgnews/saujana2.jpg&quot; width=&quot;353&quot; /&gt;&lt;/td&gt;
						&lt;/tr&gt;
						&lt;tr valign=&quot;top&quot;&gt;
							&lt;td width=&quot;50%&quot;&gt;
								&lt;img height=&quot;240&quot; src=&quot;http://fusionexcel.com/imgnews/saujana3.jpg&quot; width=&quot;353&quot; /&gt;&lt;/td&gt;
							&lt;td align=&quot;right&quot;&gt;
								&lt;img height=&quot;240&quot; src=&quot;http://fusionexcel.com/imgnews/saujana4.jpg&quot; width=&quot;353&quot; /&gt;&lt;/td&gt;
						&lt;/tr&gt;
						&lt;tr valign=&quot;top&quot;&gt;
							&lt;td&gt;
								&lt;img height=&quot;240&quot; src=&quot;http://fusionexcel.com/imgnews/saujana5.jpg&quot; width=&quot;353&quot; /&gt;&lt;/td&gt;
							&lt;td align=&quot;right&quot;&gt;
								&lt;img height=&quot;240&quot; src=&quot;http://fusionexcel.com/imgnews/saujana6.jpg&quot; width=&quot;353&quot; /&gt;&lt;/td&gt;
						&lt;/tr&gt;
						&lt;tr valign=&quot;top&quot;&gt;
							&lt;td&gt;
								&lt;img height=&quot;240&quot; src=&quot;http://fusionexcel.com/imgnews/saujana7.jpg&quot; width=&quot;353&quot; /&gt;&lt;/td&gt;
							&lt;td align=&quot;right&quot;&gt;
								&lt;img height=&quot;240&quot; src=&quot;http://fusionexcel.com/imgnews/saujana8.jpg&quot; width=&quot;353&quot; /&gt;&lt;/td&gt;
						&lt;/tr&gt;
						&lt;tr valign=&quot;top&quot;&gt;
							&lt;td&gt;
								&lt;img height=&quot;240&quot; src=&quot;http://fusionexcel.com/imgnews/saujana9.jpg&quot; width=&quot;353&quot; /&gt;&lt;/td&gt;
							&lt;td align=&quot;left&quot;&gt;
								&amp;nbsp;&lt;img height=&quot;240&quot; src=&quot;http://fusionexcel.com/imgnews/saujana10.jpg&quot; width=&quot;200&quot; /&gt;&lt;/td&gt;
						&lt;/tr&gt;
						&lt;tr valign=&quot;top&quot;&gt;
						&lt;/tr&gt;
					&lt;/tbody&gt;
				&lt;/table&gt;
			&lt;/td&gt;
		&lt;/tr&gt;
	&lt;/tbody&gt;
&lt;/table&gt;
&lt;p&gt;
	&amp;nbsp;&lt;/p&gt;
</content><meta><description>Our final qualifying brought out all the big guns. As the popularity grew and the word spread after our successful first 3 qualifying in Penang, Johor Bahru and KGSAAS, we had people lining up before the event started.

The Amateurs finally got to strut their stuff against some of Malaysia&amp;rsquo;s top professionals including Rizam Ali, Hanafiah Jamil, Mohd Paizal Bee, Mohd Zurie, Mohd Khairul, Nazri B Najid, Zamri Sariff, Mohd Rusli Johari. But it were the Amateurs who were not intimidated by the Pros and soon they dominated the leader board.

For the first time we had so many people lining up we had to have 2 people on the tee at once. Even with a 2 hours rain delay no one left. So with record entrance and over 1000 people coming to the event the Fusion Excel Long Drive Challenge was really ready for its finals on the 5th November 2008.</description><keyword>FE's Long Drive Golf Challenge Saujana, 04th November 2008.</keyword><robots>all</robots><author>klhunter</author></meta></en><bm><title>FE's Long Drive Golf Challenge Saujana, 04th November 2008.</title><content></content><meta><description>Our final qualifying brought out all the big guns. As the popularity grew and the word spread after our successful first 3 qualifying in Penang, Johor Bahru and KGSAAS, we had people lining up before the event started.

The Amateurs finally got to strut their stuff against some of Malaysia&amp;rsquo;s top professionals including Rizam Ali, Hanafiah Jamil, Mohd Paizal Bee, Mohd Zurie, Mohd Khairul, Nazri B Najid, Zamri Sariff, Mohd Rusli Johari. But it were the Amateurs who were not intimidated by the Pros and soon they dominated the leader board.

For the first time we had so many people lining up we had to have 2 people on the tee at once. Even with a 2 hours rain delay no one left. So with record entrance and over 1000 people coming to the event the Fusion Excel Long Drive Challenge was really ready for its finals on the 5th November 2008.</description><keyword>FE's Long Drive Golf Challenge Saujana, 04th November 2008.</keyword><robots>all</robots><author>klhunter</author></meta></bm><chi><title>FE's Long Drive Golf Challenge Saujana, 04th November 2008.</title><content></content><meta><description>Our final qualifying brought out all the big guns. As the popularity grew and the word spread after our successful first 3 qualifying in Penang, Johor Bahru and KGSAAS, we had people lining up before the event started.

The Amateurs finally got to strut their stuff against some of Malaysia&amp;rsquo;s top professionals including Rizam Ali, Hanafiah Jamil, Mohd Paizal Bee, Mohd Zurie, Mohd Khairul, Nazri B Najid, Zamri Sariff, Mohd Rusli Johari. But it were the Amateurs who were not intimidated by the Pros and soon they dominated the leader board.

For the first time we had so many people lining up we had to have 2 people on the tee at once. Even with a 2 hours rain delay no one left. So with record entrance and over 1000 people coming to the event the Fusion Excel Long Drive Challenge was really ready for its finals on the 5th November 2008.</description><keyword>FE's Long Drive Golf Challenge Saujana, 04th November 2008.</keyword><robots>all</robots><author>klhunter</author></meta></chi></article>