<?xml version='1.0' encoding='utf-8'?><article><en><title>FE Welcomes Quantum Pendant Wearer And Endorser Filipino Superstar Rhian Ramos! </title><content>&lt;p&gt;
	&lt;img height=&quot;334&quot; src=&quot;http://fusionexcel.com/imgnews/vip_Rhian.jpg&quot; width=&quot;500&quot; /&gt;&lt;/p&gt;
</content><meta><description>FE Welcomes QP Wearer And Endorser Filipino Superstar Rhian Ramos! </description><keyword>Dinner, Malaysia, Laos, Miss Malaysia, Natasha, FE, Directors, Mock Cheque</keyword><robots>all</robots><author>klhunter</author></meta></en><bm><title>FE Welcomes Quantum Pendant Wearer And Endorser Filipino Superstar Rhian Ramos! </title><content></content><meta><description>FE Welcomes QP Wearer And Endorser Filipino Superstar Rhian Ramos! </description><keyword>Dinner, Malaysia, Laos, Miss Malaysia, Natasha, FE, Directors, Mock Cheque</keyword><robots>all</robots><author>klhunter</author></meta></bm><chi><title>FE Welcomes Quantum Pendant Wearer And Endorser Filipino Superstar Rhian Ramos! </title><content></content><meta><description>FE Welcomes QP Wearer And Endorser Filipino Superstar Rhian Ramos! </description><keyword>Dinner, Malaysia, Laos, Miss Malaysia, Natasha, FE, Directors, Mock Cheque</keyword><robots>all</robots><author>klhunter</author></meta></chi></article>