<?xml version='1.0' encoding='utf-8'?><article><en><title>FE Welcomes QP Wearer, LTO Chief of Philippines, Mr Bert Suansing!</title><content>&lt;table border=&quot;0&quot; cellpadding=&quot;0&quot; cellspacing=&quot;0&quot; width=&quot;100%&quot;&gt;
	&lt;tbody&gt;
		&lt;tr&gt;
			&lt;td valign=&quot;top&quot; width=&quot;740&quot;&gt;
				&lt;table border=&quot;0&quot; cellpadding=&quot;0&quot; cellspacing=&quot;0&quot; width=&quot;100%&quot;&gt;
					&lt;tbody&gt;
						&lt;tr&gt;
							&lt;td bgcolor=&quot;#999999&quot; valign=&quot;top&quot;&gt;
								&lt;table border=&quot;0&quot; cellpadding=&quot;10&quot; cellspacing=&quot;1&quot; width=&quot;100%&quot;&gt;
									&lt;tbody&gt;
										&lt;tr&gt;
											&lt;td bgcolor=&quot;#EEF0FC&quot; height=&quot;943&quot; valign=&quot;top&quot;&gt;
												&lt;table border=&quot;0&quot; cellpadding=&quot;0&quot; cellspacing=&quot;0&quot; width=&quot;100%&quot;&gt;
													&lt;tbody&gt;
														&lt;tr&gt;
															&lt;td class=&quot;content&quot; valign=&quot;top&quot;&gt;
																Earlier this month (November) in Manila, FE leader Kenneth Lee had the opportunity of presenting the wonderful qualities of Fusion Excel International&amp;#39;s Quantum Pendant to the Chief of the Land Transport Office of the Philippines, Mr Bert Suansing. A speechless Mr Suansing experienced personally the instant and powerful effects of the Quantum Pendant on his balance, strength and flexibility. A keen golfer, Mr Suansing duly and without hesitation availed for himself a set of pendants! We wish Mr Bert Suansing all the very best and welcome him to a new world of health benefits with FE&amp;#39;s Scalar Energy Quantum Pendant!&lt;br /&gt;
																&amp;nbsp;&lt;/td&gt;
														&lt;/tr&gt;
														&lt;tr&gt;
															&lt;td align=&quot;center&quot; class=&quot;smallcont&quot; valign=&quot;top&quot;&gt;
																&lt;img height=&quot;375&quot; src=&quot;http://fusionexcel.com/imgnews/news_chief01.jpg&quot; width=&quot;500&quot; /&gt;&lt;br /&gt;
																&lt;br /&gt;
																&lt;img height=&quot;375&quot; src=&quot;http://fusionexcel.com/imgnews/news_chief02.jpg&quot; width=&quot;500&quot; /&gt;&lt;br /&gt;
																&lt;br /&gt;
																&lt;img height=&quot;667&quot; src=&quot;http://fusionexcel.com/imgnews/news_chief03.jpg&quot; width=&quot;500&quot; /&gt;&lt;br /&gt;
																&lt;br /&gt;
																&lt;img height=&quot;375&quot; src=&quot;http://fusionexcel.com/imgnews/news_chief04.jpg&quot; width=&quot;500&quot; /&gt;&lt;br /&gt;
																&lt;br /&gt;
																&lt;img height=&quot;667&quot; src=&quot;http://fusionexcel.com/imgnews/news_chief05.jpg&quot; width=&quot;500&quot; /&gt;&lt;/td&gt;
														&lt;/tr&gt;
													&lt;/tbody&gt;
												&lt;/table&gt;
											&lt;/td&gt;
										&lt;/tr&gt;
									&lt;/tbody&gt;
								&lt;/table&gt;
							&lt;/td&gt;
						&lt;/tr&gt;
					&lt;/tbody&gt;
				&lt;/table&gt;
			&lt;/td&gt;
		&lt;/tr&gt;
	&lt;/tbody&gt;
&lt;/table&gt;
&lt;p&gt;
	&amp;nbsp;&lt;/p&gt;
</content><meta><description>Earlier this month (November) in Manila, FE leader Kenneth Lee had the opportunity of presenting the wonderful qualities of Fusion Excel International's Quantum Pendant to the Chief of the Land Transport Office of the Philippines, Mr Bert Suansing. A speechless Mr Suansing experienced personally the instant and powerful effects of the Quantum Pendant on his balance, strength and flexibility. A keen golfer, Mr Suansing duly and without hesitation availed for himself a set of pendants! We wish Mr Bert Suansing all the very best and welcome him to a new world of health benefits with FE's Scalar Energy Quantum Pendant!</description><keyword>FE Welcomes QP Wearer, LTO Chief of Philippines, Mr Bert Suansing!</keyword><robots>all</robots><author>klhunter</author></meta></en><bm><title>FE Welcomes QP Wearer, LTO Chief of Philippines, Mr Bert Suansing!</title><content></content><meta><description>Earlier this month (November) in Manila, FE leader Kenneth Lee had the opportunity of presenting the wonderful qualities of Fusion Excel International's Quantum Pendant to the Chief of the Land Transport Office of the Philippines, Mr Bert Suansing. A speechless Mr Suansing experienced personally the instant and powerful effects of the Quantum Pendant on his balance, strength and flexibility. A keen golfer, Mr Suansing duly and without hesitation availed for himself a set of pendants! We wish Mr Bert Suansing all the very best and welcome him to a new world of health benefits with FE's Scalar Energy Quantum Pendant!</description><keyword>FE Welcomes QP Wearer, LTO Chief of Philippines, Mr Bert Suansing!</keyword><robots>all</robots><author>klhunter</author></meta></bm><chi><title>FE Welcomes QP Wearer, LTO Chief of Philippines, Mr Bert Suansing!</title><content></content><meta><description>Earlier this month (November) in Manila, FE leader Kenneth Lee had the opportunity of presenting the wonderful qualities of Fusion Excel International's Quantum Pendant to the Chief of the Land Transport Office of the Philippines, Mr Bert Suansing. A speechless Mr Suansing experienced personally the instant and powerful effects of the Quantum Pendant on his balance, strength and flexibility. A keen golfer, Mr Suansing duly and without hesitation availed for himself a set of pendants! We wish Mr Bert Suansing all the very best and welcome him to a new world of health benefits with FE's Scalar Energy Quantum Pendant!</description><keyword>FE Welcomes QP Wearer, LTO Chief of Philippines, Mr Bert Suansing!</keyword><robots>all</robots><author>klhunter</author></meta></chi></article>