<?xml version='1.0' encoding='utf-8'?><article><en><title>Christmas For Payatas Charity Drive, of Which FE is a Major Donor and Sponsor is Featured in Malaysia Central. Malaysia Central is One The Largest News Portal in Malaysia. It is Very Gratifying to See More and More People Helping to Promote this Good Caus</title><content>&lt;p&gt;
	&lt;br /&gt;
	&lt;img border=&quot;0&quot; height=&quot;2347&quot; href=&quot;http://www.christmasforpayatas.com&quot; src=&quot;http://fusionexcel.com/imgnews/char_msiacentral.jpg&quot; usemap=&quot;#payatas&quot; width=&quot;700&quot; /&gt;&lt;/p&gt;
</content><meta><description>Christmas For Payatas Charity Drive, where FusionExcel is a Major Donor and Sponsor is Featured in Malaysia Central, One Of The Largest News Portal in Malaysia.</description><keyword>Christmas For Payatas, Malaysia Central, Largest News Portal</keyword><robots>all</robots><author>klhunter</author></meta></en><bm><title>Christmas For Payatas Charity Drive, of Which FE is a Major Donor and Sponsor is Featured in Malaysia Central. Malaysia Central is One The Largest News Portal in Malaysia. It is Very Gratifying to See More and More People Helping to Promote this Good Caus</title><content></content><meta><description>Christmas For Payatas Charity Drive, where FusionExcel is a Major Donor and Sponsor is Featured in Malaysia Central, One Of The Largest News Portal in Malaysia.</description><keyword>Christmas For Payatas, Malaysia Central, Largest News Portal</keyword><robots>all</robots><author>klhunter</author></meta></bm><chi><title>Christmas For Payatas Charity Drive, of Which FE is a Major Donor and Sponsor is Featured in Malaysia Central. Malaysia Central is One The Largest News Portal in Malaysia. It is Very Gratifying to See More and More People Helping to Promote this Good Caus</title><content></content><meta><description>Christmas For Payatas Charity Drive, where FusionExcel is a Major Donor and Sponsor is Featured in Malaysia Central, One Of The Largest News Portal in Malaysia.</description><keyword>Christmas For Payatas, Malaysia Central, Largest News Portal</keyword><robots>all</robots><author>klhunter</author></meta></chi></article>