<?xml version='1.0' encoding='utf-8'?><article><en><title>FE Expands in Egypt!</title><content>&lt;p&gt;
	QP Wearer, Champion Squash Player,Low Wee Wern with FE stockiest, Mr. Waleed Eldebaby in Egypt.&lt;br /&gt;
	Low Wee Wern was in Cairo as part of the Malaysian National Team for the Squash World Championships.&lt;br /&gt;
	&lt;br /&gt;
	&lt;img height=&quot;375&quot; src=&quot;http://fusionexcel.com/imgnews/news_egypt.jpg&quot; width=&quot;500&quot; /&gt;&lt;/p&gt;
</content><meta><description>QP Wearer, Champion Squash player,Low Wee Wern with FE stockist, Mr. Waleed Eldebaby in Egypt. Low Wee Wern was in Cairo as part of the Malaysian National Team for the Squash World Championships.</description><keyword>FE Expands in Egypt!
</keyword><robots>all</robots><author>klhunter</author></meta></en><bm><title>FE Expands in Egypt!</title><content></content><meta><description>QP Wearer, Champion Squash player,Low Wee Wern with FE stockist, Mr. Waleed Eldebaby in Egypt. Low Wee Wern was in Cairo as part of the Malaysian National Team for the Squash World Championships.</description><keyword>FE Expands in Egypt!
</keyword><robots>all</robots><author>klhunter</author></meta></bm><chi><title>FE Expands in Egypt!</title><content></content><meta><description>QP Wearer, Champion Squash player,Low Wee Wern with FE stockist, Mr. Waleed Eldebaby in Egypt. Low Wee Wern was in Cairo as part of the Malaysian National Team for the Squash World Championships.</description><keyword>FE Expands in Egypt!
</keyword><robots>all</robots><author>klhunter</author></meta></chi></article>