<?xml version='1.0' encoding='utf-8'?><article><en><title>FE Welcomes QP Wearer, Faye Ho, Macau Celebrity and Granddaughter of Macau Casino Tycoon Stanley Ho.</title><content>&lt;p&gt;
	&lt;img height=&quot;336&quot; src=&quot;http://fusionexcel.com/imgnews/news_fayeho.jpg&quot; width=&quot;448&quot; /&gt;&lt;/p&gt;
</content><meta><description>FE Welcomes QP Wearer, Faye Ho, Macau Celebrity and Granddaughter of Macau Casino Tycoon Stanley Ho</description><keyword>FE Welcomes QP Wearer, Faye Ho, Macau Celebrity and Granddaughter of Macau Casino Tycoon Stanley Ho.</keyword><robots>all</robots><author>klhunter</author></meta></en><bm><title>FE Welcomes QP Wearer, Faye Ho, Macau Celebrity and Granddaughter of Macau Casino Tycoon Stanley Ho.</title><content></content><meta><description>FE Welcomes QP Wearer, Faye Ho, Macau Celebrity and Granddaughter of Macau Casino Tycoon Stanley Ho</description><keyword>FE Welcomes QP Wearer, Faye Ho, Macau Celebrity and Granddaughter of Macau Casino Tycoon Stanley Ho.</keyword><robots>all</robots><author>klhunter</author></meta></bm><chi><title>FE Welcomes QP Wearer, Faye Ho, Macau Celebrity and Granddaughter of Macau Casino Tycoon Stanley Ho.</title><content></content><meta><description>FE Welcomes QP Wearer, Faye Ho, Macau Celebrity and Granddaughter of Macau Casino Tycoon Stanley Ho</description><keyword>FE Welcomes QP Wearer, Faye Ho, Macau Celebrity and Granddaughter of Macau Casino Tycoon Stanley Ho.</keyword><robots>all</robots><author>klhunter</author></meta></chi></article>