<?xml version='1.0' encoding='utf-8'?><article><en><title>School of Networking (SON3) Mandarin, 11th &amp; 12th December 2008</title><content>&lt;p&gt;
	&lt;br /&gt;
	&lt;img border=&quot;0&quot; height=&quot;424&quot; src=&quot;http://fusionexcel.com/imgnews/news_son3.jpg&quot; width=&quot;600&quot; /&gt;&lt;/p&gt;
</content><meta><description>School of Networking (SON3) Mandarin, 11th &amp;amp; 12th December 2008</description><keyword>School of Networking (SON3) Mandarin, 11th &amp; 12th December 2008</keyword><robots>all</robots><author>klhunter</author></meta></en><bm><title>School of Networking (SON3) Mandarin, 11th &amp; 12th December 2008</title><content></content><meta><description>School of Networking (SON3) Mandarin, 11th &amp;amp; 12th December 2008</description><keyword>School of Networking (SON3) Mandarin, 11th &amp; 12th December 2008</keyword><robots>all</robots><author>klhunter</author></meta></bm><chi><title>School of Networking (SON3) Mandarin, 11th &amp; 12th December 2008</title><content></content><meta><description>School of Networking (SON3) Mandarin, 11th &amp;amp; 12th December 2008</description><keyword>School of Networking (SON3) Mandarin, 11th &amp; 12th December 2008</keyword><robots>all</robots><author>klhunter</author></meta></chi></article>