<?xml version='1.0' encoding='utf-8'?><article><en><title>Dr Emoto in Malay Mail</title><content>&lt;table border=&quot;0&quot; cellpadding=&quot;0&quot; cellspacing=&quot;0&quot; width=&quot;100%&quot;&gt;
	&lt;tbody&gt;
		&lt;tr&gt;
			&lt;td valign=&quot;top&quot; width=&quot;740&quot;&gt;
				&lt;table border=&quot;0&quot; cellpadding=&quot;0&quot; cellspacing=&quot;0&quot; width=&quot;100%&quot;&gt;
					&lt;tbody&gt;
						&lt;tr&gt;
							&lt;td bgcolor=&quot;#999999&quot; valign=&quot;top&quot;&gt;
								&lt;table border=&quot;0&quot; cellpadding=&quot;10&quot; cellspacing=&quot;1&quot; width=&quot;100%&quot;&gt;
									&lt;tbody&gt;
										&lt;tr&gt;
											&lt;td bgcolor=&quot;#EEF0FC&quot; height=&quot;943&quot; valign=&quot;top&quot;&gt;
												&lt;table border=&quot;0&quot; cellpadding=&quot;0&quot; cellspacing=&quot;0&quot; width=&quot;100%&quot;&gt;
													&lt;tbody&gt;
														&lt;tr&gt;
															&lt;td class=&quot;conthead&quot; style=&quot;text-align:justify&quot; valign=&quot;top&quot;&gt;
																&amp;nbsp;&lt;/td&gt;
														&lt;/tr&gt;
														&lt;tr&gt;
															&lt;td class=&quot;conthead&quot; valign=&quot;top&quot;&gt;
																&lt;img class=&quot;content&quot; height=&quot;1602&quot; src=&quot;http://fusionexcel.com/imgnews/news_emoto_malaymail.jpg&quot; width=&quot;718&quot; /&gt;&lt;/td&gt;
														&lt;/tr&gt;
													&lt;/tbody&gt;
												&lt;/table&gt;
											&lt;/td&gt;
										&lt;/tr&gt;
									&lt;/tbody&gt;
								&lt;/table&gt;
							&lt;/td&gt;
						&lt;/tr&gt;
					&lt;/tbody&gt;
				&lt;/table&gt;
			&lt;/td&gt;
		&lt;/tr&gt;
	&lt;/tbody&gt;
&lt;/table&gt;
&lt;p&gt;
	&amp;nbsp;&lt;/p&gt;
</content><meta><description>Dr Emoto in Malay Mail</description><keyword>Dr Emoto in Malay Mail</keyword><robots>all</robots><author>klhunter</author></meta></en><bm><title>Dr Emoto in Malay Mail</title><content></content><meta><description>Dr Emoto in Malay Mail</description><keyword>Dr Emoto in Malay Mail</keyword><robots>all</robots><author>klhunter</author></meta></bm><chi><title>Dr Emoto in Malay Mail</title><content></content><meta><description>Dr Emoto in Malay Mail</description><keyword>Dr Emoto in Malay Mail</keyword><robots>all</robots><author>klhunter</author></meta></chi></article>