<?xml version="1.0" encoding="utf-8"?>
<article><en><title>FE's Event Attended by 2000! Photos on 2nd August 2008 Event Kuala Lumpur (1).</title><content>&lt;table border="0" cellpadding="0" cellspacing="0" style="color: rgb(0, 0, 0); font-family: 'Times New Roman'; background-color: rgb(238, 240, 252); font-size: medium; " width="100%"&gt;
	&lt;tbody&gt;
		&lt;tr&gt;
			&lt;td class="content" style="font-family: Verdana, Arial, Helvetica, sans-serif; font-size: 13px; text-align: justify; " valign="top"&gt;
				Dr. Amir Farid&amp;rsquo;s seminar on &amp;ldquo;Benefits of Quantum Pendant and Scalar Energy&amp;rdquo; was attended by a capacity audience at FE&amp;rsquo;s HQ on Thursday 6th March 2008. FE is honored and privileged to have both&amp;nbsp; of Malaysia&amp;rsquo;s foremost experts on Scalar Energy; Dr Amir Farid and Dr Siva on board FE&amp;rsquo;s winning team.&lt;/td&gt;
		&lt;/tr&gt;
		&lt;tr&gt;
			&lt;td class="content" style="font-family: Verdana, Arial, Helvetica, sans-serif; font-size: 13px; text-align: justify; " valign="top"&gt;
				&lt;table border="0" cellpadding="0" cellspacing="0" width="100%"&gt;
					&lt;tbody&gt;
						&lt;tr valign="top"&gt;
							&lt;td&gt;
								&lt;img height="245" src="http://www.fusionexcel.com/imgnews/seminarhq1.jpg" width="353" /&gt;&lt;/td&gt;
							&lt;td align="right"&gt;
								&lt;img height="245" src="http://www.fusionexcel.com/imgnews/seminarhq2.jpg" width="353" /&gt;&lt;/td&gt;
						&lt;/tr&gt;
						&lt;tr valign="top"&gt;
							&lt;td width="50%"&gt;
								&lt;img height="245" src="http://www.fusionexcel.com/imgnews/seminarhq3.jpg" width="353" /&gt;&lt;/td&gt;
							&lt;td align="right"&gt;
								&lt;img height="245" src="http://www.fusionexcel.com/imgnews/seminarhq4.jpg" width="353" /&gt;&lt;/td&gt;
						&lt;/tr&gt;
						&lt;tr valign="top"&gt;
							&lt;td&gt;
								&lt;img height="245" src="http://www.fusionexcel.com/imgnews/seminarhq5.jpg" width="353" /&gt;&lt;/td&gt;
							&lt;td align="right"&gt;
								&lt;img height="245" src="http://www.fusionexcel.com/imgnews/seminarhq6.jpg" width="353" /&gt;&lt;/td&gt;
						&lt;/tr&gt;
						&lt;tr valign="top"&gt;
							&lt;td&gt;
								&lt;img height="245" src="http://www.fusionexcel.com/imgnews/seminarhq7.jpg" width="353" /&gt;&lt;/td&gt;
							&lt;td align="right"&gt;
								&lt;img height="245" src="http://www.fusionexcel.com/imgnews/seminarhq8.jpg" width="353" /&gt;&lt;/td&gt;
						&lt;/tr&gt;
						&lt;tr valign="top"&gt;
							&lt;td&gt;
								&lt;img height="245" src="http://www.fusionexcel.com/imgnews/seminarhq9.jpg" width="353" /&gt;&lt;/td&gt;
							&lt;td align="right"&gt;
								&lt;img height="245" src="http://www.fusionexcel.com/imgnews/seminarhq10.jpg" width="353" /&gt;&lt;/td&gt;
						&lt;/tr&gt;
						&lt;tr valign="top"&gt;
							&lt;td&gt;
								&lt;img height="245" src="http://www.fusionexcel.com/imgnews/seminarhq11.jpg" width="353" /&gt;&lt;/td&gt;
							&lt;td align="right"&gt;
								&lt;img height="245" src="http://www.fusionexcel.com/imgnews/seminarhq12.jpg" width="353" /&gt;&lt;/td&gt;
						&lt;/tr&gt;
						&lt;tr valign="top"&gt;
							&lt;td&gt;
								&lt;img height="245" src="http://www.fusionexcel.com/imgnews/seminarhq13.jpg" width="353" /&gt;&lt;/td&gt;
							&lt;td align="right"&gt;
								&lt;img height="245" src="http://www.fusionexcel.com/imgnews/seminarhq14.jpg" width="353" /&gt;&lt;/td&gt;
						&lt;/tr&gt;
					&lt;/tbody&gt;
				&lt;/table&gt;
			&lt;/td&gt;
		&lt;/tr&gt;
	&lt;/tbody&gt;
&lt;/table&gt;</content><meta><description>Dr. Amir Farid’s seminar on “Benefits of Quantum Pendant and Scalar Energy” was attended by a capacity audience at FE’s HQ on Thursday 6th March 2008. FE is honored and privileged to have both  of Malaysia’s foremost experts on Scalar Energy; Dr Amir Farid and Dr Siva on board FE’s winning team.</description><keyword></keyword><robots>all</robots><author>klhunter</author></meta></en><bm><title>Christmas Buffet Dinner Hosted By Rachel Thomas!</title><content></content><meta><description>FE Presidential Director, Rachel Thomas recently hosted a Christmas Buffet Dinner to a packed house at FE HQ on 23rd December 2008 for her group and staff of FE. FE would like to say a BIG thank you to Rachel for her generosity and for spreading Christmas cheer to her group and to FE staff during this festive season!</description><keyword>Christmas Buffet Dinner Hosted By Rachel Thomas!</keyword><robots>all</robots><author>klhunter</author></meta></bm><chi><title>Christmas Buffet Dinner Hosted By Rachel Thomas!</title><content></content><meta><description>FE Presidential Director, Rachel Thomas recently hosted a Christmas Buffet Dinner to a packed house at FE HQ on 23rd December 2008 for her group and staff of FE. FE would like to say a BIG thank you to Rachel for her generosity and for spreading Christmas cheer to her group and to FE staff during this festive season!</description><keyword>Christmas Buffet Dinner Hosted By Rachel Thomas!</keyword><robots>all</robots><author>klhunter</author></meta></chi></article>
