<?xml version='1.0' encoding='utf-8'?><article><en><title>Letter of Appreciation From Teachers of Payatas</title><content>&lt;table border=&quot;0&quot; cellpadding=&quot;0&quot; cellspacing=&quot;0&quot; width=&quot;100%&quot;&gt;
	&lt;tbody&gt;
		&lt;tr&gt;
			&lt;td valign=&quot;top&quot; width=&quot;740&quot;&gt;
				&lt;table border=&quot;0&quot; cellpadding=&quot;0&quot; cellspacing=&quot;0&quot; width=&quot;100%&quot;&gt;
					&lt;tbody&gt;
						&lt;tr&gt;
							&lt;td bgcolor=&quot;#999999&quot; valign=&quot;top&quot;&gt;
								&lt;table border=&quot;0&quot; cellpadding=&quot;10&quot; cellspacing=&quot;1&quot; width=&quot;100%&quot;&gt;
									&lt;tbody&gt;
										&lt;tr&gt;
											&lt;td bgcolor=&quot;#EEF0FC&quot; height=&quot;943&quot; valign=&quot;top&quot;&gt;
												&lt;table border=&quot;0&quot; cellpadding=&quot;0&quot; cellspacing=&quot;0&quot; width=&quot;100%&quot;&gt;
													&lt;tbody&gt;
														&lt;tr&gt;
															&lt;td class=&quot;conthead&quot; style=&quot;text-align:justify&quot; valign=&quot;top&quot;&gt;
																&lt;br /&gt;
																&amp;nbsp;&lt;/td&gt;
														&lt;/tr&gt;
														&lt;tr&gt;
															&lt;td&gt;
																&lt;table border=&quot;1&quot; cellpadding=&quot;5&quot; cellspacing=&quot;0&quot; width=&quot;100%&quot;&gt;
																	&lt;tbody&gt;
																		&lt;tr&gt;
																			&lt;td align=&quot;center&quot; bgcolor=&quot;#FFFFFF&quot;&gt;
																				&lt;img height=&quot;814&quot; src=&quot;http://fusionexcel.com/imgnews/char_letterfrteacherop.jpg&quot; width=&quot;600&quot; /&gt;&lt;/td&gt;
																		&lt;/tr&gt;
																	&lt;/tbody&gt;
																&lt;/table&gt;
															&lt;/td&gt;
														&lt;/tr&gt;
													&lt;/tbody&gt;
												&lt;/table&gt;
											&lt;/td&gt;
										&lt;/tr&gt;
									&lt;/tbody&gt;
								&lt;/table&gt;
							&lt;/td&gt;
						&lt;/tr&gt;
					&lt;/tbody&gt;
				&lt;/table&gt;
			&lt;/td&gt;
		&lt;/tr&gt;
		&lt;tr&gt;
			&lt;td colspan=&quot;3&quot; height=&quot;10&quot;&gt;
				&amp;nbsp;&lt;/td&gt;
		&lt;/tr&gt;
		&lt;tr&gt;
			&lt;td colspan=&quot;3&quot;&gt;
				&amp;nbsp;&lt;/td&gt;
		&lt;/tr&gt;
	&lt;/tbody&gt;
&lt;/table&gt;
&lt;p&gt;
	&amp;nbsp;&lt;/p&gt;
</content><meta><description>Paul Ting received Letter of Appreciation from teachers of Payatas for his visit to Payatas.</description><keyword>Paul Ting, Letter of Appreciation, Teachers of Payatas</keyword><robots>all</robots><author>klhunter</author></meta></en><bm><title>Letter of Appreciation From Teachers of Payatas</title><content></content><meta><description>Paul Ting received Letter of Appreciation from teachers of Payatas for his visit to Payatas.</description><keyword>Paul Ting, Letter of Appreciation, Teachers of Payatas</keyword><robots>all</robots><author>klhunter</author></meta></bm><chi><title>Letter of Appreciation From Teachers of Payatas</title><content></content><meta><description>Paul Ting received Letter of Appreciation from teachers of Payatas for his visit to Payatas.</description><keyword>Paul Ting, Letter of Appreciation, Teachers of Payatas</keyword><robots>all</robots><author>klhunter</author></meta></chi></article>