<?xml version='1.0' encoding='utf-8'?><article><en><title>FE Welcomes Aussie QP Wearer, Boxer Daniel &quot;The Rock&quot; Dawson!</title><content>&lt;table border=&quot;0&quot; cellpadding=&quot;0&quot; cellspacing=&quot;0&quot; width=&quot;100%&quot;&gt;
	&lt;tbody&gt;
		&lt;tr&gt;
			&lt;td valign=&quot;top&quot; width=&quot;740&quot;&gt;
				&lt;table border=&quot;0&quot; cellpadding=&quot;0&quot; cellspacing=&quot;0&quot; width=&quot;100%&quot;&gt;
					&lt;tbody&gt;
						&lt;tr&gt;
							&lt;td bgcolor=&quot;#999999&quot; valign=&quot;top&quot;&gt;
								&lt;table border=&quot;0&quot; cellpadding=&quot;10&quot; cellspacing=&quot;1&quot; width=&quot;100%&quot;&gt;
									&lt;tbody&gt;
										&lt;tr&gt;
											&lt;td bgcolor=&quot;#EEF0FC&quot; height=&quot;943&quot; valign=&quot;top&quot;&gt;
												&lt;table border=&quot;0&quot; cellpadding=&quot;0&quot; cellspacing=&quot;0&quot; width=&quot;100%&quot;&gt;
													&lt;tbody&gt;
														&lt;tr&gt;
															&lt;td class=&quot;smallhead&quot; valign=&quot;top&quot;&gt;
																&lt;table border=&quot;0&quot; cellpadding=&quot;0&quot; cellspacing=&quot;0&quot; width=&quot;100%&quot;&gt;
																	&lt;tbody&gt;
																		&lt;tr valign=&quot;top&quot;&gt;
																			&lt;td width=&quot;50%&quot;&gt;
																				&lt;img height=&quot;265&quot; src=&quot;http://fusionexcel.com/imgnews/news_aussieboxer2.jpg&quot; width=&quot;354&quot; /&gt;&lt;/td&gt;
																			&lt;td align=&quot;right&quot;&gt;
																				&lt;img height=&quot;265&quot; src=&quot;http://fusionexcel.com/imgnews/news_aussieboxer1.jpg&quot; width=&quot;354&quot; /&gt;&lt;/td&gt;
																		&lt;/tr&gt;
																		&lt;tr valign=&quot;top&quot;&gt;
																			&lt;td align=&quot;center&quot;&gt;
																				Daniel &amp;quot;The Rock&amp;quot; Dawson with Presidential Director Rachel Thomas and Natasha (His Manager) in Perth.&lt;br /&gt;
																				&amp;nbsp;&lt;/td&gt;
																			&lt;td align=&quot;right&quot;&gt;
																				&amp;nbsp;&lt;/td&gt;
																		&lt;/tr&gt;
																	&lt;/tbody&gt;
																&lt;/table&gt;
															&lt;/td&gt;
														&lt;/tr&gt;
														&lt;tr&gt;
															&lt;td class=&quot;content&quot; valign=&quot;top&quot;&gt;
																Daniel &amp;quot;The Rock&amp;quot; Dawson (born 15th October 1977) is a professional Australian super welterweight kick boxer, boxer and martial artist, fighting out of Perth, Australia.&lt;br /&gt;
																&lt;br /&gt;
																&lt;strong&gt;BOXING CAREER&lt;/strong&gt;&lt;br /&gt;
																&lt;br /&gt;
																Daniel Dawson has a boxing record of 31 fights with 30 wins(21 by knockouts).He suffered his only career loss to Daniel Geale, for the vacant IBO world Title.&lt;br /&gt;
																&lt;br /&gt;
																&lt;strong&gt;KICKBOXING CAREER&lt;/strong&gt;&lt;br /&gt;
																&lt;br /&gt;
																Daniel &amp;quot;The Rock&amp;quot; Dawson has fought many great kick boxing champions in the world. His record stands at 65 fights with 53 wins (31 by knockouts). He has beaten fighters such as John Wayne Parr (in a match against John Wayne Parr, JWP beat the Rock in Muay Thai by points), Shane Chapman, Bruce Macfie and Jordan Tai.&lt;/td&gt;
														&lt;/tr&gt;
													&lt;/tbody&gt;
												&lt;/table&gt;
											&lt;/td&gt;
										&lt;/tr&gt;
									&lt;/tbody&gt;
								&lt;/table&gt;
							&lt;/td&gt;
						&lt;/tr&gt;
					&lt;/tbody&gt;
				&lt;/table&gt;
			&lt;/td&gt;
		&lt;/tr&gt;
	&lt;/tbody&gt;
&lt;/table&gt;
&lt;p&gt;
	&amp;nbsp;&lt;/p&gt;
</content><meta><description>Daniel &amp;quot;The Rock&amp;quot; Dawson (born October 15, 1977) is a professional Australian super welterweight kickboxer, boxer and martial artist, fighting out of Perth, Australia.

BOXING CAREER
Daniel Dawson has a boxing record of 31 fights with 30 wins(21 by knockouts).He suffered his only career loss to Daniel Geale, for the vacant IBO world Title.

KICKBOXING CAREER
Daniel &amp;quot;The Rock&amp;quot; Dawson has fought many great kick boxing champions in the world. His record stands at 65 fights with 53 wins(31 by knockouts). He has beaten fighters such as John Wayne Parr(in a match against John Wayne Parr, JWP beat the Rock in Muay Thai by points), Shane Chapman, Bruce Macfie and Jordan Tai.</description><keyword>FE Welcomes Aussie QP Wearer, Boxer Daniel &quot;The Rock&quot; Dawson!</keyword><robots>all</robots><author>klhunter</author></meta></en><bm><title>FE Welcomes Aussie QP Wearer, Boxer Daniel &quot;The Rock&quot; Dawson!</title><content></content><meta><description>Daniel &amp;quot;The Rock&amp;quot; Dawson (born October 15, 1977) is a professional Australian super welterweight kickboxer, boxer and martial artist, fighting out of Perth, Australia.

BOXING CAREER
Daniel Dawson has a boxing record of 31 fights with 30 wins(21 by knockouts).He suffered his only career loss to Daniel Geale, for the vacant IBO world Title.

KICKBOXING CAREER
Daniel &amp;quot;The Rock&amp;quot; Dawson has fought many great kick boxing champions in the world. His record stands at 65 fights with 53 wins(31 by knockouts). He has beaten fighters such as John Wayne Parr(in a match against John Wayne Parr, JWP beat the Rock in Muay Thai by points), Shane Chapman, Bruce Macfie and Jordan Tai.</description><keyword>FE Welcomes Aussie QP Wearer, Boxer Daniel &quot;The Rock&quot; Dawson!</keyword><robots>all</robots><author>klhunter</author></meta></bm><chi><title>FE Welcomes Aussie QP Wearer, Boxer Daniel &quot;The Rock&quot; Dawson!</title><content></content><meta><description>Daniel &amp;quot;The Rock&amp;quot; Dawson (born October 15, 1977) is a professional Australian super welterweight kickboxer, boxer and martial artist, fighting out of Perth, Australia.

BOXING CAREER
Daniel Dawson has a boxing record of 31 fights with 30 wins(21 by knockouts).He suffered his only career loss to Daniel Geale, for the vacant IBO world Title.

KICKBOXING CAREER
Daniel &amp;quot;The Rock&amp;quot; Dawson has fought many great kick boxing champions in the world. His record stands at 65 fights with 53 wins(31 by knockouts). He has beaten fighters such as John Wayne Parr(in a match against John Wayne Parr, JWP beat the Rock in Muay Thai by points), Shane Chapman, Bruce Macfie and Jordan Tai.</description><keyword>FE Welcomes Aussie QP Wearer, Boxer Daniel &quot;The Rock&quot; Dawson!</keyword><robots>all</robots><author>klhunter</author></meta></chi></article>