<?xml version="1.0" encoding="utf-8"?>
<article><en><title>Congratulations to QP wearer, Khaosai Galaxy, Thailand's World Boxing Champion!</title><content>&lt;table border="0" cellpadding="0" cellspacing="0" style="color: rgb(0, 0, 0); font-family: 'Times New Roman'; background-color: rgb(238, 240, 252); font-size: medium; " width="100%"&gt;
	&lt;tbody&gt;
		&lt;tr&gt;
			&lt;td class="content" style="font-family: Verdana, Arial, Helvetica, sans-serif; font-size: 13px; text-align: justify; " valign="top"&gt;
				&lt;table border="0" cellpadding="0" cellspacing="0" width="100%"&gt;
					&lt;tbody&gt;
						&lt;tr valign="top"&gt;
							&lt;td&gt;
								&lt;img height="264" src="http://www.fusionexcel.com/imgnews/boxing1.jpg" width="353" /&gt;&lt;/td&gt;
							&lt;td align="right"&gt;
								&lt;img height="264" src="http://www.fusionexcel.com/imgnews/boxing2.jpg" width="353" /&gt;&lt;/td&gt;
						&lt;/tr&gt;
						&lt;tr valign="top"&gt;
							&lt;td width="50%"&gt;
								&lt;img height="264" src="http://www.fusionexcel.com/imgnews/boxing3.jpg" width="353" /&gt;&lt;/td&gt;
							&lt;td align="right"&gt;
								&lt;img height="264" src="http://www.fusionexcel.com/imgnews/boxing4.jpg" width="353" /&gt;&lt;/td&gt;
						&lt;/tr&gt;
					&lt;/tbody&gt;
				&lt;/table&gt;
			&lt;/td&gt;
		&lt;/tr&gt;
	&lt;/tbody&gt;
&lt;/table&gt;
&lt;p&gt;
	&amp;nbsp;&lt;/p&gt;
</content><meta><description>Congratulations to QP wearer, Khaosai Galaxy, Thailand's World Boxing Champion!</description><keyword>Congratulations to QP wearer, Khaosai Galaxy, Thailand's World Boxing Champion!</keyword><robots>all</robots><author>klhunter</author></meta></en><bm><title>FE Donates Baht 280,000 to 3 Charities at Khon Kaen Event!!</title><content></content><meta><description>At the Khon Kaen Achievers Recognition Dinner organized by Thai Presidential Director Jankij on Friday, 09th January 2009, FusionExcel donated to some charities.</description><keyword>Khon Kaen Achievers Recognition Dinner, Jankij, 09th January 2009, Khon Kaen School for the Blind, Governor's Charity Foundation, Southern Provinces Active Soldiers Fund</keyword><robots>all</robots><author>klhunter</author></meta></bm><chi><title>FE Donates Baht 280,000 to 3 Charities at Khon Kaen Event!!</title><content></content><meta><description>At the Khon Kaen Achievers Recognition Dinner organized by Thai Presidential Director Jankij on Friday, 09th January 2009, FusionExcel donated to some charities.</description><keyword>Khon Kaen Achievers Recognition Dinner, Jankij, 09th January 2009, Khon Kaen School for the Blind, Governor's Charity Foundation, Southern Provinces Active Soldiers Fund</keyword><robots>all</robots><author>klhunter</author></meta></chi></article>
