<?xml version='1.0' encoding='utf-8'?><article><en><title>FE Making Waves in Khon Kaen Thailand! (2)</title><content>&lt;p&gt;
	&amp;nbsp;&lt;/p&gt;
&lt;table border=&quot;0&quot; cellpadding=&quot;0&quot; cellspacing=&quot;0&quot; class=&quot;content&quot; width=&quot;100%&quot;&gt;
	&lt;tbody&gt;
		&lt;tr&gt;
			&lt;td align=&quot;center&quot; height=&quot;226&quot; valign=&quot;top&quot; width=&quot;358&quot;&gt;
				&lt;img height=&quot;227&quot; src=&quot;http://fusionexcel.com/imgnews/news_khonkaen-21.jpg&quot; width=&quot;340&quot; /&gt;&lt;/td&gt;
			&lt;td align=&quot;center&quot; valign=&quot;top&quot; width=&quot;360&quot;&gt;
				&lt;img height=&quot;227&quot; src=&quot;http://fusionexcel.com/imgnews/news_khonkaen-22.jpg&quot; width=&quot;340&quot; /&gt;&lt;/td&gt;
		&lt;/tr&gt;
		&lt;tr&gt;
			&lt;td align=&quot;center&quot; height=&quot;226&quot; valign=&quot;top&quot;&gt;
				&lt;img height=&quot;227&quot; src=&quot;http://fusionexcel.com/imgnews/news_khonkaen-23.jpg&quot; width=&quot;340&quot; /&gt;&lt;/td&gt;
			&lt;td align=&quot;center&quot; valign=&quot;top&quot;&gt;
				&lt;img height=&quot;227&quot; src=&quot;http://fusionexcel.com/imgnews/news_khonkaen-24.jpg&quot; width=&quot;340&quot; /&gt;&lt;/td&gt;
		&lt;/tr&gt;
		&lt;tr&gt;
			&lt;td align=&quot;center&quot; height=&quot;224&quot; valign=&quot;top&quot;&gt;
				&lt;img height=&quot;227&quot; src=&quot;http://fusionexcel.com/imgnews/news_khonkaen-25.jpg&quot; width=&quot;340&quot; /&gt;&lt;/td&gt;
			&lt;td align=&quot;center&quot; valign=&quot;top&quot;&gt;
				&lt;img height=&quot;227&quot; src=&quot;http://fusionexcel.com/imgnews/news_khonkaen-26.jpg&quot; width=&quot;340&quot; /&gt;&lt;/td&gt;
		&lt;/tr&gt;
		&lt;tr&gt;
			&lt;td align=&quot;center&quot; height=&quot;226&quot; valign=&quot;top&quot;&gt;
				&lt;img height=&quot;227&quot; src=&quot;http://fusionexcel.com/imgnews/news_khonkaen-27.jpg&quot; width=&quot;340&quot; /&gt;&lt;/td&gt;
			&lt;td align=&quot;center&quot; valign=&quot;top&quot;&gt;
				&lt;img height=&quot;227&quot; src=&quot;http://fusionexcel.com/imgnews/news_khonkaen-28.jpg&quot; width=&quot;340&quot; /&gt;&lt;/td&gt;
		&lt;/tr&gt;
		&lt;tr&gt;
			&lt;td align=&quot;center&quot; height=&quot;226&quot; valign=&quot;top&quot;&gt;
				&lt;img height=&quot;227&quot; src=&quot;http://fusionexcel.com/imgnews/news_khonkaen-29.jpg&quot; width=&quot;340&quot; /&gt;&lt;/td&gt;
			&lt;td align=&quot;center&quot; valign=&quot;top&quot;&gt;
				&lt;img height=&quot;227&quot; src=&quot;http://fusionexcel.com/imgnews/news_governor-khon-kaen-2.jpg&quot; width=&quot;340&quot; /&gt;&lt;/td&gt;
		&lt;/tr&gt;
		&lt;tr&gt;
			&lt;td align=&quot;center&quot; height=&quot;226&quot; valign=&quot;top&quot;&gt;
				&lt;img height=&quot;227&quot; src=&quot;http://fusionexcel.com/imgnews/news_khonkaen-31.jpg&quot; width=&quot;340&quot; /&gt;&lt;/td&gt;
			&lt;td align=&quot;center&quot; valign=&quot;top&quot;&gt;
				&lt;img height=&quot;227&quot; src=&quot;http://fusionexcel.com/imgnews/news_khonkaen-32.jpg&quot; width=&quot;340&quot; /&gt;&lt;/td&gt;
		&lt;/tr&gt;
		&lt;tr&gt;
			&lt;td align=&quot;center&quot; height=&quot;226&quot; valign=&quot;top&quot;&gt;
				&lt;img height=&quot;227&quot; src=&quot;http://fusionexcel.com/imgnews/news_khonkaen-33.jpg&quot; width=&quot;340&quot; /&gt;&lt;/td&gt;
			&lt;td align=&quot;center&quot; valign=&quot;top&quot;&gt;
				&lt;img height=&quot;227&quot; src=&quot;http://fusionexcel.com/imgnews/news_khonkaen-34.jpg&quot; width=&quot;340&quot; /&gt;&lt;/td&gt;
		&lt;/tr&gt;
		&lt;tr&gt;
			&lt;td align=&quot;center&quot; height=&quot;226&quot; valign=&quot;top&quot;&gt;
				&lt;img height=&quot;227&quot; src=&quot;http://fusionexcel.com/imgnews/news_khonkaen-35.jpg&quot; width=&quot;340&quot; /&gt;&lt;/td&gt;
			&lt;td align=&quot;center&quot; valign=&quot;top&quot;&gt;
				&lt;img height=&quot;227&quot; src=&quot;http://fusionexcel.com/imgnews/news_khonkaen-36.jpg&quot; width=&quot;340&quot; /&gt;&lt;/td&gt;
		&lt;/tr&gt;
		&lt;tr&gt;
			&lt;td align=&quot;center&quot; height=&quot;226&quot; valign=&quot;top&quot;&gt;
				&lt;img height=&quot;227&quot; src=&quot;http://fusionexcel.com/imgnews/news_khonkaen-37.jpg&quot; width=&quot;340&quot; /&gt;&lt;/td&gt;
			&lt;td align=&quot;center&quot; valign=&quot;top&quot;&gt;
				&lt;img height=&quot;227&quot; src=&quot;http://fusionexcel.com/imgnews/news_khonkaen-38.jpg&quot; width=&quot;340&quot; /&gt;&lt;/td&gt;
		&lt;/tr&gt;
		&lt;tr&gt;
			&lt;td align=&quot;center&quot; height=&quot;226&quot; valign=&quot;top&quot;&gt;
				&lt;img height=&quot;227&quot; src=&quot;http://fusionexcel.com/imgnews/news_khonkaen-39.jpg&quot; width=&quot;340&quot; /&gt;&lt;/td&gt;
			&lt;td align=&quot;center&quot; valign=&quot;top&quot;&gt;
				&lt;img height=&quot;227&quot; src=&quot;http://fusionexcel.com/imgnews/news_khonkaen-40.jpg&quot; width=&quot;340&quot; /&gt;&lt;/td&gt;
		&lt;/tr&gt;
		&lt;tr&gt;
			&lt;td align=&quot;center&quot; height=&quot;10&quot;&gt;
				&lt;img height=&quot;227&quot; src=&quot;http://fusionexcel.com/imgnews/news_khonkaen-41.jpg&quot; width=&quot;340&quot; /&gt;&lt;/td&gt;
			&lt;td align=&quot;center&quot;&gt;
				&lt;img height=&quot;227&quot; src=&quot;http://fusionexcel.com/imgnews/news_khonkaen-42.jpg&quot; width=&quot;340&quot; /&gt;&lt;/td&gt;
		&lt;/tr&gt;
	&lt;/tbody&gt;
&lt;/table&gt;
&lt;p&gt;
	&amp;nbsp;&lt;/p&gt;
</content><meta><description>FE Making Waves in Khon Kaen Thailand! (2)</description><keyword>FE Making Waves in Khon Kaen Thailand! (2)</keyword><robots>all</robots><author>klhunter</author></meta></en><bm><title>FE Making Waves in Khon Kaen Thailand! (2)</title><content></content><meta><description>FE Making Waves in Khon Kaen Thailand! (2)</description><keyword>FE Making Waves in Khon Kaen Thailand! (2)</keyword><robots>all</robots><author>klhunter</author></meta></bm><chi><title>FE Making Waves in Khon Kaen Thailand! (2)</title><content></content><meta><description>FE Making Waves in Khon Kaen Thailand! (2)</description><keyword>FE Making Waves in Khon Kaen Thailand! (2)</keyword><robots>all</robots><author>klhunter</author></meta></chi></article>