<?xml version='1.0' encoding='utf-8'?><article><en><title>FE Welcomes QP Wearer, Jimmy Dee, Who Is an Entertainer and Singer on Broadway, Las Vegas. Jimmy Dee Is Also Known As the Elvis Presley and Tom Jones of Guam.</title><content>&lt;table border=&quot;0&quot; cellpadding=&quot;0&quot; cellspacing=&quot;0&quot; class=&quot;content&quot; width=&quot;100%&quot;&gt;
	&lt;tbody&gt;
		&lt;tr&gt;
			&lt;td align=&quot;center&quot; colspan=&quot;2&quot; height=&quot;226&quot; valign=&quot;top&quot;&gt;
				&lt;img height=&quot;298&quot; src=&quot;http://fusionexcel.com/imgnews/news_jimmydee.jpg&quot; width=&quot;448&quot; /&gt;&lt;/td&gt;
		&lt;/tr&gt;
		&lt;tr&gt;
			&lt;td align=&quot;left&quot; colspan=&quot;2&quot; height=&quot;224&quot; valign=&quot;top&quot;&gt;
				&lt;table border=&quot;0&quot; cellpadding=&quot;0&quot; cellspacing=&quot;0&quot; width=&quot;100%&quot;&gt;
					&lt;tbody&gt;
						&lt;tr&gt;
							&lt;td align=&quot;left&quot;&gt;
								&lt;img height=&quot;261&quot; src=&quot;http://fusionexcel.com/imgnews/news_jimmydee-1.jpg&quot; width=&quot;232&quot; /&gt;&lt;/td&gt;
							&lt;td align=&quot;center&quot;&gt;
								&lt;img height=&quot;261&quot; src=&quot;http://fusionexcel.com/imgnews/news_philippines-event-4.jpg&quot; width=&quot;232&quot; /&gt;&lt;/td&gt;
							&lt;td align=&quot;right&quot;&gt;
								&lt;img height=&quot;261&quot; src=&quot;http://fusionexcel.com/imgnews/news_jimmydee-2.jpg&quot; width=&quot;232&quot; /&gt;&lt;/td&gt;
						&lt;/tr&gt;
					&lt;/tbody&gt;
				&lt;/table&gt;
			&lt;/td&gt;
		&lt;/tr&gt;
	&lt;/tbody&gt;
&lt;/table&gt;
&lt;p&gt;
	&amp;nbsp;&lt;/p&gt;
</content><meta><description>FE Welcomes QP Wearer, Jimmy Dee, who is an entertainer and singer on Broadway, Las Vegas. Jimmy Dee is also known as the Elvis Presley and Tom Jones of Guam.</description><keyword>FE Welcomes QP Wearer, Jimmy Dee, who is an entertainer and singer on Broadway, Las Vegas. Jimmy Dee is also known as the Elvis Presley and Tom Jones of Guam.</keyword><robots>all</robots><author>klhunter</author></meta></en><bm><title>FE Welcomes QP Wearer, Jimmy Dee, Who Is an Entertainer and Singer on Broadway, Las Vegas. Jimmy Dee Is Also Known As the Elvis Presley and Tom Jones of Guam.</title><content></content><meta><description>FE Welcomes QP Wearer, Jimmy Dee, who is an entertainer and singer on Broadway, Las Vegas. Jimmy Dee is also known as the Elvis Presley and Tom Jones of Guam.</description><keyword>FE Welcomes QP Wearer, Jimmy Dee, who is an entertainer and singer on Broadway, Las Vegas. Jimmy Dee is also known as the Elvis Presley and Tom Jones of Guam.</keyword><robots>all</robots><author>klhunter</author></meta></bm><chi><title>FE Welcomes QP Wearer, Jimmy Dee, Who Is an Entertainer and Singer on Broadway, Las Vegas. Jimmy Dee Is Also Known As the Elvis Presley and Tom Jones of Guam.</title><content></content><meta><description>FE Welcomes QP Wearer, Jimmy Dee, who is an entertainer and singer on Broadway, Las Vegas. Jimmy Dee is also known as the Elvis Presley and Tom Jones of Guam.</description><keyword>FE Welcomes QP Wearer, Jimmy Dee, who is an entertainer and singer on Broadway, Las Vegas. Jimmy Dee is also known as the Elvis Presley and Tom Jones of Guam.</keyword><robots>all</robots><author>klhunter</author></meta></chi></article>