<?xml version='1.0' encoding='utf-8'?><article><en><title>FE Welcomes VIP QP Wearer, Senator Loren Legarda, Philippines! </title><content>&lt;table border=&quot;0&quot; cellpadding=&quot;0&quot; cellspacing=&quot;0&quot; width=&quot;100%&quot;&gt;
	&lt;tbody&gt;
		&lt;tr&gt;
			&lt;td class=&quot;content&quot;&gt;
				Jeremy Looi (Philippines Country Licensee &amp;amp; Presidential Director) shares with the honorable Senator Loren Legarda the health benefits of FE&amp;#39;s Quantum Science products. She was very impressed with the simple demonstration on how the body absorbs scalar energy healing properties of the pendant, flask and the bracelet. Senator Legarda was reelected for a second term in 2007 and received the highest number of votes amongst all senatorial candidates. Her reputation as a journalist, goodwill ambassador and public servant is impeccable. Her confidence with FE and its line of Quantum Science products attests to the company&amp;#39;s credibility. FE is truly proud to welcome the honorable Senator Loren Legarda into the FE family!&lt;br /&gt;
				&amp;nbsp;&lt;/td&gt;
		&lt;/tr&gt;
		&lt;tr&gt;
			&lt;th scope=&quot;col&quot;&gt;
				&lt;table border=&quot;0&quot; cellpadding=&quot;0&quot; cellspacing=&quot;0&quot; class=&quot;content&quot; width=&quot;100%&quot;&gt;
					&lt;tbody&gt;
						&lt;tr&gt;
							&lt;td align=&quot;center&quot; colspan=&quot;2&quot; height=&quot;226&quot; valign=&quot;top&quot;&gt;
								&lt;img height=&quot;315&quot; src=&quot;http://fusionexcel.com/imgnews/news_senator1.jpg&quot; width=&quot;450&quot; /&gt;&lt;/td&gt;
						&lt;/tr&gt;
						&lt;tr&gt;
							&lt;td align=&quot;center&quot; class=&quot;header_title&quot; colspan=&quot;2&quot; height=&quot;40&quot;&gt;
								&lt;div align=&quot;center&quot;&gt;
									Senator Legarda holds on to the flask while Jeremy explains the benefits&lt;br /&gt;
									of drinking micro clustered water.&lt;/div&gt;
							&lt;/td&gt;
						&lt;/tr&gt;
						&lt;tr&gt;
							&lt;td align=&quot;center&quot; colspan=&quot;2&quot; height=&quot;226&quot; valign=&quot;top&quot;&gt;
								&lt;img height=&quot;324&quot; src=&quot;http://fusionexcel.com/imgnews/news_senator2.jpg&quot; width=&quot;450&quot; /&gt;&lt;/td&gt;
						&lt;/tr&gt;
						&lt;tr&gt;
							&lt;td align=&quot;center&quot; class=&quot;header_title&quot; colspan=&quot;2&quot; height=&quot;40&quot;&gt;
								&lt;div align=&quot;center&quot;&gt;
									Senator Legarda was amazed, experiencing the balancing demo with Jeremy.&lt;/div&gt;
							&lt;/td&gt;
						&lt;/tr&gt;
						&lt;tr&gt;
							&lt;td align=&quot;center&quot; colspan=&quot;2&quot; height=&quot;224&quot; valign=&quot;top&quot;&gt;
								&lt;img height=&quot;321&quot; src=&quot;http://fusionexcel.com/imgnews/news_senator3.jpg&quot; width=&quot;450&quot; /&gt;&lt;/td&gt;
						&lt;/tr&gt;
						&lt;tr&gt;
							&lt;td align=&quot;center&quot; class=&quot;header_title&quot; colspan=&quot;2&quot; height=&quot;40&quot;&gt;
								&lt;div align=&quot;center&quot;&gt;
									Senator Legarda happily shows off her Quantum Pendant with FE Spokesman Samboy Lim.&lt;/div&gt;
							&lt;/td&gt;
						&lt;/tr&gt;
						&lt;tr&gt;
							&lt;td align=&quot;center&quot; colspan=&quot;2&quot; height=&quot;226&quot; valign=&quot;top&quot;&gt;
								&lt;img height=&quot;300&quot; src=&quot;http://fusionexcel.com/imgnews/news_senator4.jpg&quot; width=&quot;450&quot; /&gt;&lt;/td&gt;
						&lt;/tr&gt;
						&lt;tr&gt;
							&lt;td align=&quot;center&quot; class=&quot;header_title&quot; colspan=&quot;2&quot; height=&quot;40&quot;&gt;
								&lt;div align=&quot;center&quot;&gt;
									Jeremy puts on the health-giving Quantum Bracelet on Senator Legarda.&lt;/div&gt;
							&lt;/td&gt;
						&lt;/tr&gt;
					&lt;/tbody&gt;
				&lt;/table&gt;
			&lt;/th&gt;
		&lt;/tr&gt;
	&lt;/tbody&gt;
&lt;/table&gt;
&lt;p&gt;
	&amp;nbsp;&lt;/p&gt;
</content><meta><description>Jeremy Looi (Philippines Country Licensee &amp; Presidential Director) shares with the honorable Senator Loren Legarda the health benefits of FE's Quantum Science products. She was very impressed with the simple demonstration on how the body absorbs scalar energy healing properties of the pendant, flask and the bracelet. Senator Legarda was re-elected for a second term in 2007 and received the highest number of votes amongst all senatorial candidates. Her reputation as a journalist, goodwill ambassador and public servant is impeccable. Her confidence with FE and its line of Quantum Science products attests to the company's credibility. FE is truly proud to welcome the honorable Senator Loren Legarda into the FE family!</description><keyword>FE Welcomes VIP QP Wearer, Senator Loren Legarda, Philippines! </keyword><robots>all</robots><author>klhunter</author></meta></en><bm><title>FE Welcomes VIP QP Wearer, Senator Loren Legarda, Philippines! </title><content></content><meta><description>Jeremy Looi (Philippines Country Licensee &amp; Presidential Director) shares with the honorable Senator Loren Legarda the health benefits of FE's Quantum Science products. She was very impressed with the simple demonstration on how the body absorbs scalar energy healing properties of the pendant, flask and the bracelet. Senator Legarda was re-elected for a second term in 2007 and received the highest number of votes amongst all senatorial candidates. Her reputation as a journalist, goodwill ambassador and public servant is impeccable. Her confidence with FE and its line of Quantum Science products attests to the company's credibility. FE is truly proud to welcome the honorable Senator Loren Legarda into the FE family!</description><keyword>FE Welcomes VIP QP Wearer, Senator Loren Legarda, Philippines! </keyword><robots>all</robots><author>klhunter</author></meta></bm><chi><title>FE Welcomes VIP QP Wearer, Senator Loren Legarda, Philippines! </title><content></content><meta><description>Jeremy Looi (Philippines Country Licensee &amp; Presidential Director) shares with the honorable Senator Loren Legarda the health benefits of FE's Quantum Science products. She was very impressed with the simple demonstration on how the body absorbs scalar energy healing properties of the pendant, flask and the bracelet. Senator Legarda was re-elected for a second term in 2007 and received the highest number of votes amongst all senatorial candidates. Her reputation as a journalist, goodwill ambassador and public servant is impeccable. Her confidence with FE and its line of Quantum Science products attests to the company's credibility. FE is truly proud to welcome the honorable Senator Loren Legarda into the FE family!</description><keyword>FE Welcomes VIP QP Wearer, Senator Loren Legarda, Philippines! </keyword><robots>all</robots><author>klhunter</author></meta></chi></article>