<?xml version='1.0' encoding='utf-8'?><article><en><title>World Champion Bowler &amp; QP Wearer Sin Li Jane Celebrates Chinese New Year, Star News 26th January 2009 </title><content>&lt;table border=&quot;0&quot; cellpadding=&quot;0&quot; cellspacing=&quot;0&quot; width=&quot;100%&quot;&gt;
	&lt;tbody&gt;
		&lt;tr&gt;
			&lt;td class=&quot;conthead&quot; style=&quot;text-align:justify&quot; valign=&quot;top&quot;&gt;
				&lt;br /&gt;
				&amp;nbsp;&lt;/td&gt;
		&lt;/tr&gt;
		&lt;tr&gt;
			&lt;th scope=&quot;col&quot;&gt;
				&lt;table border=&quot;0&quot; cellpadding=&quot;0&quot; cellspacing=&quot;0&quot; width=&quot;100%&quot;&gt;
					&lt;tbody&gt;
						&lt;tr&gt;
							&lt;td align=&quot;center&quot; height=&quot;301&quot; valign=&quot;top&quot; width=&quot;718&quot;&gt;
								&lt;p&gt;
									&lt;img height=&quot;1840&quot; src=&quot;http://fusionexcel.com/imgnews/teenager_li_jane.jpg&quot; width=&quot;700&quot; /&gt;&lt;/p&gt;
							&lt;/td&gt;
						&lt;/tr&gt;
					&lt;/tbody&gt;
				&lt;/table&gt;
			&lt;/th&gt;
		&lt;/tr&gt;
	&lt;/tbody&gt;
&lt;/table&gt;
&lt;p&gt;
	&amp;nbsp;&lt;/p&gt;
</content><meta><description>World Champion Bowler &amp;amp; QP Wearer Sin Li Jane Celebrates Chinese New Year,
Star News 26th January 2009</description><keyword>World Champion Bowler &amp;amp; QP Wearer Sin Li Jane Celebrates Chinese New Year,
Star News 26th January 2009</keyword><robots>all</robots><author>klhunter</author></meta></en><bm><title>World Champion Bowler &amp; QP Wearer Sin Li Jane Celebrates Chinese New Year, Star News 26th January 2009 </title><content></content><meta><description>World Champion Bowler &amp;amp; QP Wearer Sin Li Jane Celebrates Chinese New Year,
Star News 26th January 2009</description><keyword>World Champion Bowler &amp;amp; QP Wearer Sin Li Jane Celebrates Chinese New Year,
Star News 26th January 2009</keyword><robots>all</robots><author>klhunter</author></meta></bm><chi><title>World Champion Bowler &amp; QP Wearer Sin Li Jane Celebrates Chinese New Year, Star News 26th January 2009 </title><content></content><meta><description>World Champion Bowler &amp;amp; QP Wearer Sin Li Jane Celebrates Chinese New Year,
Star News 26th January 2009</description><keyword>World Champion Bowler &amp;amp; QP Wearer Sin Li Jane Celebrates Chinese New Year,
Star News 26th January 2009</keyword><robots>all</robots><author>klhunter</author></meta></chi></article>