<?xml version='1.0' encoding='utf-8'?><article><en><title>FE Sponsors &quot;Hope for Children&quot; Event &amp; Concert in Manila, Philippines, 06th &amp; 07th February 2009!!</title><content>&lt;table border=&quot;0&quot; cellpadding=&quot;0&quot; cellspacing=&quot;0&quot; width=&quot;100%&quot;&gt;
	&lt;tbody&gt;
		&lt;tr&gt;
			&lt;td valign=&quot;top&quot; width=&quot;740&quot;&gt;
				&lt;table border=&quot;0&quot; cellpadding=&quot;0&quot; cellspacing=&quot;0&quot; width=&quot;100%&quot;&gt;
					&lt;tbody&gt;
						&lt;tr&gt;
							&lt;td bgcolor=&quot;#999999&quot; valign=&quot;top&quot;&gt;
								&lt;table border=&quot;0&quot; cellpadding=&quot;10&quot; cellspacing=&quot;1&quot; width=&quot;100%&quot;&gt;
									&lt;tbody&gt;
										&lt;tr&gt;
											&lt;td bgcolor=&quot;#EEF0FC&quot; height=&quot;943&quot; valign=&quot;top&quot;&gt;
												&lt;table border=&quot;0&quot; cellpadding=&quot;0&quot; cellspacing=&quot;0&quot; width=&quot;100%&quot;&gt;
													&lt;tbody&gt;
														&lt;tr&gt;
															&lt;td class=&quot;content&quot;&gt;
																&lt;p&gt;
																	FusionExcel International through the generosity of Mayor Marides C Fernando of Marikina, Manila, presents &amp;quot;HOPE4CHILDREN&amp;quot; a 2 nights benefit event and concert for underprivileged children featuring some of Philippines superstars, K 24/7, Jimmy Bondoc, DJ Mike, Luke Mejares, Paolo Santos, Top Suzara and Mike Chan. Feb 6th will be FusionExcel night and Feb 07th will be the all star concert starting at 6:30PM at the Marikina Sports Park, Basketball Gymnasium.&lt;br /&gt;
																	&lt;br /&gt;
																	&lt;strong&gt;ADMISSION IS FREE!!!&lt;/strong&gt;&lt;/p&gt;
																&lt;strong&gt;For Free Ticket Inquiries, Contact 09228502197&lt;/strong&gt;.&lt;/td&gt;
														&lt;/tr&gt;
														&lt;tr&gt;
															&lt;td&gt;
																&lt;table border=&quot;0&quot; cellpadding=&quot;0&quot; cellspacing=&quot;0&quot; width=&quot;100%&quot;&gt;
																	&lt;tbody&gt;
																		&lt;tr align=&quot;center&quot; valign=&quot;top&quot;&gt;
																			&lt;td align=&quot;center&quot;&gt;
																				&lt;img height=&quot;825&quot; src=&quot;http://fusionexcel.com/imgnews/char_hope4children.jpg&quot; width=&quot;550&quot; /&gt;&lt;/td&gt;
																		&lt;/tr&gt;
																	&lt;/tbody&gt;
																&lt;/table&gt;
															&lt;/td&gt;
														&lt;/tr&gt;
													&lt;/tbody&gt;
												&lt;/table&gt;
											&lt;/td&gt;
										&lt;/tr&gt;
									&lt;/tbody&gt;
								&lt;/table&gt;
							&lt;/td&gt;
						&lt;/tr&gt;
					&lt;/tbody&gt;
				&lt;/table&gt;
			&lt;/td&gt;
		&lt;/tr&gt;
	&lt;/tbody&gt;
&lt;/table&gt;
&lt;p&gt;
	&amp;nbsp;&lt;/p&gt;
</content><meta><description>FusionExcel presents &quot;HOPE4CHILDREN&quot; a 2 nights benefit event and concert for underprivileged children featuring some of Philippines superstars.</description><keyword>Mayor Marides C Fernando of Marikina, &quot;HOPE4CHILDREN&quot;, K 24/7, Jimmy Bondoc, DJ Mike, Luke Mejares, Paolo Santos, Top Suzara, Mike Chan, Contact 09228502197</keyword><robots>all</robots><author>klhunter</author></meta></en><bm><title>FE Sponsors &quot;Hope for Children&quot; Event &amp; Concert in Manila, Philippines, 06th &amp; 07th February 2009!!</title><content></content><meta><description>FusionExcel presents &quot;HOPE4CHILDREN&quot; a 2 nights benefit event and concert for underprivileged children featuring some of Philippines superstars.</description><keyword>Mayor Marides C Fernando of Marikina, &quot;HOPE4CHILDREN&quot;, K 24/7, Jimmy Bondoc, DJ Mike, Luke Mejares, Paolo Santos, Top Suzara, Mike Chan, Contact 09228502197</keyword><robots>all</robots><author>klhunter</author></meta></bm><chi><title>FE Sponsors &quot;Hope for Children&quot; Event &amp; Concert in Manila, Philippines, 06th &amp; 07th February 2009!!</title><content></content><meta><description>FusionExcel presents &quot;HOPE4CHILDREN&quot; a 2 nights benefit event and concert for underprivileged children featuring some of Philippines superstars.</description><keyword>Mayor Marides C Fernando of Marikina, &quot;HOPE4CHILDREN&quot;, K 24/7, Jimmy Bondoc, DJ Mike, Luke Mejares, Paolo Santos, Top Suzara, Mike Chan, Contact 09228502197</keyword><robots>all</robots><author>klhunter</author></meta></chi></article>