<?xml version='1.0' encoding='utf-8'?><article><en><title>Testimonial - Quantum Pendant</title><content>&lt;table border=&quot;0&quot; cellpadding=&quot;0&quot; cellspacing=&quot;0&quot; width=&quot;100%&quot;&gt;
	&lt;tbody&gt;
		&lt;tr&gt;
			&lt;td valign=&quot;top&quot; width=&quot;740&quot;&gt;
				&lt;table border=&quot;0&quot; cellpadding=&quot;0&quot; cellspacing=&quot;0&quot; width=&quot;100%&quot;&gt;
					&lt;tbody&gt;
						&lt;tr&gt;
							&lt;td bgcolor=&quot;#999999&quot; valign=&quot;top&quot;&gt;
								&lt;table border=&quot;0&quot; cellpadding=&quot;1&quot; cellspacing=&quot;1&quot; width=&quot;100%&quot;&gt;
									&lt;tbody&gt;
										&lt;tr valign=&quot;middle&quot;&gt;
											&lt;td background=&quot;img/buttonbg2.gif&quot; class=&quot;header_title style4&quot; height=&quot;25&quot;&gt;
												&amp;nbsp;&amp;nbsp;Irshaad Sayed (South Africa), Lightweight World Muay Thai Champion.&lt;/td&gt;
										&lt;/tr&gt;
										&lt;tr background=&quot;img/testimonial_bg.jpg&quot; bgcolor=&quot;#EEF0FC&quot;&gt;
											&lt;td valign=&quot;top&quot;&gt;
												&lt;table border=&quot;0&quot; cellpadding=&quot;0&quot; cellspacing=&quot;0&quot; height=&quot;1000&quot; width=&quot;100%&quot;&gt;
													&lt;tbody&gt;
														&lt;tr&gt;
															&lt;td background=&quot;img/testimonial_bg.jpg&quot; class=&quot;conthead&quot; height=&quot;10&quot; valign=&quot;top&quot;&gt;
																&amp;nbsp;&lt;/td&gt;
														&lt;/tr&gt;
														&lt;tr&gt;
															&lt;td class=&quot;content&quot; valign=&quot;top&quot;&gt;
																&lt;table border=&quot;0&quot; cellpadding=&quot;0&quot; cellspacing=&quot;0&quot; width=&quot;100%&quot;&gt;
																	&lt;tbody&gt;
																		&lt;tr&gt;
																			&lt;td width=&quot;10&quot;&gt;
																				&amp;nbsp;&lt;/td&gt;
																			&lt;td class=&quot;content&quot;&gt;
																				&lt;table border=&quot;0&quot; cellpadding=&quot;0&quot; cellspacing=&quot;0&quot; width=&quot;100%&quot;&gt;
																					&lt;tbody&gt;
																						&lt;tr&gt;
																							&lt;td class=&quot;content&quot; colspan=&quot;2&quot;&gt;
																								FusionExcel Congratulates Quantum Pendant Wearer Irshaad Sayed, Lightweight World Muay Thai Champion from South Africa, for Winning World Muay Thai Champion Asia Title Fight against &amp;quot;Battleship&amp;quot; Kenneth Lee!&lt;/td&gt;
																						&lt;/tr&gt;
																						&lt;tr&gt;
																							&lt;td width=&quot;50%&quot;&gt;
																								&lt;img height=&quot;266&quot; src=&quot;http://fusionexcel.com/imgnews/test_Irshaad_1.jpg&quot; width=&quot;352&quot; /&gt;&lt;/td&gt;
																							&lt;td align=&quot;right&quot; width=&quot;50%&quot;&gt;
																								&lt;img height=&quot;266&quot; src=&quot;http://fusionexcel.com/imgnews/test_Irshaad_2.jpg&quot; width=&quot;352&quot; /&gt;&lt;/td&gt;
																						&lt;/tr&gt;
																						&lt;tr&gt;
																							&lt;td&gt;
																								&lt;img height=&quot;266&quot; src=&quot;http://fusionexcel.com/imgnews/test_Irshaad_3.jpg&quot; width=&quot;352&quot; /&gt;&lt;/td&gt;
																							&lt;td align=&quot;right&quot;&gt;
																								&lt;img height=&quot;266&quot; src=&quot;http://fusionexcel.com/imgnews/test_Irshaad_4.jpg&quot; width=&quot;352&quot; /&gt;&lt;/td&gt;
																						&lt;/tr&gt;
																					&lt;/tbody&gt;
																				&lt;/table&gt;
																			&lt;/td&gt;
																			&lt;td width=&quot;10&quot;&gt;
																				&amp;nbsp;&lt;/td&gt;
																		&lt;/tr&gt;
																	&lt;/tbody&gt;
																&lt;/table&gt;
															&lt;/td&gt;
														&lt;/tr&gt;
													&lt;/tbody&gt;
												&lt;/table&gt;
											&lt;/td&gt;
										&lt;/tr&gt;
									&lt;/tbody&gt;
								&lt;/table&gt;
							&lt;/td&gt;
						&lt;/tr&gt;
					&lt;/tbody&gt;
				&lt;/table&gt;
			&lt;/td&gt;
		&lt;/tr&gt;
	&lt;/tbody&gt;
&lt;/table&gt;
&lt;p&gt;
	&amp;nbsp;&lt;/p&gt;
</content><meta><description>FusionExcel Congratulates Quantum Pendant Wearer Irshaad Sayed, Lightweight World Muay Thai Champion from South Africa.</description><keyword>Irshaad Sayed, South Africa, Lightweight World Muay Thai Champion, Quantum Pendant Wearer, Asia, Battleship, Kenneth Lee.</keyword><robots>all</robots><author>klhunter</author></meta></en><bm><title>Testimonial - Quantum Pendant</title><content></content><meta><description>FusionExcel Congratulates Quantum Pendant Wearer Irshaad Sayed, Lightweight World Muay Thai Champion from South Africa.</description><keyword>Irshaad Sayed, South Africa, Lightweight World Muay Thai Champion, Quantum Pendant Wearer, Asia, Battleship, Kenneth Lee.</keyword><robots>all</robots><author>klhunter</author></meta></bm><chi><title>Testimonial - Quantum Pendant</title><content></content><meta><description>FusionExcel Congratulates Quantum Pendant Wearer Irshaad Sayed, Lightweight World Muay Thai Champion from South Africa.</description><keyword>Irshaad Sayed, South Africa, Lightweight World Muay Thai Champion, Quantum Pendant Wearer, Asia, Battleship, Kenneth Lee.</keyword><robots>all</robots><author>klhunter</author></meta></chi></article>