<?xml version='1.0' encoding='utf-8'?><article><en><title>Letter of Appreciation &quot;Hope for Children&quot; Charity Drive.!</title><content>&lt;table border=&quot;0&quot; cellpadding=&quot;0&quot; cellspacing=&quot;0&quot; width=&quot;100%&quot;&gt;
	&lt;tbody&gt;
		&lt;tr&gt;
			&lt;td valign=&quot;top&quot; width=&quot;740&quot;&gt;
				&lt;table border=&quot;0&quot; cellpadding=&quot;0&quot; cellspacing=&quot;0&quot; width=&quot;100%&quot;&gt;
					&lt;tbody&gt;
						&lt;tr&gt;
							&lt;td bgcolor=&quot;#999999&quot; valign=&quot;top&quot;&gt;
								&lt;table border=&quot;0&quot; cellpadding=&quot;10&quot; cellspacing=&quot;1&quot; width=&quot;100%&quot;&gt;
									&lt;tbody&gt;
										&lt;tr&gt;
											&lt;td bgcolor=&quot;#EEF0FC&quot; height=&quot;943&quot; valign=&quot;top&quot;&gt;
												&lt;table border=&quot;0&quot; cellpadding=&quot;0&quot; cellspacing=&quot;0&quot; width=&quot;100%&quot;&gt;
													&lt;tbody&gt;
														&lt;tr&gt;
															&lt;td&gt;
																&lt;table border=&quot;0&quot; cellpadding=&quot;0&quot; cellspacing=&quot;0&quot; width=&quot;100%&quot;&gt;
																	&lt;tbody&gt;
																		&lt;tr valign=&quot;top&quot;&gt;
																			&lt;td align=&quot;left&quot; width=&quot;50%&quot;&gt;
																				&lt;img height=&quot;266&quot; src=&quot;http://fusionexcel.com/imgnews/news_hope_for_children_letter.jpg&quot; width=&quot;354&quot; /&gt;&lt;/td&gt;
																			&lt;td align=&quot;right&quot;&gt;
																				&lt;img height=&quot;266&quot; src=&quot;http://fusionexcel.com/imgnews/char_hope_for_children_3.jpg&quot; width=&quot;354&quot; /&gt;&lt;/td&gt;
																		&lt;/tr&gt;
																		&lt;tr valign=&quot;top&quot;&gt;
																			&lt;td align=&quot;center&quot; colspan=&quot;2&quot; height=&quot;10&quot;&gt;
																				&lt;img height=&quot;883&quot; src=&quot;http://fusionexcel.com/imgnews/news_hope_for_children_letter_1.jpg&quot; width=&quot;700&quot; /&gt;&lt;/td&gt;
																		&lt;/tr&gt;
																	&lt;/tbody&gt;
																&lt;/table&gt;
															&lt;/td&gt;
														&lt;/tr&gt;
													&lt;/tbody&gt;
												&lt;/table&gt;
											&lt;/td&gt;
										&lt;/tr&gt;
									&lt;/tbody&gt;
								&lt;/table&gt;
							&lt;/td&gt;
						&lt;/tr&gt;
					&lt;/tbody&gt;
				&lt;/table&gt;
			&lt;/td&gt;
		&lt;/tr&gt;
	&lt;/tbody&gt;
&lt;/table&gt;
&lt;p&gt;
	&amp;nbsp;&lt;/p&gt;
</content><meta><description>Certificate of appreciation to Mr. Paul Ting, CEO FusionExcel International for participation in the projects and programs for the Lighthouse Center for Children Foundation.</description><keyword>Certificate of appreciation, Mr. Paul Ting, Lighthouse Center for Children Foundation, 7th February 2009, Marikina City</keyword><robots>all</robots><author>klhunter</author></meta></en><bm><title>Letter of Appreciation &quot;Hope for Children&quot; Charity Drive.!</title><content></content><meta><description>Certificate of appreciation to Mr. Paul Ting, CEO FusionExcel International for participation in the projects and programs for the Lighthouse Center for Children Foundation.</description><keyword>Certificate of appreciation, Mr. Paul Ting, Lighthouse Center for Children Foundation, 7th February 2009, Marikina City</keyword><robots>all</robots><author>klhunter</author></meta></bm><chi><title>Letter of Appreciation &quot;Hope for Children&quot; Charity Drive.!</title><content></content><meta><description>Certificate of appreciation to Mr. Paul Ting, CEO FusionExcel International for participation in the projects and programs for the Lighthouse Center for Children Foundation.</description><keyword>Certificate of appreciation, Mr. Paul Ting, Lighthouse Center for Children Foundation, 7th February 2009, Marikina City</keyword><robots>all</robots><author>klhunter</author></meta></chi></article>