<?xml version='1.0' encoding='utf-8'?><article><en><title>FE Donates RM 20,000 to Women's Aid Organisation 28th February 2009!!</title><content>&lt;p&gt;
	&amp;nbsp;&lt;/p&gt;
&lt;div align=&quot;center&quot;&gt;
	&lt;img src=&quot;http://fusionexcel.com/imgnews/news_womens_aid.jpg&quot; /&gt;&lt;/div&gt;
&lt;p&gt;
	FE continues to help the underprivileged and the needy as part of it&amp;#39;s social entrepreneurship drive. At FE&amp;#39;s function at PGRM on the 28th February 2009, FE presented a mockup cheque of RM 20,000 as donation to the Women&amp;#39;s Aid Organisation (WAO) represented by Annie Varghese. WAO provides home and shelter where victims of domestic violence and their children can seek refuge. WAO was started in 1979 by the late Tun Tan Siew Sin. FE is proud to be able to contribute towards the shelter and help the victims of domestic violence.&lt;/p&gt;
</content><meta><description>FusionExcel continues to help the underprivileged and the needy as part of its social entrepreneurship drive. At FusionExcel's function at PGRM on the 28th February 2009, FusionExcel presented a mockup cheque of RM 20,000 as donation to the Women's Aid Organisation (WAO) represented by Annie Varghese. WAO provides home and shelter where victims of domestic violence and their children can seek refuge. WAO was started in 1979 by the late Tun Tan Siew Sin.</description><keyword>underprivileged, PGRM, mockup cheque, Women's Aid Organisation (WAO), Annie Varghese</keyword><robots>all</robots><author>klhunter</author></meta></en><bm><title>FE Donates RM 20,000 to Women's Aid Organisation 28th February 2009!!</title><content></content><meta><description>FusionExcel continues to help the underprivileged and the needy as part of its social entrepreneurship drive. At FusionExcel's function at PGRM on the 28th February 2009, FusionExcel presented a mockup cheque of RM 20,000 as donation to the Women's Aid Organisation (WAO) represented by Annie Varghese. WAO provides home and shelter where victims of domestic violence and their children can seek refuge. WAO was started in 1979 by the late Tun Tan Siew Sin.</description><keyword>underprivileged, PGRM, mockup cheque, Women's Aid Organisation (WAO), Annie Varghese</keyword><robots>all</robots><author>klhunter</author></meta></bm><chi><title>FE Donates RM 20,000 to Women's Aid Organisation 28th February 2009!!</title><content></content><meta><description>FusionExcel continues to help the underprivileged and the needy as part of its social entrepreneurship drive. At FusionExcel's function at PGRM on the 28th February 2009, FusionExcel presented a mockup cheque of RM 20,000 as donation to the Women's Aid Organisation (WAO) represented by Annie Varghese. WAO provides home and shelter where victims of domestic violence and their children can seek refuge. WAO was started in 1979 by the late Tun Tan Siew Sin.</description><keyword>underprivileged, PGRM, mockup cheque, Women's Aid Organisation (WAO), Annie Varghese</keyword><robots>all</robots><author>klhunter</author></meta></chi></article>