<?xml version='1.0' encoding='utf-8'?><article><en><title>Professional Network Marketing Course in Bahasa Language at Empress Sepang Hotel (with Open University Malaysia Certificate) 14th &amp; 15th March 2009. </title><content>&lt;p&gt;
	&lt;br /&gt;
	&lt;img height=&quot;496&quot; src=&quot;http://fusionexcel.com/imgnews/news_PNM_Bahasa.jpg&quot; width=&quot;700&quot; /&gt;&lt;/p&gt;
</content><meta><description>Professional Network Marketing Course in Bahasa Language at Empress Sepang Hotel
(with Open University Malaysia Certificate) 14th &amp;amp; 15th March 2009.</description><keyword>Professional Network Marketing Course in Bahasa Language at Empress Sepang Hotel (with Open University Malaysia Certificate) 14th &amp; 15th March 2009. </keyword><robots>all</robots><author>klhunter</author></meta></en><bm><title>Professional Network Marketing Course in Bahasa Language at Empress Sepang Hotel (with Open University Malaysia Certificate) 14th &amp; 15th March 2009. </title><content></content><meta><description>Professional Network Marketing Course in Bahasa Language at Empress Sepang Hotel
(with Open University Malaysia Certificate) 14th &amp;amp; 15th March 2009.</description><keyword>Professional Network Marketing Course in Bahasa Language at Empress Sepang Hotel (with Open University Malaysia Certificate) 14th &amp; 15th March 2009. </keyword><robots>all</robots><author>klhunter</author></meta></bm><chi><title>Professional Network Marketing Course in Bahasa Language at Empress Sepang Hotel (with Open University Malaysia Certificate) 14th &amp; 15th March 2009. </title><content></content><meta><description>Professional Network Marketing Course in Bahasa Language at Empress Sepang Hotel
(with Open University Malaysia Certificate) 14th &amp;amp; 15th March 2009.</description><keyword>Professional Network Marketing Course in Bahasa Language at Empress Sepang Hotel (with Open University Malaysia Certificate) 14th &amp; 15th March 2009. </keyword><robots>all</robots><author>klhunter</author></meta></chi></article>