<?xml version="1.0" encoding="utf-8"?>
<article><en><title>FE Launches In The USA !</title><content>&lt;table border="0" cellpadding="0" cellspacing="0" style="color: rgb(0, 0, 0); font-family: 'Times New Roman'; background-color: rgb(238, 240, 252); font-size: medium; " width="100%"&gt;
	&lt;tbody&gt;
		&lt;tr&gt;
			&lt;td valign="top"&gt;
				&lt;table border="0" cellpadding="0" cellspacing="0" width="100%"&gt;
					&lt;tbody&gt;
						&lt;tr valign="baseline"&gt;
							&lt;td class="content" rowspan="7" style="font-family: Verdana, Arial, Helvetica, sans-serif; font-size: 13px; text-align: justify; " valign="top" width="70%"&gt;
								FusionExcel is proud to announce its launch in the USA at the 2008 PGA Merchandise Show, Orange County Convention Centre, Orlando, Florida, USA from January 17th-19th 2008.&lt;br /&gt;
								&lt;br /&gt;
								&lt;br /&gt;
								The PGA Merchandise Show in Orlando is the WORLD&amp;rsquo;S LARGEST golf exhibition for golf products and services, attended by all the who&amp;rsquo;s who&amp;rsquo;s in the golf industry. Special events at the show include the annual PGA America Awards Night (honouring 11 award winners, including the PGA Golf Professional of the Year and the Ernie Sabayrac Award).&lt;br /&gt;
								&lt;br /&gt;
								&lt;br /&gt;
								FusionExcel has taken a large premium area at the 2008 PGA Merchandise Show, Orlando to launch our Quantum Pendant in the USA. Our American leaders, including Lance Reader (2004 World Golf Long Drive Record Holder) and Scott Smith(current World Golf Long Drive Record Holder) will be at FusionExcel&amp;rsquo;s booth during the launch to promote our Quantum Pendant.&lt;br /&gt;
								&lt;br /&gt;
								&lt;br /&gt;
								The USA is the LARGEST MLM market in the world today with annual sales of USD 30 billion. This is 20 TIMES the size of Malaysia&amp;rsquo;s MLM market of around USD 1.5 billion per annum!&lt;br /&gt;
								&lt;br /&gt;
								&lt;br /&gt;
								FusionExcel&amp;rsquo;s step of entering the USA market is part of our global expansion programme which will provide a whole lot of new opportunities for our leaders and will take them to greater heights with totally new levels of income potential that are unimaginable in Malaysia.&lt;br /&gt;
								&lt;br /&gt;
								&lt;br /&gt;
								Start contacting your American friends and we look forward to seeing you and your American leaders at our launch at the 2008 PGA Merchandise Show, Orlando, Florida, USA!&lt;/td&gt;
						&lt;/tr&gt;
						&lt;tr align="right" valign="baseline"&gt;
							&lt;td align="right" valign="top"&gt;
								&lt;a href="http://www.pgamerchandiseshow.com/" target="_blank"&gt;&lt;img border="0" height="112" src="http://www.fusionexcel.com/imgnews/news_USA01.jpg" width="196" /&gt;&lt;/a&gt;&lt;/td&gt;
						&lt;/tr&gt;
						&lt;tr style="margin-bottom:1px; margin-top:1px;"&gt;
							&lt;td align="right" valign="top"&gt;
								&lt;img height="143" src="http://www.fusionexcel.com/imgnews/news_USA02.jpg" width="196" /&gt;&lt;/td&gt;
						&lt;/tr&gt;
						&lt;tr style="margin-bottom:1px; margin-top:1px;"&gt;
							&lt;td align="right" valign="top"&gt;
								&lt;img height="143" src="http://www.fusionexcel.com/imgnews/news_USA03.jpg" width="196" /&gt;&lt;/td&gt;
						&lt;/tr&gt;
						&lt;tr style="margin-bottom:1px; margin-top:1px;"&gt;
							&lt;td align="right" valign="top"&gt;
								&lt;img height="143" src="http://www.fusionexcel.com/imgnews/news_USA04.jpg" width="196" /&gt;&lt;/td&gt;
						&lt;/tr&gt;
					&lt;/tbody&gt;
				&lt;/table&gt;
			&lt;/td&gt;
		&lt;/tr&gt;
	&lt;/tbody&gt;
&lt;/table&gt;
&lt;p&gt;
	&amp;nbsp;&lt;/p&gt;
</content><meta><description>"Great News! For the month of October and November 2007, FE is having a PROMOTION whereby All New Members will be provided with FOUR(4) months FREE MAINTENANCE (including the month of joinining)

Hurry! Get your prospects to JOIN NOW!</description><keyword>FusionExcel International</keyword><robots>all</robots><author>klhunter</author></meta></en><bm><title>FE Donates RM 20,000 to Women's Aid Organisation!</title><content></content><meta><description>FE Donates RM 20,000 to Women's Aid Organisation!</description><keyword>FE Donates RM 20,000 to Women's Aid Organisation!</keyword><robots>all</robots><author>klhunter</author></meta></bm><chi><title>FE Donates RM 20,000 to Women's Aid Organisation!</title><content></content><meta><description>FE Donates RM 20,000 to Women's Aid Organisation!</description><keyword>FE Donates RM 20,000 to Women's Aid Organisation!</keyword><robots>all</robots><author>klhunter</author></meta></chi></article>
