<?xml version='1.0' encoding='utf-8'?><article><en><title>FusionExcel's Vietnam Country Licensee Office Is Now Open!</title><content>&lt;table border=&quot;0&quot; cellpadding=&quot;0&quot; cellspacing=&quot;0&quot; width=&quot;100%&quot;&gt;
	&lt;tbody&gt;
		&lt;tr&gt;
			&lt;td valign=&quot;top&quot; width=&quot;740&quot;&gt;
				&lt;table border=&quot;0&quot; cellpadding=&quot;0&quot; cellspacing=&quot;0&quot; width=&quot;100%&quot;&gt;
					&lt;tbody&gt;
						&lt;tr&gt;
							&lt;td bgcolor=&quot;#999999&quot; valign=&quot;top&quot;&gt;
								&lt;table border=&quot;0&quot; cellpadding=&quot;10&quot; cellspacing=&quot;1&quot; width=&quot;100%&quot;&gt;
									&lt;tbody&gt;
										&lt;tr&gt;
											&lt;td bgcolor=&quot;#EEF0FC&quot; valign=&quot;top&quot;&gt;
												&lt;table border=&quot;0&quot; cellpadding=&quot;0&quot; cellspacing=&quot;0&quot; width=&quot;100%&quot;&gt;
													&lt;tbody&gt;
														&lt;tr&gt;
															&lt;td class=&quot;content&quot; valign=&quot;top&quot;&gt;
																FusionExcel&amp;#39;s Country Licensee office is now opened for trainings and BEPs every Thursday and Saturday. The office is located at SO1-2 Grand View 1, Phu My Hung, Nguyen Duc Canh Street, Tan Phong Ward, District 7, Ho Chi Minh, Vietnam. The first training session at the Country Licensee office was conducted by Presidential Director KC Phoon on 08th March 2009 and attended by 60 enthusiastic leaders including several from Malaysia who brought their Vietnamese down lines to attend. FusionExcel&amp;#39;s Founder CEO was there to share FusionExcel&amp;#39;s success and later attended dinner with the leaders. FusionExcel is very confident that Vietnam will be another great success story for FusionExcel under the leadership of Vietnam Country Licensee Mr Doan and Ms Hieu. A BIG THANK YOU to all the Malaysian and Thai FusionExcel Leaders who are now actively promoting FusionExcel in Vietnam! See you all at the top!&lt;/td&gt;
														&lt;/tr&gt;
														&lt;tr&gt;
															&lt;td class=&quot;content&quot; valign=&quot;top&quot;&gt;
																&lt;table border=&quot;0&quot; cellpadding=&quot;0&quot; cellspacing=&quot;0&quot; class=&quot;content&quot; width=&quot;100%&quot;&gt;
																	&lt;tbody&gt;
																		&lt;tr&gt;
																			&lt;td align=&quot;left&quot; height=&quot;226&quot; valign=&quot;top&quot;&gt;
																				&lt;img height=&quot;266&quot; src=&quot;http://fusionexcel.com/imgnews/news_vietnam_cl_1.jpg&quot; width=&quot;354&quot; /&gt;&lt;/td&gt;
																			&lt;td align=&quot;right&quot; height=&quot;226&quot; valign=&quot;top&quot;&gt;
																				&lt;img height=&quot;266&quot; src=&quot;http://fusionexcel.com/imgnews/news_vietnam_cl_2.jpg&quot; width=&quot;354&quot; /&gt;&lt;/td&gt;
																		&lt;/tr&gt;
																		&lt;tr&gt;
																			&lt;td align=&quot;left&quot; height=&quot;226&quot; valign=&quot;top&quot;&gt;
																				&lt;img height=&quot;266&quot; src=&quot;http://fusionexcel.com/imgnews/news_vietnam_cl_3.jpg&quot; width=&quot;354&quot; /&gt;&lt;/td&gt;
																			&lt;td align=&quot;right&quot; valign=&quot;top&quot;&gt;
																				&lt;img height=&quot;266&quot; src=&quot;http://fusionexcel.com/imgnews/news_vietnam_cl_4.jpg&quot; width=&quot;354&quot; /&gt;&lt;/td&gt;
																		&lt;/tr&gt;
																		&lt;tr&gt;
																			&lt;td align=&quot;left&quot; height=&quot;10&quot;&gt;
																				&lt;img height=&quot;266&quot; src=&quot;http://fusionexcel.com/imgnews/news_vietnam_cl_5.jpg&quot; width=&quot;354&quot; /&gt;&lt;/td&gt;
																			&lt;td align=&quot;right&quot;&gt;
																				&lt;img height=&quot;266&quot; src=&quot;http://fusionexcel.com/imgnews/news_vietnam_cl_6.jpg&quot; width=&quot;354&quot; /&gt;&lt;/td&gt;
																		&lt;/tr&gt;
																		&lt;tr&gt;
																			&lt;td align=&quot;left&quot; height=&quot;10&quot;&gt;
																				&lt;img height=&quot;266&quot; src=&quot;http://fusionexcel.com/imgnews/news_vietnam_cl_7.jpg&quot; width=&quot;354&quot; /&gt;&lt;/td&gt;
																			&lt;td align=&quot;right&quot;&gt;
																				&lt;img height=&quot;266&quot; src=&quot;http://fusionexcel.com/imgnews/news_vietnam_cl_8.jpg&quot; width=&quot;354&quot; /&gt;&lt;/td&gt;
																		&lt;/tr&gt;
																		&lt;tr&gt;
																			&lt;td align=&quot;left&quot; height=&quot;224&quot; valign=&quot;top&quot;&gt;
																				&lt;img height=&quot;266&quot; src=&quot;http://fusionexcel.com/imgnews/news_vietnam_cl_9.jpg&quot; width=&quot;354&quot; /&gt;&lt;/td&gt;
																			&lt;td align=&quot;right&quot; valign=&quot;top&quot;&gt;
																				&lt;img height=&quot;266&quot; src=&quot;http://fusionexcel.com/imgnews/news_vietnam_cl_10.jpg&quot; width=&quot;354&quot; /&gt;&lt;/td&gt;
																		&lt;/tr&gt;
																	&lt;/tbody&gt;
																&lt;/table&gt;
															&lt;/td&gt;
														&lt;/tr&gt;
													&lt;/tbody&gt;
												&lt;/table&gt;
											&lt;/td&gt;
										&lt;/tr&gt;
									&lt;/tbody&gt;
								&lt;/table&gt;
							&lt;/td&gt;
						&lt;/tr&gt;
					&lt;/tbody&gt;
				&lt;/table&gt;
			&lt;/td&gt;
		&lt;/tr&gt;
	&lt;/tbody&gt;
&lt;/table&gt;
&lt;p&gt;
	&amp;nbsp;&lt;/p&gt;
</content><meta><description>FusionExcel's Vietnam Country Licensee Office Is Now Open!</description><keyword>FusionExcel's Vietnam Country Licensee Office Is Now Open!</keyword><robots>all</robots><author>klhunter</author></meta></en><bm><title>FusionExcel's Vietnam Country Licensee Office Is Now Open!</title><content></content><meta><description>FusionExcel's Vietnam Country Licensee Office Is Now Open!</description><keyword>FusionExcel's Vietnam Country Licensee Office Is Now Open!</keyword><robots>all</robots><author>klhunter</author></meta></bm><chi><title>FusionExcel's Vietnam Country Licensee Office Is Now Open!</title><content></content><meta><description>FusionExcel's Vietnam Country Licensee Office Is Now Open!</description><keyword>FusionExcel's Vietnam Country Licensee Office Is Now Open!</keyword><robots>all</robots><author>klhunter</author></meta></chi></article>