<?xml version='1.0' encoding='utf-8'?><article><en><title>FusionExcel Sponsors Muay Thai Event Live on Thailand's BBTV Channel 7!</title><content>&lt;table border=&quot;0&quot; cellpadding=&quot;0&quot; cellspacing=&quot;0&quot; width=&quot;100%&quot;&gt;
	&lt;tbody&gt;
		&lt;tr&gt;
			&lt;td valign=&quot;top&quot; width=&quot;740&quot;&gt;
				&lt;table border=&quot;0&quot; cellpadding=&quot;0&quot; cellspacing=&quot;0&quot; width=&quot;100%&quot;&gt;
					&lt;tbody&gt;
						&lt;tr&gt;
							&lt;td bgcolor=&quot;#999999&quot; valign=&quot;top&quot;&gt;
								&lt;table border=&quot;0&quot; cellpadding=&quot;10&quot; cellspacing=&quot;1&quot; width=&quot;100%&quot;&gt;
									&lt;tbody&gt;
										&lt;tr&gt;
											&lt;td bgcolor=&quot;#EEF0FC&quot; height=&quot;943&quot; valign=&quot;top&quot;&gt;
												&lt;table border=&quot;0&quot; cellpadding=&quot;0&quot; cellspacing=&quot;0&quot; width=&quot;100%&quot;&gt;
													&lt;tbody&gt;
														&lt;tr&gt;
															&lt;td class=&quot;content&quot; valign=&quot;top&quot;&gt;
																FusionExcel is proud to sponsor Muay Thai boxing event at BBTV Channel 7&amp;#39;s indoor stadium on Sunday 15th March 2009. The event was attended by more than 3,000 spectators and telecast live on BBTV Channel 7 to an audience of 20 million all over Thailand. FusionExcel&amp;#39;s Founder CEO Paul Ting together with FusionExcel&amp;#39;s Thailand Country Licensee Don Chan attended the event and presented Quantum Pendants to the boxers in the ring. The commentator for the event is award winning Muay Thai boxing personality Chaitat Salatan (K.Piak) who is also an FusionExcel Leader and Quantum Pendant Wearer! FusionExcel is certainly building a large following in Thailand!&lt;br /&gt;
																&amp;nbsp;&lt;/td&gt;
														&lt;/tr&gt;
														&lt;tr&gt;
															&lt;td&gt;
																&lt;table border=&quot;0&quot; cellpadding=&quot;0&quot; cellspacing=&quot;0&quot; class=&quot;content&quot; width=&quot;100%&quot;&gt;
																	&lt;tbody&gt;
																		&lt;tr&gt;
																			&lt;td align=&quot;left&quot; height=&quot;226&quot; valign=&quot;top&quot; width=&quot;358&quot;&gt;
																				&lt;img height=&quot;235&quot; src=&quot;http://fusionexcel.com/imgnews/spn_thailand_bbtv_1.jpg&quot; width=&quot;354&quot; /&gt;&lt;/td&gt;
																			&lt;td align=&quot;right&quot; valign=&quot;top&quot; width=&quot;360&quot;&gt;
																				&lt;img height=&quot;236&quot; src=&quot;http://fusionexcel.com/imgnews/spn_thailand_bbtv_2.jpg&quot; width=&quot;354&quot; /&gt;&lt;/td&gt;
																		&lt;/tr&gt;
																		&lt;tr&gt;
																			&lt;td align=&quot;left&quot; height=&quot;224&quot; valign=&quot;top&quot;&gt;
																				&lt;img height=&quot;235&quot; src=&quot;http://fusionexcel.com/imgnews/spn_thailand_bbtv_3.jpg&quot; width=&quot;354&quot; /&gt;&lt;/td&gt;
																			&lt;td align=&quot;right&quot; valign=&quot;top&quot;&gt;
																				&lt;img height=&quot;235&quot; src=&quot;http://fusionexcel.com/imgnews/spn_thailand_bbtv_4.jpg&quot; width=&quot;354&quot; /&gt;&lt;/td&gt;
																		&lt;/tr&gt;
																		&lt;tr&gt;
																			&lt;td align=&quot;center&quot; height=&quot;10&quot;&gt;
																				&lt;img src=&quot;http://fusionexcel.com/imgnews/spn_thailand_bbtv_5.jpg&quot; /&gt;&lt;/td&gt;
																			&lt;td align=&quot;right&quot; valign=&quot;top&quot;&gt;
																				&lt;img height=&quot;236&quot; src=&quot;http://fusionexcel.com/imgnews/spn_thailand_bbtv_6.jpg&quot; width=&quot;354&quot; /&gt;&lt;/td&gt;
																		&lt;/tr&gt;
																		&lt;tr&gt;
																			&lt;td align=&quot;left&quot; height=&quot;10&quot;&gt;
																				&lt;img height=&quot;236&quot; src=&quot;http://fusionexcel.com/imgnews/spn_thailand_bbtv_7.jpg&quot; width=&quot;354&quot; /&gt;&lt;/td&gt;
																			&lt;td align=&quot;right&quot;&gt;
																				&lt;img height=&quot;236&quot; src=&quot;http://fusionexcel.com/imgnews/spn_thailand_bbtv_8.jpg&quot; width=&quot;354&quot; /&gt;&lt;/td&gt;
																		&lt;/tr&gt;
																	&lt;/tbody&gt;
																&lt;/table&gt;
															&lt;/td&gt;
														&lt;/tr&gt;
													&lt;/tbody&gt;
												&lt;/table&gt;
											&lt;/td&gt;
										&lt;/tr&gt;
									&lt;/tbody&gt;
								&lt;/table&gt;
							&lt;/td&gt;
						&lt;/tr&gt;
					&lt;/tbody&gt;
				&lt;/table&gt;
			&lt;/td&gt;
		&lt;/tr&gt;
	&lt;/tbody&gt;
&lt;/table&gt;
&lt;p&gt;
	&amp;nbsp;&lt;/p&gt;
</content><meta><description>FusionExcel is proud to sponsor Muay Thai boxing event at BBTV Channel 7's indoor stadium on Sunday 15th March 2009.</description><keyword>FusionExcel, Muay Thai Event Live on Thailand's BBTV Channel 7, 15th March 2009, Founder CEO Paul Ting, Chaitat Salatan (K.Piak), Don Chan.</keyword><robots>all</robots><author>klhunter</author></meta></en><bm><title>FusionExcel Sponsors Muay Thai Event Live on Thailand's BBTV Channel 7!</title><content></content><meta><description>FusionExcel is proud to sponsor Muay Thai boxing event at BBTV Channel 7's indoor stadium on Sunday 15th March 2009.</description><keyword>FusionExcel, Muay Thai Event Live on Thailand's BBTV Channel 7, 15th March 2009, Founder CEO Paul Ting, Chaitat Salatan (K.Piak), Don Chan.</keyword><robots>all</robots><author>klhunter</author></meta></bm><chi><title>FusionExcel Sponsors Muay Thai Event Live on Thailand's BBTV Channel 7!</title><content></content><meta><description>FusionExcel is proud to sponsor Muay Thai boxing event at BBTV Channel 7's indoor stadium on Sunday 15th March 2009.</description><keyword>FusionExcel, Muay Thai Event Live on Thailand's BBTV Channel 7, 15th March 2009, Founder CEO Paul Ting, Chaitat Salatan (K.Piak), Don Chan.</keyword><robots>all</robots><author>klhunter</author></meta></chi></article>