<?xml version='1.0' encoding='utf-8'?><article><en><title>FusionExcel Mind Appraisal Program (MAP) For FE Leaders 27th - 28th March 2009. </title><content>&lt;p&gt;
	&amp;nbsp;&lt;/p&gt;
&lt;br /&gt;
&lt;div&gt;
	&lt;table border=&quot;0&quot; cellpadding=&quot;0&quot; cellspacing=&quot;0&quot; width=&quot;100%&quot;&gt;
		&lt;tbody&gt;
			&lt;tr&gt;
				&lt;td align=&quot;center&quot; height=&quot;301&quot; valign=&quot;top&quot; width=&quot;718&quot;&gt;
					&lt;img height=&quot;924&quot; src=&quot;http://www.fusionexcel.com/imgnews/upnews_pahang.jpg&quot; width=&quot;700&quot; /&gt;&lt;/td&gt;
			&lt;/tr&gt;
			&lt;tr&gt;
				&lt;td align=&quot;center&quot; class=&quot;font_black&quot; height=&quot;25&quot;&gt;
					&lt;br /&gt;
					&lt;a href=&quot;http://www.fusionexcel.com/upnews_pahang.pdf&quot; target=&quot;_blank&quot;&gt;Click Here to Download PDF&lt;/a&gt;&lt;br /&gt;
					&lt;br /&gt;
					&lt;a href=&quot;http://www.cuti.com.my/hotel/info.php3?id=527&amp;amp;hotel=Genting+View+Resort&quot; target=&quot;_blank&quot;&gt;Click Here for Genting View Resort Location &amp;amp; Info&lt;/a&gt;&lt;br /&gt;
					&amp;nbsp;&lt;/td&gt;
			&lt;/tr&gt;
			&lt;tr&gt;
				&lt;td class=&quot;font_black&quot; valign=&quot;top&quot;&gt;
					&lt;a href=&quot;http://www.fusionexcel.com/upnews_main.html&quot;&gt;&amp;lt;Back To Summary&amp;gt;&lt;/a&gt;&lt;/td&gt;
			&lt;/tr&gt;
		&lt;/tbody&gt;
	&lt;/table&gt;
&lt;/div&gt;
&lt;p&gt;
	&amp;nbsp;&lt;/p&gt;
</content><meta><description>FusionExcel Mind Appraisal Program (MAP) For FE Leaders 27th - 28th March 2009.</description><keyword>FusionExcel Mind Appraisal Program (MAP) For FE Leaders 27th - 28th March 2009.</keyword><robots>all</robots><author>klhunter</author></meta></en><bm><title>FusionExcel Mind Appraisal Program (MAP) For FE Leaders 27th - 28th March 2009. </title><content></content><meta><description>FusionExcel Mind Appraisal Program (MAP) For FE Leaders 27th - 28th March 2009.</description><keyword>FusionExcel Mind Appraisal Program (MAP) For FE Leaders 27th - 28th March 2009.</keyword><robots>all</robots><author>klhunter</author></meta></bm><chi><title>FusionExcel Mind Appraisal Program (MAP) For FE Leaders 27th - 28th March 2009. </title><content></content><meta><description>FusionExcel Mind Appraisal Program (MAP) For FE Leaders 27th - 28th March 2009.</description><keyword>FusionExcel Mind Appraisal Program (MAP) For FE Leaders 27th - 28th March 2009.</keyword><robots>all</robots><author>klhunter</author></meta></chi></article>