<?xml version='1.0' encoding='utf-8'?><article><en><title>FusionExcel Sponsors Singapore National Individual Chess Competition 2009! </title><content>&lt;p&gt;
	&lt;strong&gt;REPORT FROM FUSIONEXCEL EXECUTIVE DIRECTOR JASEN KHOO&lt;/strong&gt;.&lt;br /&gt;
	&lt;br /&gt;
	FusionExcel is proud to sponsor 50 Quantum Pendants as prizes to the 61st National Schools Individual Chess Championships 2009, jointly organized by the Singapore Chess Federation and the Civil Service Club @ Tessensohn. The event was held at the Civil Service Club @ Tessensohn, Singapore from 16th to 18th March 2009. A total of 1,275 students, from various National Schools in Singapore, took part in the championships, which were categorized into 10 age groups from Under 7 to Under 15 and Open category (Under 20).&lt;br /&gt;
	&lt;br /&gt;
	FusionExcel was represented by Presidential Directors Fay Lim &amp;amp; Alex Long, Executive Director Jasen Khoo and Directors Yap Choow Tun, Mok Tze Meng and Kevin Lim. The FusionExcel representatives gave demonstrations to an excited audience of students of various age groups, teachers, chess coaches, parents and other family members and chess tournament officials at the event.&amp;nbsp;&lt;br /&gt;
	&lt;br /&gt;
	The President of the Singapore Chess Federation, Mr. Ignatius Leong presented a plaque to FusionExcel to commemorate FusionExcelE&amp;rsquo;s sponsorship.&amp;nbsp;&lt;/p&gt;
&lt;br /&gt;
&lt;br /&gt;
&lt;table border=&quot;0&quot; cellpadding=&quot;0&quot; cellspacing=&quot;0&quot; class=&quot;content&quot; style=&quot;font-family: Verdana, Arial, Helvetica, sans-serif; font-size: 13px; color: rgb(0, 0, 0); text-align: justify; &quot; width=&quot;100%&quot;&gt;
	&lt;tbody&gt;
		&lt;tr&gt;
			&lt;td align=&quot;center&quot; colspan=&quot;2&quot; height=&quot;226&quot; valign=&quot;top&quot;&gt;
				&lt;img height=&quot;336&quot; src=&quot;http://www.fusionexcel.com/imgnews/spn_singapore_chess_1.jpg&quot; width=&quot;448&quot; /&gt;&lt;/td&gt;
		&lt;/tr&gt;
		&lt;tr&gt;
			&lt;td align=&quot;left&quot; height=&quot;224&quot; valign=&quot;top&quot;&gt;
				&lt;img height=&quot;266&quot; src=&quot;http://www.fusionexcel.com/imgnews/spn_singapore_chess_2.jpg&quot; width=&quot;354&quot; /&gt;&lt;/td&gt;
			&lt;td align=&quot;right&quot; valign=&quot;top&quot;&gt;
				&lt;img height=&quot;266&quot; src=&quot;http://www.fusionexcel.com/imgnews/spn_singapore_chess_3.jpg&quot; width=&quot;354&quot; /&gt;&lt;/td&gt;
		&lt;/tr&gt;
		&lt;tr&gt;
			&lt;td align=&quot;left&quot; height=&quot;10&quot;&gt;
				&lt;img height=&quot;266&quot; src=&quot;http://www.fusionexcel.com/imgnews/spn_singapore_chess_4.jpg&quot; width=&quot;354&quot; /&gt;&lt;/td&gt;
			&lt;td align=&quot;right&quot;&gt;
				&lt;img height=&quot;266&quot; src=&quot;http://www.fusionexcel.com/imgnews/spn_singapore_chess_5.jpg&quot; width=&quot;354&quot; /&gt;&lt;/td&gt;
		&lt;/tr&gt;
		&lt;tr&gt;
			&lt;td align=&quot;left&quot; height=&quot;10&quot;&gt;
				&amp;nbsp;&lt;/td&gt;
			&lt;td align=&quot;right&quot;&gt;
				&amp;nbsp;&lt;/td&gt;
		&lt;/tr&gt;
		&lt;tr&gt;
			&lt;td align=&quot;left&quot; height=&quot;10&quot;&gt;
				&lt;img height=&quot;266&quot; src=&quot;http://www.fusionexcel.com/imgnews/spn_singapore_chess_6.jpg&quot; width=&quot;354&quot; /&gt;&lt;/td&gt;
			&lt;td align=&quot;right&quot;&gt;
				&lt;img height=&quot;266&quot; src=&quot;http://www.fusionexcel.com/imgnews/spn_singapore_chess_7.jpg&quot; width=&quot;354&quot; /&gt;&lt;/td&gt;
		&lt;/tr&gt;
		&lt;tr&gt;
			&lt;td align=&quot;left&quot; height=&quot;10&quot;&gt;
				&lt;img height=&quot;266&quot; src=&quot;http://www.fusionexcel.com/imgnews/spn_singapore_chess_8.jpg&quot; width=&quot;354&quot; /&gt;&lt;/td&gt;
			&lt;td align=&quot;right&quot;&gt;
				&lt;img height=&quot;266&quot; src=&quot;http://www.fusionexcel.com/imgnews/spn_singapore_chess_9.jpg&quot; width=&quot;354&quot; /&gt;&lt;/td&gt;
		&lt;/tr&gt;
		&lt;tr&gt;
			&lt;td align=&quot;left&quot; height=&quot;10&quot;&gt;
				&lt;img height=&quot;266&quot; src=&quot;http://www.fusionexcel.com/imgnews/spn_singapore_chess_10.jpg&quot; width=&quot;354&quot; /&gt;&lt;/td&gt;
			&lt;td align=&quot;right&quot;&gt;
				&lt;img height=&quot;266&quot; src=&quot;http://www.fusionexcel.com/imgnews/spn_singapore_chess_11.jpg&quot; width=&quot;354&quot; /&gt;&lt;/td&gt;
		&lt;/tr&gt;
		&lt;tr&gt;
			&lt;td align=&quot;left&quot; height=&quot;10&quot;&gt;
				&lt;img height=&quot;266&quot; src=&quot;http://www.fusionexcel.com/imgnews/spn_singapore_chess_12.jpg&quot; width=&quot;354&quot; /&gt;&lt;/td&gt;
			&lt;td align=&quot;right&quot;&gt;
				&lt;img height=&quot;266&quot; src=&quot;http://www.fusionexcel.com/imgnews/spn_singapore_chess_13.jpg&quot; width=&quot;354&quot; /&gt;&lt;/td&gt;
		&lt;/tr&gt;
		&lt;tr&gt;
			&lt;td align=&quot;left&quot; height=&quot;10&quot;&gt;
				&lt;img height=&quot;266&quot; src=&quot;http://www.fusionexcel.com/imgnews/spn_singapore_chess_14.jpg&quot; width=&quot;354&quot; /&gt;&lt;/td&gt;
			&lt;td align=&quot;right&quot;&gt;
				&lt;img height=&quot;266&quot; src=&quot;http://www.fusionexcel.com/imgnews/spn_singapore_chess_15.jpg&quot; width=&quot;354&quot; /&gt;&lt;/td&gt;
		&lt;/tr&gt;
	&lt;/tbody&gt;
&lt;/table&gt;
&lt;p&gt;
	&amp;nbsp;&lt;/p&gt;
</content><meta><description>FusionExcel is proud to sponsor 50 Quantum Pendants as prizes to the 61st National Schools Individual Chess Championships 2009.</description><keyword>FusionExcel is proud to sponsor 50 Quantum Pendants as prizes to the 61st National Schools Individual Chess Championships 2009.</keyword><robots>all</robots><author>klhunter</author></meta></en><bm><title>FusionExcel Sponsors Singapore National Individual Chess Competition 2009! </title><content></content><meta><description>FusionExcel is proud to sponsor 50 Quantum Pendants as prizes to the 61st National Schools Individual Chess Championships 2009.</description><keyword>FusionExcel is proud to sponsor 50 Quantum Pendants as prizes to the 61st National Schools Individual Chess Championships 2009.</keyword><robots>all</robots><author>klhunter</author></meta></bm><chi><title>FusionExcel Sponsors Singapore National Individual Chess Competition 2009! </title><content></content><meta><description>FusionExcel is proud to sponsor 50 Quantum Pendants as prizes to the 61st National Schools Individual Chess Championships 2009.</description><keyword>FusionExcel is proud to sponsor 50 Quantum Pendants as prizes to the 61st National Schools Individual Chess Championships 2009.</keyword><robots>all</robots><author>klhunter</author></meta></chi></article>