<?xml version='1.0' encoding='utf-8'?><article><en><title>H.E President of the Philippines Gloria Macapagal Arroyo Proudly Wearing FE's QP on the Beach!</title><content>&lt;p&gt;
	The Philippine Star Newspaper headline photo showing H.E President Gloria Macapagal Arroyo proudly wearing FE&amp;#39;s Quantum Pendant while walking on the beach of Mindoro with government officials!&amp;nbsp;&lt;/p&gt;
&lt;br /&gt;
&lt;br /&gt;
&lt;table border=&quot;0&quot; cellpadding=&quot;0&quot; cellspacing=&quot;0&quot; class=&quot;content&quot; style=&quot;font-family: Verdana, Arial, Helvetica, sans-serif; font-size: 13px; color: rgb(0, 0, 0); text-align: justify; &quot; width=&quot;100%&quot;&gt;
	&lt;tbody&gt;
		&lt;tr&gt;
			&lt;td align=&quot;center&quot; height=&quot;10&quot; width=&quot;718&quot;&gt;
				&lt;img height=&quot;406&quot; src=&quot;http://www.fusionexcel.com/imgnews/news_he_president_philippines.jpg&quot; width=&quot;354&quot; /&gt;&lt;/td&gt;
		&lt;/tr&gt;
	&lt;/tbody&gt;
&lt;/table&gt;
&lt;p&gt;
	&amp;nbsp;&lt;/p&gt;
</content><meta><description>The Philippine Star Newspaper headline photo showing H.E President Gloria Macapagal Arroyo proudly wearing FE's Quantum Pendant while walking on the beach of Mindoro with government officials!</description><keyword>H.E President of the Philippines Gloria Macapagal Arroyo Proudly Wearing FE's QP on the Beach!</keyword><robots>all</robots><author>klhunter</author></meta></en><bm><title>H.E President of the Philippines Gloria Macapagal Arroyo Proudly Wearing FE's QP on the Beach!</title><content></content><meta><description>The Philippine Star Newspaper headline photo showing H.E President Gloria Macapagal Arroyo proudly wearing FE's Quantum Pendant while walking on the beach of Mindoro with government officials!</description><keyword>H.E President of the Philippines Gloria Macapagal Arroyo Proudly Wearing FE's QP on the Beach!</keyword><robots>all</robots><author>klhunter</author></meta></bm><chi><title>H.E President of the Philippines Gloria Macapagal Arroyo Proudly Wearing FE's QP on the Beach!</title><content></content><meta><description>The Philippine Star Newspaper headline photo showing H.E President Gloria Macapagal Arroyo proudly wearing FE's Quantum Pendant while walking on the beach of Mindoro with government officials!</description><keyword>H.E President of the Philippines Gloria Macapagal Arroyo Proudly Wearing FE's QP on the Beach!</keyword><robots>all</robots><author>klhunter</author></meta></chi></article>