<?xml version='1.0' encoding='utf-8'?><article><en><title>FusionExcel Achievers Recognition Dinner, Malaysia, MAEPS MARDI Serdang, 11th April 2009. </title><content>&lt;p&gt;
	&lt;img height=&quot;503&quot; src=&quot;http://www.fusionexcel.com/imgnews/upnews_malaysia_serdang_1.jpg&quot; width=&quot;656&quot; /&gt;&lt;br /&gt;
	&lt;br /&gt;
	&lt;a href=&quot;http://www.fusionexcel.com/upnews_maeps_map.html&quot; target=&quot;_blank&quot;&gt;Click Here For Map &amp;amp; Road Directions to MAEPS&lt;/a&gt;&lt;a href=&quot;http://www.maeps.com.my/v2/~visitor&quot; target=&quot;_blank&quot;&gt;Click Here for Information on MAEPS&lt;/a&gt;&lt;a href=&quot;http://www.fusionexcel.com/upnews_main.html&quot;&gt;&amp;lt;Back To Summary&amp;gt;&lt;/a&gt;&lt;/p&gt;
</content><meta><description>FusionExcel Achievers Recognition Dinner 11th April 2009.</description><keyword>FusionExcel Achievers Recognition Dinner, Malaysia, MAEPS MARDI Serdang, 11th April 2009. </keyword><robots>all</robots><author>klhunter</author></meta></en><bm><title>FusionExcel Achievers Recognition Dinner, Malaysia, MAEPS MARDI Serdang, 11th April 2009. </title><content></content><meta><description>FusionExcel Achievers Recognition Dinner 11th April 2009.</description><keyword>FusionExcel Achievers Recognition Dinner, Malaysia, MAEPS MARDI Serdang, 11th April 2009. </keyword><robots>all</robots><author>klhunter</author></meta></bm><chi><title>FusionExcel Achievers Recognition Dinner, Malaysia, MAEPS MARDI Serdang, 11th April 2009. </title><content></content><meta><description>FusionExcel Achievers Recognition Dinner 11th April 2009.</description><keyword>FusionExcel Achievers Recognition Dinner, Malaysia, MAEPS MARDI Serdang, 11th April 2009. </keyword><robots>all</robots><author>klhunter</author></meta></chi></article>