<?xml version='1.0' encoding='utf-8'?><article><en><title>FusionExcel Achievers Recognition Dinner Ho Chi Minh City, Vietnam, 18th April 2009</title><content>&lt;p&gt;
	&amp;nbsp;&lt;/p&gt;
&lt;br /&gt;
&lt;div&gt;
	&lt;table border=&quot;0&quot; cellpadding=&quot;0&quot; cellspacing=&quot;0&quot; style=&quot;color: rgb(0, 0, 0); font-family: 'Times New Roman'; background-color: rgb(238, 240, 252); font-size: medium; &quot; width=&quot;100%&quot;&gt;
		&lt;tbody&gt;
			&lt;tr&gt;
				&lt;td class=&quot;content&quot; style=&quot;font-family: Verdana, Arial, Helvetica, sans-serif; font-size: 13px; text-align: justify; &quot; valign=&quot;top&quot;&gt;
					&lt;table border=&quot;0&quot; cellpadding=&quot;0&quot; cellspacing=&quot;0&quot; width=&quot;100%&quot;&gt;
						&lt;tbody&gt;
							&lt;tr&gt;
								&lt;td align=&quot;center&quot; height=&quot;301&quot; valign=&quot;top&quot; width=&quot;718&quot;&gt;
									&lt;img height=&quot;354&quot; src=&quot;http://www.fusionexcel.com/imgnews/upnews_vietnam_ticket_apr.jpg&quot; width=&quot;700&quot; /&gt;&lt;/td&gt;
							&lt;/tr&gt;
							&lt;tr&gt;
							&lt;/tr&gt;
							&lt;tr&gt;
								&lt;td class=&quot;font_black&quot; valign=&quot;top&quot;&gt;
									&lt;a href=&quot;http://www.fusionexcel.com/upnews_main.html&quot;&gt;&amp;lt;Back To Summary&amp;gt;&lt;/a&gt;&lt;/td&gt;
							&lt;/tr&gt;
						&lt;/tbody&gt;
					&lt;/table&gt;
				&lt;/td&gt;
			&lt;/tr&gt;
		&lt;/tbody&gt;
	&lt;/table&gt;
&lt;/div&gt;
&lt;p&gt;
	&amp;nbsp;&lt;/p&gt;
</content><meta><description>FusionExcel Achievers Recognition Dinner Ho Chi Minh City, Vietnam, 18th April 2009</description><keyword>FusionExcel Achievers Recognition Dinner Ho Chi Minh City, Vietnam, 18th April 2009</keyword><robots>all</robots><author>klhunter</author></meta></en><bm><title>FusionExcel Achievers Recognition Dinner Ho Chi Minh City, Vietnam, 18th April 2009</title><content></content><meta><description>FusionExcel Achievers Recognition Dinner Ho Chi Minh City, Vietnam, 18th April 2009</description><keyword>FusionExcel Achievers Recognition Dinner Ho Chi Minh City, Vietnam, 18th April 2009</keyword><robots>all</robots><author>klhunter</author></meta></bm><chi><title>FusionExcel Achievers Recognition Dinner Ho Chi Minh City, Vietnam, 18th April 2009</title><content></content><meta><description>FusionExcel Achievers Recognition Dinner Ho Chi Minh City, Vietnam, 18th April 2009</description><keyword>FusionExcel Achievers Recognition Dinner Ho Chi Minh City, Vietnam, 18th April 2009</keyword><robots>all</robots><author>klhunter</author></meta></chi></article>