<?xml version='1.0' encoding='utf-8'?><article><en><title>Professional Network Marketing Course in Bahasa Language with Open University Malaysia Certificate at Empress Hotel Sepang, 25th &amp; 26th April 2009. </title><content>&lt;p&gt;
	&amp;nbsp;&lt;/p&gt;
&lt;br /&gt;
&lt;div&gt;
	&lt;img height=&quot;493&quot; src=&quot;http://www.fusionexcel.com/imgnews/news_professional_marketing_course_2009.jpg&quot; width=&quot;699&quot; /&gt;&lt;a href=&quot;http://www.empresshotelsepang.com/location.html&quot; target=&quot;_blank&quot;&gt;&amp;quot;Click Here for Empress Hotel Sepang Website &amp;amp; Location Map&amp;quot;&lt;/a&gt;&lt;/div&gt;
</content><meta><description>Professional Network Marketing Course in Bahasa Language with Open University Malaysia Certificate at Empress Hotel Sepang, 25th &amp;amp; 26th April 2009.</description><keyword>Professional Network Marketing Course in Bahasa Language with Open University Malaysia Certificate at Empress Hotel Sepang, 25th &amp;amp; 26th April 2009.</keyword><robots>all</robots><author>klhunter</author></meta></en><bm><title>Professional Network Marketing Course in Bahasa Language with Open University Malaysia Certificate at Empress Hotel Sepang, 25th &amp; 26th April 2009. </title><content></content><meta><description>Professional Network Marketing Course in Bahasa Language with Open University Malaysia Certificate at Empress Hotel Sepang, 25th &amp;amp; 26th April 2009.</description><keyword>Professional Network Marketing Course in Bahasa Language with Open University Malaysia Certificate at Empress Hotel Sepang, 25th &amp;amp; 26th April 2009.</keyword><robots>all</robots><author>klhunter</author></meta></bm><chi><title>Professional Network Marketing Course in Bahasa Language with Open University Malaysia Certificate at Empress Hotel Sepang, 25th &amp; 26th April 2009. </title><content></content><meta><description>Professional Network Marketing Course in Bahasa Language with Open University Malaysia Certificate at Empress Hotel Sepang, 25th &amp;amp; 26th April 2009.</description><keyword>Professional Network Marketing Course in Bahasa Language with Open University Malaysia Certificate at Empress Hotel Sepang, 25th &amp;amp; 26th April 2009.</keyword><robots>all</robots><author>klhunter</author></meta></chi></article>