<?xml version='1.0' encoding='utf-8'?><article><en><title>FE Supports Pertubuhan Hospice Seremban.</title><content>&lt;p&gt;
	&lt;strong&gt;REPORT FROM FE PRESIDENTIAL DIRECTOR KENNY YICK.&lt;/strong&gt;&lt;br /&gt;
	&lt;br /&gt;
	FE is proud to donate RM 3,000 and 10 Quantum Pendants to the Hospice Seremban Charity Golf Event at Seremban International Golf Club (SIGC) on 29th March 2009. Hospice Seremban is a non-governmental and non-religious organization rendering free services to alleviate the sufferings of terminally ill cancer patients. A team of dedicated doctors, nurses and lay volunteers volunteer their services. The Charity Golf Event was to raise funds to pay for the Hospice&amp;#39;s outstanding bills for a new building. It was a beautiful day for 120 golfers who participated. FE Leaders PD Kenny Yick, Pansy Yick and Samantha Wong were there to conduct the demonstration with FE&amp;#39;s Quantum Pendant.&lt;br /&gt;
	&lt;br /&gt;
	VIPs who attended the event were Dato&amp;#39; Peter Lai Yit Fee, Dato&amp;#39; Goh Siow Huat, Tan Sri Wong See Wah, Dato&amp;#39; Lim Hong Meow and Dato&amp;#39;Hon Mun Loong. The Captain of SIGC Hj. Mohd Yaacob Mohd Kassim also attended and is now a proud wearer of QP.&lt;br /&gt;
	&lt;br /&gt;
	The President of Hospice Seremban, Dr. Anthony Gilbert is thankful to FE for donating to the Hospice. FE&amp;#39;s Quantum Pendants were given out by the VIPs to golfers as Lucky Draws.&lt;br /&gt;
	&lt;br /&gt;
	THANK YOU FE! AHOO! AHOO! AHOO!!&lt;/p&gt;
&lt;br /&gt;
&lt;br /&gt;
&lt;table border=&quot;0&quot; cellpadding=&quot;0&quot; cellspacing=&quot;0&quot; width=&quot;100%&quot;&gt;
	&lt;tbody&gt;
		&lt;tr align=&quot;center&quot; valign=&quot;top&quot;&gt;
			&lt;td align=&quot;left&quot;&gt;
				&lt;img height=&quot;266&quot; src=&quot;http://www.fusionexcel.com/imgnews/char_pertubuhan_hospice_1.jpg&quot; width=&quot;354&quot; /&gt;&lt;/td&gt;
			&lt;td align=&quot;right&quot;&gt;
				&lt;img src=&quot;http://www.fusionexcel.com/imgnews/char_pertubuhan_hospice_2.jpg&quot; /&gt;&lt;/td&gt;
		&lt;/tr&gt;
		&lt;tr valign=&quot;top&quot;&gt;
			&lt;td align=&quot;left&quot;&gt;
				&lt;img height=&quot;266&quot; src=&quot;http://www.fusionexcel.com/imgnews/char_pertubuhan_hospice_3.jpg&quot; width=&quot;354&quot; /&gt;&lt;/td&gt;
			&lt;td align=&quot;right&quot;&gt;
				&lt;img height=&quot;266&quot; src=&quot;http://www.fusionexcel.com/imgnews/char_pertubuhan_hospice_4.jpg&quot; width=&quot;354&quot; /&gt;&lt;/td&gt;
		&lt;/tr&gt;
		&lt;tr valign=&quot;top&quot;&gt;
			&lt;td align=&quot;left&quot;&gt;
				&lt;img height=&quot;266&quot; src=&quot;http://www.fusionexcel.com/imgnews/char_pertubuhan_hospice_5.jpg&quot; width=&quot;354&quot; /&gt;&lt;/td&gt;
			&lt;td align=&quot;right&quot;&gt;
				&lt;img height=&quot;266&quot; src=&quot;http://www.fusionexcel.com/imgnews/char_pertubuhan_hospice_6.jpg&quot; width=&quot;354&quot; /&gt;&lt;/td&gt;
		&lt;/tr&gt;
		&lt;tr valign=&quot;top&quot;&gt;
			&lt;td align=&quot;left&quot;&gt;
				&lt;img height=&quot;266&quot; src=&quot;http://www.fusionexcel.com/imgnews/char_pertubuhan_hospice_7.jpg&quot; width=&quot;354&quot; /&gt;&lt;/td&gt;
			&lt;td align=&quot;right&quot;&gt;
				&lt;img height=&quot;266&quot; src=&quot;http://www.fusionexcel.com/imgnews/char_pertubuhan_hospice_8.jpg&quot; width=&quot;354&quot; /&gt;&lt;/td&gt;
		&lt;/tr&gt;
		&lt;tr valign=&quot;top&quot;&gt;
			&lt;td align=&quot;left&quot;&gt;
				&lt;img height=&quot;266&quot; src=&quot;http://www.fusionexcel.com/imgnews/char_pertubuhan_hospice_9.jpg&quot; width=&quot;354&quot; /&gt;&lt;/td&gt;
			&lt;td align=&quot;right&quot;&gt;
				&lt;img height=&quot;266&quot; src=&quot;http://www.fusionexcel.com/imgnews/char_pertubuhan_hospice_10.jpg&quot; width=&quot;354&quot; /&gt;&lt;/td&gt;
		&lt;/tr&gt;
		&lt;tr valign=&quot;top&quot;&gt;
			&lt;td align=&quot;left&quot;&gt;
				&lt;img height=&quot;266&quot; src=&quot;http://www.fusionexcel.com/imgnews/char_pertubuhan_hospice_11.jpg&quot; width=&quot;354&quot; /&gt;&lt;/td&gt;
			&lt;td align=&quot;right&quot;&gt;
				&lt;img height=&quot;266&quot; src=&quot;http://www.fusionexcel.com/imgnews/char_pertubuhan_hospice_12.jpg&quot; width=&quot;354&quot; /&gt;&lt;/td&gt;
		&lt;/tr&gt;
		&lt;tr valign=&quot;top&quot;&gt;
			&lt;td align=&quot;left&quot;&gt;
				&lt;img height=&quot;266&quot; src=&quot;http://www.fusionexcel.com/imgnews/char_pertubuhan_hospice_13.jpg&quot; width=&quot;354&quot; /&gt;&lt;/td&gt;
			&lt;td align=&quot;right&quot;&gt;
				&lt;img height=&quot;266&quot; src=&quot;http://www.fusionexcel.com/imgnews/char_pertubuhan_hospice_14.jpg&quot; width=&quot;354&quot; /&gt;&lt;/td&gt;
		&lt;/tr&gt;
	&lt;/tbody&gt;
&lt;/table&gt;
&lt;p&gt;
	&amp;nbsp;&lt;/p&gt;
</content><meta><description>29th March 2009, Pertubuhan Hospice Seremban, Seremban International Golf Club (SIGC), Kenny Yick, Pansy Yick, Samantha Wong, Dato Peter Lai Yit Fee, Dato Goh Siow Huat, Tan Sri Wong See Wah, Dato Lim Hong Meow, Dato Hon Mun Loong, Hj. Mohd Yaacob Mohd Kassim, Dr. Anthony Gilbert&quot; /&gt;

&lt;meta name=&quot;description&quot; content=&quot;FusionExcel donate RM 3,000 to Pertubuhan Hospice Seremban on 29th March 2009.</description><keyword>FusionExcel donate RM 3,000 to Pertubuhan Hospice Seremban on 29th March 2009.</keyword><robots>all</robots><author>klhunter</author></meta></en><bm><title>FE Supports Pertubuhan Hospice Seremban.</title><content></content><meta><description>29th March 2009, Pertubuhan Hospice Seremban, Seremban International Golf Club (SIGC), Kenny Yick, Pansy Yick, Samantha Wong, Dato Peter Lai Yit Fee, Dato Goh Siow Huat, Tan Sri Wong See Wah, Dato Lim Hong Meow, Dato Hon Mun Loong, Hj. Mohd Yaacob Mohd Kassim, Dr. Anthony Gilbert&quot; /&gt;

&lt;meta name=&quot;description&quot; content=&quot;FusionExcel donate RM 3,000 to Pertubuhan Hospice Seremban on 29th March 2009.</description><keyword>FusionExcel donate RM 3,000 to Pertubuhan Hospice Seremban on 29th March 2009.</keyword><robots>all</robots><author>klhunter</author></meta></bm><chi><title>FE Supports Pertubuhan Hospice Seremban.</title><content></content><meta><description>29th March 2009, Pertubuhan Hospice Seremban, Seremban International Golf Club (SIGC), Kenny Yick, Pansy Yick, Samantha Wong, Dato Peter Lai Yit Fee, Dato Goh Siow Huat, Tan Sri Wong See Wah, Dato Lim Hong Meow, Dato Hon Mun Loong, Hj. Mohd Yaacob Mohd Kassim, Dr. Anthony Gilbert&quot; /&gt;

&lt;meta name=&quot;description&quot; content=&quot;FusionExcel donate RM 3,000 to Pertubuhan Hospice Seremban on 29th March 2009.</description><keyword>FusionExcel donate RM 3,000 to Pertubuhan Hospice Seremban on 29th March 2009.</keyword><robots>all</robots><author>klhunter</author></meta></chi></article>