<?xml version='1.0' encoding='utf-8'?><article><en><title>SS Virgo 2 N Weekend Escape Cruise.</title><content>&lt;p&gt;
	&amp;nbsp;&lt;/p&gt;
&lt;table border=&quot;0&quot; cellpadding=&quot;0&quot; cellspacing=&quot;0&quot; style=&quot;color: rgb(0, 0, 0); font-family: 'Times New Roman'; background-color: rgb(238, 240, 252); font-size: medium; &quot; width=&quot;100%&quot;&gt;
	&lt;tbody&gt;
		&lt;tr&gt;
			&lt;td class=&quot;content&quot; style=&quot;font-family: Verdana, Arial, Helvetica, sans-serif; font-size: 13px; text-align: justify; &quot; valign=&quot;top&quot;&gt;
				&lt;table border=&quot;0&quot; cellpadding=&quot;0&quot; cellspacing=&quot;0&quot; width=&quot;100%&quot;&gt;
					&lt;tbody&gt;
						&lt;tr&gt;
							&lt;td class=&quot;content&quot; valign=&quot;top&quot;&gt;
								Congratulations to all Winners &amp;amp; Families of SS Virgo Cruise. Everybody had a great time!&lt;br /&gt;
								&amp;nbsp;&lt;/td&gt;
						&lt;/tr&gt;
						&lt;tr&gt;
							&lt;td class=&quot;content&quot; valign=&quot;top&quot;&gt;
								&lt;table border=&quot;0&quot; cellpadding=&quot;0&quot; cellspacing=&quot;0&quot; width=&quot;100%&quot;&gt;
									&lt;tbody&gt;
										&lt;tr align=&quot;center&quot; valign=&quot;top&quot;&gt;
											&lt;td colspan=&quot;2&quot;&gt;
												&lt;img height=&quot;394&quot; src=&quot;http://www.fusionexcel.com/imgnews/cruise01.jpg&quot; width=&quot;718&quot; /&gt;&lt;/td&gt;
										&lt;/tr&gt;
										&lt;tr valign=&quot;top&quot;&gt;
											&lt;td&gt;
												&lt;img height=&quot;264&quot; src=&quot;http://www.fusionexcel.com/imgnews/cruise02.jpg&quot; width=&quot;354&quot; /&gt;&lt;/td&gt;
											&lt;td align=&quot;right&quot;&gt;
												&lt;img height=&quot;264&quot; src=&quot;http://www.fusionexcel.com/imgnews/cruise03.jpg&quot; width=&quot;354&quot; /&gt;&lt;/td&gt;
										&lt;/tr&gt;
										&lt;tr valign=&quot;top&quot;&gt;
											&lt;td width=&quot;50%&quot;&gt;
												&lt;img height=&quot;264&quot; src=&quot;http://www.fusionexcel.com/imgnews/cruise04.jpg&quot; width=&quot;354&quot; /&gt;&lt;/td&gt;
											&lt;td align=&quot;right&quot;&gt;
												&lt;img height=&quot;264&quot; src=&quot;http://www.fusionexcel.com/imgnews/cruise05.jpg&quot; width=&quot;354&quot; /&gt;&lt;/td&gt;
										&lt;/tr&gt;
										&lt;tr valign=&quot;top&quot;&gt;
											&lt;td&gt;
												&lt;img height=&quot;264&quot; src=&quot;http://www.fusionexcel.com/imgnews/cruise06.jpg&quot; width=&quot;354&quot; /&gt;&lt;/td&gt;
											&lt;td align=&quot;right&quot;&gt;
												&lt;img height=&quot;264&quot; src=&quot;http://www.fusionexcel.com/imgnews/cruise07.jpg&quot; width=&quot;354&quot; /&gt;&lt;/td&gt;
										&lt;/tr&gt;
										&lt;tr valign=&quot;top&quot;&gt;
											&lt;td&gt;
												&lt;img height=&quot;264&quot; src=&quot;http://www.fusionexcel.com/imgnews/cruise08.jpg&quot; width=&quot;354&quot; /&gt;&lt;/td&gt;
											&lt;td align=&quot;right&quot;&gt;
												&lt;img height=&quot;264&quot; src=&quot;http://www.fusionexcel.com/imgnews/cruise09.jpg&quot; width=&quot;354&quot; /&gt;&lt;/td&gt;
										&lt;/tr&gt;
										&lt;tr valign=&quot;top&quot;&gt;
											&lt;td&gt;
												&lt;img height=&quot;264&quot; src=&quot;http://www.fusionexcel.com/imgnews/cruise10.jpg&quot; width=&quot;354&quot; /&gt;&lt;/td&gt;
											&lt;td align=&quot;right&quot;&gt;
												&lt;img height=&quot;264&quot; src=&quot;http://www.fusionexcel.com/imgnews/cruise11.jpg&quot; width=&quot;354&quot; /&gt;&lt;/td&gt;
										&lt;/tr&gt;
										&lt;tr valign=&quot;top&quot;&gt;
											&lt;td&gt;
												&lt;img height=&quot;264&quot; src=&quot;http://www.fusionexcel.com/imgnews/cruise12.jpg&quot; width=&quot;354&quot; /&gt;&lt;/td&gt;
											&lt;td align=&quot;right&quot;&gt;
												&lt;img height=&quot;264&quot; src=&quot;http://www.fusionexcel.com/imgnews/cruise13.jpg&quot; width=&quot;354&quot; /&gt;&lt;/td&gt;
										&lt;/tr&gt;
										&lt;tr valign=&quot;top&quot;&gt;
										&lt;/tr&gt;
									&lt;/tbody&gt;
								&lt;/table&gt;
							&lt;/td&gt;
						&lt;/tr&gt;
					&lt;/tbody&gt;
				&lt;/table&gt;
			&lt;/td&gt;
		&lt;/tr&gt;
	&lt;/tbody&gt;
&lt;/table&gt;
&lt;p&gt;
	&amp;nbsp;&lt;/p&gt;
&lt;p&gt;
	&amp;nbsp;&lt;/p&gt;
</content><meta><description>SS Virgo 2 N Weekend Escape Cruise</description><keyword>SS Virgo 2 N Weekend Escape Cruise</keyword><robots>all</robots><author>klhunter</author></meta></en><bm><title>SS Virgo 2 N Weekend Escape Cruise.</title><content></content><meta><description>SS Virgo 2 N Weekend Escape Cruise</description><keyword>SS Virgo 2 N Weekend Escape Cruise</keyword><robots>all</robots><author>klhunter</author></meta></bm><chi><title>SS Virgo 2 N Weekend Escape Cruise.</title><content></content><meta><description>SS Virgo 2 N Weekend Escape Cruise</description><keyword>SS Virgo 2 N Weekend Escape Cruise</keyword><robots>all</robots><author>klhunter</author></meta></chi></article>