<?xml version='1.0' encoding='utf-8'?><article><en><title>Watch This Video! </title><content>&lt;p&gt;
	Lest we forget Compassion...Take a few minutes to watch this video and think about the poor and the needy who need our help (which is what FE&amp;#39;s many charitable acts including &amp;quot;Christmas For Payatas&amp;quot;, &amp;quot;Hope For Children&amp;quot;, etc, is all about).This film is about the hunger and poverty brought about by globalization.. There are 25,000 people dying every day due to hunger and malnutrition. This short film shows a forgotten portion of society, the people who live on the refuse of men to survive. What is inspiring is the HOPE and the SPIRITUALITY that never left these people.&amp;nbsp;&lt;/p&gt;
&lt;br /&gt;
&lt;br /&gt;
&lt;table border=&quot;0&quot; cellpadding=&quot;0&quot; cellspacing=&quot;0&quot;&gt;
	&lt;tbody&gt;
		&lt;tr&gt;
			&lt;td align=&quot;center&quot; class=&quot;td&quot; valign=&quot;top&quot;&gt;
				&lt;img border=&quot;0&quot; height=&quot;0&quot; src=&quot;http://counters.gigya.com/wildfire/IMP/CXNID=2000002.0NXC/bT*xJmx*PTEyNDA*MDEwNDMzOTAmcHQ9MTI*MDQwMTA1MzIzNCZwPTI2ODg5MSZkPSZnPTEmdD*mbz1kNzhhYTI2ZjEyZGQ*YTUzOGFmNDE1MGE1NDYxYTk5MSZvZj*w.gif&quot; style=&quot;visibility: hidden; width: 0px; height: 0px; &quot; width=&quot;0&quot; /&gt;
				&lt;div style=&quot;width: 640px; &quot;&gt;
					&lt;embed align=&quot;middle&quot; allowfullscreen=&quot;true&quot; allowscriptaccess=&quot;always&quot; flashvars=&quot;video=http://cdn.cultureunplugged.com/lg/CHICKEN_ALA_CARTE.flv&amp;amp;m=1081&amp;amp;u=0&amp;amp;thumb=http://cdn.cultureunplugged.com/thumbnails/lg/1081.jpg&amp;amp;sURL=http://www.cultureunplugged.com&amp;amp;title=Chicken a la Carte&amp;amp;from=Ferdinand Dimadura&quot; height=&quot;480&quot; name=&quot;cultureUnpluggedPlayer&quot; pluginspage=&quot;http://www.macromedia.com/go/getflashplayer&quot; quality=&quot;high&quot; salign=&quot;b&quot; src=&quot;http://www.cultureunplugged.com/swf/embedplayer.swf&quot; type=&quot;application/x-shockwave-flash&quot; width=&quot;640&quot;&gt;&lt;/embed&gt;
					&lt;div style=&quot;margin-top: 5px; &quot;&gt;
						&lt;a href=&quot;http://www.cultureunplugged.com/play/1081/Chicken-a%20la%20Carte&quot; target=&quot;_blank&quot;&gt;View This Movie at cultureunplugged.com&lt;/a&gt;&lt;/div&gt;
				&lt;/div&gt;
			&lt;/td&gt;
		&lt;/tr&gt;
	&lt;/tbody&gt;
&lt;/table&gt;
&lt;p&gt;
	&amp;nbsp;&lt;/p&gt;
</content><meta><description>Watch this video and help whoever needs our help.</description><keyword>Hunger, Christmas For Payatas, Hope For Children</keyword><robots>all</robots><author>klhunter</author></meta></en><bm><title>Watch This Video! </title><content></content><meta><description>Watch this video and help whoever needs our help.</description><keyword>Hunger, Christmas For Payatas, Hope For Children</keyword><robots>all</robots><author>klhunter</author></meta></bm><chi><title>Watch This Video! </title><content></content><meta><description>Watch this video and help whoever needs our help.</description><keyword>Hunger, Christmas For Payatas, Hope For Children</keyword><robots>all</robots><author>klhunter</author></meta></chi></article>