<?xml version='1.0' encoding='utf-8'?><article><en><title>Watch Video! FusionExcel Tt Total Health Expo Toronto, Canada, 17th - 19th April 2009. </title><content>&lt;p&gt;
	&lt;strong&gt;VIDEO SUBMITTED BY FE CANADIAN COUNTRY LICENSEE ZACH.&lt;/strong&gt;&lt;br /&gt;
	&lt;br /&gt;
	&lt;a href=&quot;http://www.youtube.com/watch?v=BZjrsUVZRFI&quot; target=&quot;_blank&quot;&gt;&lt;img border=&quot;0&quot; height=&quot;266&quot; src=&quot;http://www.fusionexcel.com/imgnews/news_healthexpo_canada.jpg&quot; width=&quot;354&quot; /&gt;&lt;/a&gt;&lt;/p&gt;
</content><meta><description>VIDEO SUBMITTED BY FE CANADIAN COUNTRY LICENSEE ZACH.</description><keyword></keyword><robots>all</robots><author>klhunter</author></meta></en><bm><title>Watch Video! FusionExcel Tt Total Health Expo Toronto, Canada, 17th - 19th April 2009. </title><content></content><meta><description>VIDEO SUBMITTED BY FE CANADIAN COUNTRY LICENSEE ZACH.</description><keyword></keyword><robots>all</robots><author>klhunter</author></meta></bm><chi><title>Watch Video! FusionExcel Tt Total Health Expo Toronto, Canada, 17th - 19th April 2009. </title><content></content><meta><description>VIDEO SUBMITTED BY FE CANADIAN COUNTRY LICENSEE ZACH.</description><keyword></keyword><robots>all</robots><author>klhunter</author></meta></chi></article>