<?xml version='1.0' encoding='utf-8'?><article><en><title>FE's Dr Amir Farid in Brunei! </title><content>&lt;p&gt;
	&amp;nbsp;&lt;/p&gt;
&lt;br /&gt;
&lt;div&gt;
	&lt;img height=&quot;1303&quot; src=&quot;http://www.fusionexcel.com/imgnews/news_dramir_brunei_1.jpg&quot; width=&quot;700&quot; /&gt;&lt;/div&gt;
</content><meta><description>FE's Dr Amir Farid in Brunei!</description><keyword>FE's Dr Amir Farid in Brunei!</keyword><robots>all</robots><author>klhunter</author></meta></en><bm><title>FE's Dr Amir Farid in Brunei! </title><content></content><meta><description>FE's Dr Amir Farid in Brunei!</description><keyword>FE's Dr Amir Farid in Brunei!</keyword><robots>all</robots><author>klhunter</author></meta></bm><chi><title>FE's Dr Amir Farid in Brunei! </title><content></content><meta><description>FE's Dr Amir Farid in Brunei!</description><keyword>FE's Dr Amir Farid in Brunei!</keyword><robots>all</robots><author>klhunter</author></meta></chi></article>