<?xml version='1.0' encoding='utf-8'?><article><en><title>FusionExcel Donates RP 53,800,000 (RM 17,000) to Rotary International Indonesia's &quot;Gift Of Life&quot;  02nd May 2009.</title><content>&lt;p&gt;
	At FE&amp;#39;s Achiever&amp;#39;s Recognition Dinner held recently at Hotel Millennium Jakarta, on 02nd May 2009, FE was proud to donate RP 53,800,000 (RM 17,000) to Rotary International Indonesia&amp;#39;s &amp;quot;Gift Of Life&amp;quot; Project. The donation is to pay for a heart operation for a child to enable it to live a normal life. Rotary International Indonesia was represented by it&amp;#39;s former District Governor Natalie Soebagjo. Witnessing the donation was heart surgeon Dr Jusuf Rachmat from Hospital Dr Cipto Mangunkusuma who will be performing the operation on the child. Dr Jusuf is one of a small handful of heart surgeons who specializes in heart surgery for young children and babies.&amp;nbsp;&lt;br /&gt;
	&lt;br /&gt;
	&lt;img height=&quot;298&quot; src=&quot;http://www.fusionexcel.com/imgnews/char_rotary_indonesia_1.jpg&quot; width=&quot;448&quot; /&gt;&lt;img height=&quot;235&quot; src=&quot;http://www.fusionexcel.com/imgnews/char_rotary_indonesia_2.jpg&quot; width=&quot;354&quot; /&gt;&lt;img height=&quot;235&quot; src=&quot;http://www.fusionexcel.com/imgnews/char_rotary_indonesia_3.jpg&quot; width=&quot;354&quot; /&gt;&lt;img height=&quot;235&quot; src=&quot;http://www.fusionexcel.com/imgnews/char_rotary_indonesia_4.jpg&quot; width=&quot;354&quot; /&gt;&lt;img height=&quot;235&quot; src=&quot;http://www.fusionexcel.com/imgnews/char_rotary_indonesia_5.jpg&quot; width=&quot;354&quot; /&gt;&lt;/p&gt;
</content><meta><description></description><keyword></keyword><robots>all</robots><author>klhunter</author></meta></en><bm><title>FusionExcel Donates RP 53,800,000 (RM 17,000) to Rotary International Indonesia's &quot;Gift Of Life&quot;  02nd May 2009.</title><content></content><meta><description></description><keyword></keyword><robots>all</robots><author>klhunter</author></meta></bm><chi><title>FusionExcel Donates RP 53,800,000 (RM 17,000) to Rotary International Indonesia's &quot;Gift Of Life&quot;  02nd May 2009.</title><content></content><meta><description></description><keyword></keyword><robots>all</robots><author>klhunter</author></meta></chi></article>