<?xml version="1.0" encoding="utf-8"?>
<article><en><title>FE Achievers Recognition Dinner, Saturday 20th October 2007.</title><content>&lt;table border="0" cellpadding="0" cellspacing="0" style="color: rgb(0, 0, 0); font-family: 'Times New Roman'; background-color: rgb(238, 240, 252); font-size: medium; " width="100%"&gt;
	&lt;tbody&gt;
		&lt;tr&gt;
			&lt;td align="center" valign="top"&gt;
				&lt;img height="318" src="http://www.fusionexcel.com/imgnews/Achiever-Nite.20102007s.jpg" width="718" /&gt;&lt;/td&gt;
		&lt;/tr&gt;
	&lt;/tbody&gt;
&lt;/table&gt;
</content><meta><description>FE Achievers Recognition Dinner, Saturday 20th October 2007</description><keyword>FusionExcel International</keyword><robots>all</robots><author>klhunter</author></meta></en><bm><title>Achievers Recognition Dinner, Manila, 09th May 2009 (2)</title><content></content><meta><description>FE's Achievers Recognition Dinner at Gloria Maris Restaurant, Greenhills, Manila, was a GREAT SUCCESS, with many dedicated FE Leaders, Members, VIPs and invited guests. It was a power packed event, full of energy, with lots of activities on the stage.</description><keyword>FusionExcel International</keyword><robots>all</robots><author>klhunter</author></meta></bm><chi><title>Achievers Recognition Dinner, Manila, 09th May 2009 (2)</title><content></content><meta><description>FE's Achievers Recognition Dinner at Gloria Maris Restaurant, Greenhills, Manila, was a GREAT SUCCESS, with many dedicated FE Leaders, Members, VIPs and invited guests. It was a power packed event, full of energy, with lots of activities on the stage.</description><keyword>FusionExcel International</keyword><robots>all</robots><author>klhunter</author></meta></chi></article>
