<?xml version='1.0' encoding='utf-8'?><article><en><title>FE's Philippines Country Licensee Jeremy Looi Donates Pesos 250,000 to Lighthouse Centre  for Children, Philippines! </title><content>&lt;p&gt;
	Mock Cheque personal donation of Pesos 250,000 by FE Country Licensee Jeremy Looi to Lighthouse Centre For Children. Accepting the cheque on behalf was Lydia Veneracion, wife of Judge Lorenzo Veneracion. Witnessing the donation at FE&amp;#39;s Achievers Recognition Dinner at Gloria Maris Restaurant on 9th May 2009 was FE Founder CEO Paul Ting , FE Spokesmen Samboy Lim and Allan Caidic, FE Presidential Director Pastor Arthur Medina, Mrs. Christabel Looi and Atty Cesar Veneracion, son of Judge Lorenzo.&lt;br /&gt;
	&lt;br /&gt;
	FE is very proud that FE&amp;#39;s culture of social entrepreneurship of helping the poor and needy is taking root with our successful leaders. Jeremy, we applaud you for your generosity. You are a true SOCIAL ENTREPRENEUR!&lt;/p&gt;
&lt;br /&gt;
&lt;br /&gt;
&lt;table border=&quot;0&quot; cellpadding=&quot;0&quot; cellspacing=&quot;0&quot; width=&quot;100%&quot;&gt;
	&lt;tbody&gt;
		&lt;tr align=&quot;center&quot; valign=&quot;top&quot;&gt;
			&lt;td align=&quot;center&quot;&gt;
				&lt;img height=&quot;336&quot; src=&quot;http://www.fusionexcel.com/imgnews/char_philippines_cl_jeremy_1.jpg&quot; width=&quot;448&quot; /&gt;&lt;/td&gt;
		&lt;/tr&gt;
		&lt;tr valign=&quot;top&quot;&gt;
			&lt;td align=&quot;center&quot;&gt;
				&lt;img height=&quot;336&quot; src=&quot;http://www.fusionexcel.com/imgnews/char_philippines_cl_jeremy_2.jpg&quot; width=&quot;448&quot; /&gt;&lt;/td&gt;
		&lt;/tr&gt;
	&lt;/tbody&gt;
&lt;/table&gt;
&lt;p&gt;
	&amp;nbsp;&lt;/p&gt;
</content><meta><description>Jeremy Looi donates Pesos 250,000 to Lighthouse Centre for Children at Gloria Maris Restaurant on 09th May 2009.</description><keyword>Jeremy Looi, Lighthouse Centre For Children, Lydia Veneracion,  Gloria Maris Restaurant, 09th May 2009, Samboy Lim, Allan Caidic, Mrs. Christabel Looi, Atty Cesar Veneracion</keyword><robots>all</robots><author>klhunter</author></meta></en><bm><title>FE's Philippines Country Licensee Jeremy Looi Donates Pesos 250,000 to Lighthouse Centre  for Children, Philippines! </title><content></content><meta><description>Jeremy Looi donates Pesos 250,000 to Lighthouse Centre for Children at Gloria Maris Restaurant on 09th May 2009.</description><keyword>Jeremy Looi, Lighthouse Centre For Children, Lydia Veneracion,  Gloria Maris Restaurant, 09th May 2009, Samboy Lim, Allan Caidic, Mrs. Christabel Looi, Atty Cesar Veneracion</keyword><robots>all</robots><author>klhunter</author></meta></bm><chi><title>FE's Philippines Country Licensee Jeremy Looi Donates Pesos 250,000 to Lighthouse Centre  for Children, Philippines! </title><content></content><meta><description>Jeremy Looi donates Pesos 250,000 to Lighthouse Centre for Children at Gloria Maris Restaurant on 09th May 2009.</description><keyword>Jeremy Looi, Lighthouse Centre For Children, Lydia Veneracion,  Gloria Maris Restaurant, 09th May 2009, Samboy Lim, Allan Caidic, Mrs. Christabel Looi, Atty Cesar Veneracion</keyword><robots>all</robots><author>klhunter</author></meta></chi></article>