<?xml version='1.0' encoding='utf-8'?><article><en><title>FusionExcel Sponsors Miss Pahang Tourism Queen 2009! </title><content>&lt;p&gt;
	&amp;nbsp;&lt;/p&gt;
&lt;table border=&quot;0&quot; cellpadding=&quot;0&quot; cellspacing=&quot;0&quot; style=&quot;color: rgb(0, 0, 0); font-family: 'Times New Roman'; background-color: rgb(238, 240, 252); font-size: medium; &quot; width=&quot;100%&quot;&gt;
	&lt;tbody&gt;
		&lt;tr&gt;
			&lt;td class=&quot;content&quot; style=&quot;font-family: Verdana, Arial, Helvetica, sans-serif; font-size: 13px; text-align: justify; &quot;&gt;
				&lt;strong&gt;REPORT SUBMITTED BY FUSIONEXCEL EXECUTIVE DIRECTOR GARY GAN.&lt;/strong&gt;&lt;br /&gt;
				&lt;br /&gt;
				The first press conference and a special seminar for the Miss Pahang Tourism Queen 2009 were held on the 03rd May 2009 at the M.S. Garden Hotel in Kuantan, Pahang.&amp;nbsp;&lt;br /&gt;
				&lt;br /&gt;
				FusionExcel is one of the co-sponsors of the event and we were invited to give a presentation on our fantastic Quantum Pendant and other FusionExcel products to the beauty pageants and other guests. Both the beauty pageants &amp;amp; the guests were excited about the products, which were demonstrated by FusionExcel Spokesman &amp;amp; Bodybuilding Champion Mr. Wong Hong and Executive Director Gary Gan.&lt;br /&gt;
				&lt;br /&gt;
				The event drew a lot of good responses as many of the pageants and guests were very interested on the fantastic business opportunity that FusionExcel has to offer.&amp;nbsp;&lt;br /&gt;
				&lt;br /&gt;
				The finals of the Miss Pahang Tourism Queen 2009 will be held on the 24th May 2009 in M.S. Garden Hotel where the winner of the event will be chosen.&amp;nbsp;&lt;br /&gt;
				&lt;br /&gt;
				Attached is newspaper article that appeared in China Press following by the press conference.&amp;nbsp;&lt;br /&gt;
				&amp;nbsp;&lt;/td&gt;
		&lt;/tr&gt;
		&lt;tr&gt;
			&lt;td&gt;
				&lt;table border=&quot;0&quot; cellpadding=&quot;0&quot; cellspacing=&quot;0&quot; class=&quot;content&quot; style=&quot;font-family: Verdana, Arial, Helvetica, sans-serif; font-size: 13px; text-align: justify; &quot; width=&quot;100%&quot;&gt;
					&lt;tbody&gt;
						&lt;tr&gt;
							&lt;td align=&quot;left&quot; height=&quot;224&quot; valign=&quot;top&quot;&gt;
								&lt;img height=&quot;266&quot; src=&quot;http://www.fusionexcel.com/imgnews/sponsor_miss_pahang_tourism_1.jpg&quot; width=&quot;354&quot; /&gt;&lt;/td&gt;
							&lt;td align=&quot;right&quot; valign=&quot;top&quot;&gt;
								&lt;img height=&quot;266&quot; src=&quot;http://www.fusionexcel.com/imgnews/sponsor_miss_pahang_tourism_2.jpg&quot; width=&quot;354&quot; /&gt;&lt;/td&gt;
						&lt;/tr&gt;
						&lt;tr&gt;
							&lt;td align=&quot;left&quot; height=&quot;10&quot;&gt;
								&lt;img height=&quot;266&quot; src=&quot;http://www.fusionexcel.com/imgnews/sponsor_miss_pahang_tourism_3.jpg&quot; width=&quot;354&quot; /&gt;&lt;/td&gt;
							&lt;td align=&quot;right&quot;&gt;
								&lt;img height=&quot;266&quot; src=&quot;http://www.fusionexcel.com/imgnews/sponsor_miss_pahang_tourism_4.jpg&quot; width=&quot;354&quot; /&gt;&lt;/td&gt;
						&lt;/tr&gt;
						&lt;tr&gt;
							&lt;td align=&quot;left&quot; height=&quot;10&quot;&gt;
								&lt;img height=&quot;266&quot; src=&quot;http://www.fusionexcel.com/imgnews/sponsor_miss_pahang_tourism_5.jpg&quot; width=&quot;354&quot; /&gt;&lt;/td&gt;
							&lt;td align=&quot;right&quot;&gt;
								&lt;img height=&quot;266&quot; src=&quot;http://www.fusionexcel.com/imgnews/sponsor_miss_pahang_tourism_6.jpg&quot; width=&quot;354&quot; /&gt;&lt;/td&gt;
						&lt;/tr&gt;
						&lt;tr&gt;
							&lt;td align=&quot;left&quot; height=&quot;10&quot;&gt;
								&lt;img height=&quot;266&quot; src=&quot;http://www.fusionexcel.com/imgnews/sponsor_miss_pahang_tourism_7.jpg&quot; width=&quot;354&quot; /&gt;&lt;/td&gt;
							&lt;td align=&quot;right&quot;&gt;
								&lt;img height=&quot;266&quot; src=&quot;http://www.fusionexcel.com/imgnews/sponsor_miss_pahang_tourism_8.jpg&quot; width=&quot;354&quot; /&gt;&lt;/td&gt;
						&lt;/tr&gt;
						&lt;tr&gt;
							&lt;td align=&quot;left&quot; height=&quot;10&quot;&gt;
								&lt;img height=&quot;266&quot; src=&quot;http://www.fusionexcel.com/imgnews/sponsor_miss_pahang_tourism_9.jpg&quot; width=&quot;354&quot; /&gt;&lt;/td&gt;
							&lt;td align=&quot;right&quot;&gt;
								&lt;img height=&quot;266&quot; src=&quot;http://www.fusionexcel.com/imgnews/sponsor_miss_pahang_tourism_10.jpg&quot; width=&quot;354&quot; /&gt;&lt;/td&gt;
						&lt;/tr&gt;
						&lt;tr&gt;
							&lt;td align=&quot;center&quot; height=&quot;10&quot;&gt;
								&lt;img height=&quot;309&quot; src=&quot;http://www.fusionexcel.com/imgnews/sponsor_miss_pahang_tourism_11.jpg&quot; width=&quot;232&quot; /&gt;&lt;/td&gt;
							&lt;td align=&quot;center&quot;&gt;
								&lt;img height=&quot;309&quot; src=&quot;http://www.fusionexcel.com/imgnews/sponsor_miss_pahang_tourism_12.jpg&quot; width=&quot;232&quot; /&gt;&lt;/td&gt;
						&lt;/tr&gt;
						&lt;tr&gt;
							&lt;td align=&quot;center&quot; colspan=&quot;2&quot; height=&quot;10&quot;&gt;
								&lt;img height=&quot;1348&quot; src=&quot;http://www.fusionexcel.com/imgnews/sponsor_miss_pahang_tourism_13.jpg&quot; width=&quot;700&quot; /&gt;&lt;/td&gt;
						&lt;/tr&gt;
					&lt;/tbody&gt;
				&lt;/table&gt;
			&lt;/td&gt;
		&lt;/tr&gt;
	&lt;/tbody&gt;
&lt;/table&gt;
&lt;p&gt;
	&amp;nbsp;&lt;/p&gt;
</content><meta><description>The first press conference and a special seminar for the Miss Pahang Tourism Queen 2009 were held on the 03rd May 2009.</description><keyword>FusionExcel, Miss Pahang Tourism Queen 2009, Report Submitted by FE Executive Director Gary Gan, FusionExcel Spokesman &amp; Bodybuilding Champion, Mr. Wong Hong, Executive Director Gary Gan.</keyword><robots>all</robots><author>klhunter</author></meta></en><bm><title>FusionExcel Sponsors Miss Pahang Tourism Queen 2009! </title><content></content><meta><description>The first press conference and a special seminar for the Miss Pahang Tourism Queen 2009 were held on the 03rd May 2009.</description><keyword>FusionExcel, Miss Pahang Tourism Queen 2009, Report Submitted by FE Executive Director Gary Gan, FusionExcel Spokesman &amp; Bodybuilding Champion, Mr. Wong Hong, Executive Director Gary Gan.</keyword><robots>all</robots><author>klhunter</author></meta></bm><chi><title>FusionExcel Sponsors Miss Pahang Tourism Queen 2009! </title><content></content><meta><description>The first press conference and a special seminar for the Miss Pahang Tourism Queen 2009 were held on the 03rd May 2009.</description><keyword>FusionExcel, Miss Pahang Tourism Queen 2009, Report Submitted by FE Executive Director Gary Gan, FusionExcel Spokesman &amp; Bodybuilding Champion, Mr. Wong Hong, Executive Director Gary Gan.</keyword><robots>all</robots><author>klhunter</author></meta></chi></article>